Starting Dynare (version 7.0).
Calling Dynare with arguments: noclearall
Starting preprocessing of the model file ... 
WARNING: Parameter(s) meas_dy meas_r meas_di  not used in the model 
Found 28 equation(s). 
Evaluating expressions... 
Computing static model derivatives (order 1). 
Normalizing the static model... 
Finding the optimal block decomposition of the static model... 
10 block(s) found: 
  9 recursive block(s) and 1 simultaneous block(s). 
  the largest simultaneous block has 11 equation(s) 
                                 and 11 feedback variable(s). 
Computing dynamic model derivatives (order 2). 
Normalizing the dynamic model... 
Finding the optimal block decomposition of the dynamic model... 
3 block(s) found: 
  2 recursive block(s) and 1 simultaneous block(s). 
  the largest simultaneous block has 11 equation(s) 
                                 and 10 feedback variable(s). 
Preprocessing completed. 
Preprocessing time: 0h00m00s.

STEADY-STATE RESULTS:

gy             		 1.00414
irate_pai_diff 		 1.01011
girate         		 1
gpai           		 1
y              		 0.486335
h              		 0.382455
la             		 13.0469
w              		 0.794758
mu             		 1.2
paitilde       		 0
irate          		 0.0101144
pai            		 0
yback          		 0.486335
zm2back        		 0
paitildeback   		 0
paiback        		 0
irateback      		 0.0101144
xi             		 0
theta          		 0.4055
z              		 0
g              		 0.004131
zm             		 0
zm2            		 0
gm             		 0
obs_dy         		 0
obs_r          		 0
obs_di         		 0
obs_dpi        		 0


Residuals of the static equations:
Equation number  1: la             :       0.000000
Equation number  2: w              :       0.000000
Equation number  3: 3              :       0.000000
Equation number  4: y              :       0.000000
Equation number  5: 5              :       0.000000
Equation number  6: 6              :       0.000000
Equation number  7: 7              :       0.000000
Equation number  8: gpai           :       0.000000
Equation number  9: girate         :       0.000000
Equation number 10: gy             :       0.000000
Equation number 11: xi             :       0.000000
Equation number 12: theta          :       0.000000
Equation number 13: g              :       0.000000
Equation number 14: z              :       0.000000
Equation number 15: gm             :       0.000000
Equation number 16: zm             :       0.000000
Equation number 17: paiback        :       0.000000
Equation number 18: irateback      :       0.000000
Equation number 19: yback          :       0.000000
Equation number 20: 20             :       0.000000
Equation number 21: paitildeback   :       0.000000
Equation number 22: irate_pai_diff :       0.000000
Equation number 23: zm2            :       0.000000
Equation number 24: zm2back        :       0.000000
Equation number 25: obs_dy         :       0.000000
Equation number 26: obs_r          :       0.000000
Equation number 27: obs_di         :       0.000000
Equation number 28: obs_dpi        :       0.000000



EIGENVALUES:
         Modulus             Real        Imaginary
       1.082e-17       -1.082e-17                0
       6.229e-16        6.229e-16                0
           0.221            0.221                0
          0.2893           0.2783          0.07892
          0.2893           0.2783         -0.07892
           0.306            0.306                0
             0.7              0.7                0
           0.708            0.708                0
          0.7549           0.7549                0
           0.915            0.915                0
           0.999            0.999                0
           1.303            1.264           0.3134
           1.303            1.264          -0.3134
       1.703e+17        1.703e+17                0
       2.177e+20       -2.177e+20                0

There are 4 eigenvalue(s) larger than 1 in modulus for 4 forward-looking variable(s).
The order and rank conditions are verified.



You did not declare endogenous variables after the estimation/calib_smoother command.
[Warning: Your prior allows for negative standard deviations for measurement error. Due to working with variances, Dynare
will be able to continue, but it is recommended to change your prior!] 
[> In <a href="matlab:matlab.internal.language.introspective.errorDocCallback('check_prior_stderr_corr_skew', 'C:\dynare\7.0\matlab\utilities\estimation\check_prior_stderr_corr_skew.m', 45)" style="font-weight:bold">check_prior_stderr_corr_skew</a> (<a href="matlab: opentoline('C:\dynare\7.0\matlab\utilities\estimation\check_prior_stderr_corr_skew.m',45,0)">line 45</a>)
In <a href="matlab:matlab.internal.language.introspective.errorDocCallback('initial_estimation_checks', 'C:\dynare\7.0\matlab\estimation\initial_estimation_checks.m', 190)" style="font-weight:bold">initial_estimation_checks</a> (<a href="matlab: opentoline('C:\dynare\7.0\matlab\estimation\initial_estimation_checks.m',190,0)">line 190</a>)
In <a href="matlab:matlab.internal.language.introspective.errorDocCallback('dynare_estimation_1', 'C:\dynare\7.0\matlab\estimation\dynare_estimation_1.m', 164)" style="font-weight:bold">dynare_estimation_1</a> (<a href="matlab: opentoline('C:\dynare\7.0\matlab\estimation\dynare_estimation_1.m',164,0)">line 164</a>)
In <a href="matlab:matlab.internal.language.introspective.errorDocCallback('dynare_estimation', 'C:\dynare\7.0\matlab\estimation\dynare_estimation.m', 105)" style="font-weight:bold">dynare_estimation</a> (<a href="matlab: opentoline('C:\dynare\7.0\matlab\estimation\dynare_estimation.m',105,0)">line 105</a>)
In <a href="matlab:matlab.internal.language.introspective.errorDocCallback('uribe_B_24_mode5.driver', 'C:\Users\Pc\Desktop\uribe_tp3_point1_reproducible_v3\uribe_tp3_point1_reproducible\code\dynare\+uribe_B_24_mode5\driver.m', 1117)" style="font-weight:bold">uribe_B_24_mode5.driver</a> (<a href="matlab: opentoline('C:\Users\Pc\Desktop\uribe_tp3_point1_reproducible_v3\uribe_tp3_point1_reproducible\code\dynare\+uribe_B_24_mode5\driver.m',1117,0)">line 1117</a>)
In <a href="matlab:matlab.internal.language.introspective.errorDocCallback('dynare', 'C:\dynare\7.0\matlab\dynare.m', 300)" style="font-weight:bold">dynare</a> (<a href="matlab: opentoline('C:\dynare\7.0\matlab\dynare.m',300,0)">line 300</a>)
In <a href="matlab:matlab.internal.language.introspective.errorDocCallback('run_uribe_B_estimation_24', 'C:\Users\Pc\Desktop\uribe_tp3_point1_reproducible_v3\uribe_tp3_point1_reproducible\code\matlab\run_uribe_B_estimation_24.m', 11)" style="font-weight:bold">run_uribe_B_estimation_24</a> (<a href="matlab: opentoline('C:\Users\Pc\Desktop\uribe_tp3_point1_reproducible_v3\uribe_tp3_point1_reproducible\code\matlab\run_uribe_B_estimation_24.m',11,0)">line 11</a>)] 
Initial value of the log posterior (or likelihood): -303.8276
Gradient norm  130.5791
Minimum Hessian eigenvalue 8.081e-09
Maximum Hessian eigenvalue 239141.1687
 
Iteration 1
Correct for low angle: 9.53246e-06
Predicted improvement:    12895.755477426
lambda =          1; f =    559396549.2260512
lambda =    0.33333; f =     62153179.1456040
lambda =    0.11111; f =      6905425.3495916
lambda =   0.037037; f =       767289.1350221
lambda =   0.012346; f =        85441.6383607
lambda =  0.0041152; f =         9736.6221324
lambda =  0.0013717; f =         1343.5259161
lambda = 0.00045725; f =          417.1347628
lambda = 0.00015242; f =          315.8360521
lambda = 5.0805e-05; f =          304.9777390
lambda = 1.6935e-05; f =          303.9031341
lambda =  5.645e-06; f =          303.8276916
lambda = 1.8817e-06; f =          303.9063703
lambda = 6.2723e-07; f =          303.8252601
lambda = 2.0908e-07; f =          303.8237534
lambda = 4.0418e-07; f =          303.8229217
Norm of dx      39504
Predicted improvement:     8525.446289006
lambda =          1; f =         1062.0378206
lambda =    0.33333; f =          382.3071411
lambda =    0.11111; f =          310.8487557
lambda =   0.037037; f =          304.2155062
lambda =   0.012346; f =          303.8280151
lambda =  0.0041152; f =          303.8496077
lambda =  0.0013717; f =          453.5595846
lambda = 0.00045725; f =          307.9010836
lambda = 0.00015242; f =          302.5542657
Norm of dx     130.58
Gradient step!!
Predicted improvement:        0.001407652
lambda =          1; f =          302.5528547
Norm of dx  0.0027056
Done for param stderr obs_dy =   0.2086; f = 302.5529
Predicted improvement:        0.082292367
lambda =          1; f =          302.4727585
Norm of dx  0.0045067
Done for param stderr obs_r =   0.2152; f = 302.4728
Predicted improvement:        0.011661429
lambda =          1; f =          302.4610547
Norm of dx  0.0018658
Done for param stderr obs_di =   0.0445; f = 302.4611
Predicted improvement:        0.074808995
lambda =          1; f =          302.3905232
Norm of dx     9.4028
Done for param phi = 136.5974; f = 302.3905
Predicted improvement:        0.056212549
lambda =          1; f =          302.3162837
Norm of dx    0.04779
Done for param alpha_pi =   2.3686; f = 302.3163
Predicted improvement:        0.258759310
lambda =          1; f =          302.1175597
Norm of dx   0.080298
Done for param alpha_y =   0.1066; f = 302.1176
Predicted improvement:        0.249424219
lambda =          1; f =          301.8869966
Norm of dx   0.048133
Done for param gamma_m =   0.6550; f = 301.8870
Predicted improvement:        0.250688988
lambda =          1; f =          301.6572251
Norm of dx   0.041489
Done for param gamma_I =   0.1988; f = 301.6572
Predicted improvement:        0.118735600
lambda =          1; f =          301.5355659
Norm of dx   0.010518
Done for param delta =   0.2440; f = 301.5356
Predicted improvement:        0.036035631
lambda =          1; f =          301.5007198
Norm of dx   0.001633
Done for param rho_xi =   0.9253; f = 301.5007
Predicted improvement:        0.269564819
lambda =          1; f =          303.8565175
lambda =    0.33333; f =          301.3005699
lambda =    0.64439; f =          303.8276432
lambda =     0.4339; f =          301.2113764
lambda =    0.55011; f =          301.1281919
lambda =    0.69744; f =          303.8285199
lambda =    0.60488; f =          301.2439685
lambda =    0.65883; f =          303.8277626
lambda =    0.62591; f =          301.5652945
lambda =    0.59463; f =          301.1924695
lambda =     0.6132; f =          301.3132655
Norm of dx    0.46232
Done for param rho_theta =   0.9620; f = 301.1282
Predicted improvement:        0.121744511
lambda =          1; f =          300.9307760
lambda =     1.9332; f =          303.8371229
lambda =     1.3017; f =          300.9358728
Norm of dx    0.20589
Done for param rho_z =   0.9054; f = 300.9308
Predicted improvement:        0.121572099
lambda =          1; f =          300.8087643
Norm of dx   0.014042
Done for param rho_g =   0.2065; f = 300.8088
Predicted improvement:        0.121980702
lambda =          1; f =          300.6847034
Norm of dx   0.068219
Done for param rho_zm =   0.2371; f = 300.6847
Predicted improvement:        0.018444938
lambda =          1; f =          300.6663952
Norm of dx   0.031661
Done for param sigma_xi =   2.9011; f = 300.6664
Predicted improvement:        0.061843032
lambda =          1; f =          300.5967548
Norm of dx   0.077524
Done for param sigma_theta =   0.0985; f = 300.5968
Predicted improvement:        0.191788188
lambda =          1; f =          300.3877318
Norm of dx   0.078252
Done for param sigma_z =   0.0352; f = 300.3877
Predicted improvement:        0.037381889
lambda =          1; f =          300.3495755
Norm of dx   0.010644
Done for param sigma_g =   0.7703; f = 300.3496
Predicted improvement:        0.111129292
lambda =          1; f =          300.2351936
Norm of dx  0.0065915
Done for param sigma_zm =   0.0989; f = 300.2352
Predicted improvement:        0.024598650
lambda =          1; f =          300.2133588
Norm of dx  0.0042417
Done for param sigma_zm2 =   0.1477; f = 300.2134
Sequence of univariate steps!!
Actual dxnorm 9.41
FVAL          300.2134
Improvement   3.6143
Ftol          1e-05
Htol          1e-05
Elapsed time for iteration 1.2295 s.
 
Iteration 2
Correct for low angle: 0.00238998
Predicted improvement:       54.189671733
lambda =          1; f =         2756.1146410
lambda =    0.33333; f =          557.1621087
lambda =    0.11111; f =          324.5065591
lambda =   0.037037; f =          302.0684734
lambda =   0.012346; f =          300.3861465
lambda =  0.0041152; f =          300.2266027
lambda =  0.0013717; f =          300.2135803
lambda = 0.00045725; f =          300.1786508
lambda = 0.00088394; f =          300.1755619
Norm of dx     547.04
Predicted improvement:      785.029828771
lambda =          1; f =         1805.2377619
lambda =    0.33333; f =          457.0508217
lambda =    0.11111; f =          315.2664450
lambda =   0.037037; f =          301.5577201
lambda =   0.012346; f =          300.3154017
lambda =  0.0041152; f =          300.2193119
lambda =  0.0013717; f =          309.6898006
lambda = 0.00045725; f =          300.8683201
lambda = 0.00015242; f =          300.1271982
lambda = 5.0805e-05; f =          300.1283091
Norm of dx     39.624
Predicted improvement:        0.021053910
lambda =          1; f =          300.1059877
Norm of dx   0.010419
Done for param stderr obs_dy =   0.1994; f = 300.1060
Predicted improvement:        0.008404924
lambda =          1; f =          300.0975005
Norm of dx  0.0013755
Done for param stderr obs_r =   0.2132; f = 300.0975
Predicted improvement:        0.001289933
lambda =          1; f =          300.0962122
Norm of dx 0.00061571
Done for param stderr obs_di =   0.0400; f = 300.0962
Predicted improvement:        0.031319146
lambda =          1; f =          300.0639164
Norm of dx     5.7993
Done for param phi = 142.8775; f = 300.0639
Predicted improvement:        0.058257526
lambda =          1; f =          300.0037518
Norm of dx   0.058083
Done for param alpha_pi =   2.4276; f = 300.0038
Predicted improvement:        0.010404554
lambda =          1; f =          299.9937844
Norm of dx   0.011517
Done for param alpha_y =   0.0938; f = 299.9938
Predicted improvement:        0.074536998
lambda =          1; f =          299.9143167
Norm of dx   0.021789
Done for param gamma_m =   0.6314; f = 299.9143
Predicted improvement:        0.008776261
lambda =          1; f =          299.9055916
Norm of dx  0.0076138
Done for param gamma_I =   0.1903; f = 299.9056
Predicted improvement:        0.010573214
lambda =          1; f =          299.8948889
Norm of dx  0.0031615
Done for param delta =   0.2388; f = 299.8949
Predicted improvement:        0.001784721
lambda =          1; f =          299.8930966
Norm of dx 0.00034055
Done for param rho_xi =   0.9229; f = 299.8931
Predicted improvement:        0.008321416
lambda =          1; f =          299.8833151
Norm of dx    0.01175
Done for param rho_theta =   0.9433; f = 299.8833
Predicted improvement:        0.000058631
lambda =          1; f =          299.8832571
Norm of dx  0.0024046
Done for param rho_z =   0.8779; f = 299.8833
Predicted improvement:        0.058470333
lambda =          1; f =          299.8245982
Norm of dx  0.0099654
Done for param rho_g =   0.1961; f = 299.8246
Predicted improvement:        0.016412687
lambda =          1; f =          299.8081106
Norm of dx   0.023224
Done for param rho_zm =   0.2626; f = 299.8081
Predicted improvement:        0.008745411
lambda =          1; f =          299.7994005
Norm of dx   0.021943
Done for param sigma_xi =   2.8803; f = 299.7994
Predicted improvement:        0.043719340
lambda =          1; f =          299.7532359
Norm of dx   0.062985
Done for param sigma_theta =   0.0614; f = 299.7532
Predicted improvement:        0.006247712
lambda =          1; f =          299.7470033
Norm of dx   0.014825
Done for param sigma_z =   0.0176; f = 299.7470
Predicted improvement:        0.011578609
lambda =          1; f =          299.7353091
Norm of dx  0.0060655
Done for param sigma_g =   0.7754; f = 299.7353
Predicted improvement:        0.024385336
lambda =          1; f =          299.7109348
Norm of dx  0.0030491
Done for param sigma_zm =   0.1020; f = 299.7109
Predicted improvement:        0.000029436
lambda =          1; f =          299.7109038
Norm of dx 0.00013888
Done for param sigma_zm2 =   0.1474; f = 299.7109
Sequence of univariate steps!!
Actual dxnorm 6.2808
FVAL          299.7109
Improvement   0.50245
Ftol          1e-05
Htol          1e-05
Elapsed time for iteration 1.3498 s.
 
Iteration 3
Correct for low angle: 0.00491548
Predicted improvement:       23.921730009
lambda =          1; f =        10817.5808972
lambda =    0.33333; f =         1440.4757465
lambda =    0.11111; f =          418.1776045
lambda =   0.037037; f =          311.1058007
lambda =   0.012346; f =          300.8767052
lambda =  0.0041152; f =          299.8321350
lambda =  0.0013717; f =          299.7217898
lambda = 0.00045725; f =          299.7114353
lambda = 0.00015242; f =          299.7114491
lambda = 5.0805e-05; f =          299.7093318
Norm of dx     385.88
Predicted improvement:        0.000319710
lambda =          1; f =          299.7090118
Norm of dx  0.0012977
Done for param stderr obs_dy =   0.1982; f = 299.7090
Predicted improvement:        0.004730441
lambda =          1; f =          299.7043089
Norm of dx  0.0010544
Done for param stderr obs_r =   0.2122; f = 299.7043
Predicted improvement:        0.000477395
lambda =          1; f =          299.7038347
Norm of dx 0.00037581
Done for param stderr obs_di =   0.0404; f = 299.7038
Predicted improvement:        0.013738143
lambda =          1; f =          299.6903603
Norm of dx     4.1223
Done for param phi = 138.7739; f = 299.6904
Predicted improvement:        0.003282896
lambda =          1; f =          299.6871640
Norm of dx  0.0062211
Done for param alpha_y =   0.0876; f = 299.6872
Predicted improvement:        0.007913627
lambda =          1; f =          299.6791146
Norm of dx  0.0075503
Done for param gamma_m =   0.6239; f = 299.6791
Predicted improvement:        0.000085291
lambda =          1; f =          299.6790293
Norm of dx 0.00074796
Done for param gamma_I =   0.1910; f = 299.6790
Predicted improvement:        0.032879964
lambda =          1; f =          299.6455105
Norm of dx  0.0055256
Done for param delta =   0.2333; f = 299.6455
Predicted improvement:        0.001064713
lambda =          1; f =          299.6444430
Norm of dx 0.00026481
Done for param rho_xi =   0.9227; f = 299.6444
Predicted improvement:        0.025316846
lambda =          1; f =          299.6133394
Norm of dx   0.025474
Done for param rho_theta =   0.9165; f = 299.6133
Predicted improvement:        0.000119282
lambda =          1; f =          299.6132220
Norm of dx  0.0034543
Done for param rho_z =   0.8790; f = 299.6132
Predicted improvement:        0.031512000
lambda =          1; f =          299.5816925
Norm of dx   0.007355
Done for param rho_g =   0.1887; f = 299.5817
Predicted improvement:        0.005605148
lambda =          1; f =          299.5760660
Norm of dx   0.013389
Done for param rho_zm =   0.2761; f = 299.5761
Predicted improvement:        0.009876872
lambda =          1; f =          299.5662671
Norm of dx   0.023285
Done for param sigma_xi =   2.8570; f = 299.5663
Predicted improvement:        0.010929991
lambda =          1; f =          299.5552074
Norm of dx   0.027431
Done for param sigma_theta =   0.0364; f = 299.5552
Predicted improvement:        0.000296254
lambda =          1; f =          299.5549113
Norm of dx  0.0030913
Done for param sigma_z =   0.0162; f = 299.5549
Predicted improvement:        0.003256892
lambda =          1; f =          299.5516371
Norm of dx  0.0032527
Done for param sigma_g =   0.7786; f = 299.5516
Predicted improvement:        0.007799033
lambda =          1; f =          299.5440630
Norm of dx  0.0017595
Done for param sigma_zm =   0.1038; f = 299.5441
Predicted improvement:        0.000924420
lambda =          1; f =          299.5431426
Norm of dx 0.00077877
Done for param sigma_zm2 =   0.1466; f = 299.5431
Sequence of univariate steps!!
Actual dxnorm 4.1039
FVAL          299.5431
Improvement   0.16776
Ftol          1e-05
Htol          1e-05
Elapsed time for iteration 0.85881 s.
 
Iteration 4
Correct for low angle: 0.00428409
Predicted improvement:       27.063565950
lambda =          1; f =        44020.8450202
lambda =    0.33333; f =         5096.9193604
lambda =    0.11111; f =          813.3848133
lambda =   0.037037; f =          351.2027935
lambda =   0.012346; f =          304.3497213
lambda =  0.0041152; f =          300.0466172
lambda =  0.0013717; f =          299.5941032
lambda = 0.00045725; f =          299.5472994
lambda = 0.00015242; f =          299.5432575
lambda = 5.0805e-05; f =          299.5442509
lambda = 1.6935e-05; f =          299.5426497
Norm of dx     415.84
Correct for low angle: 0.00432957
Predicted improvement:       26.257124216
lambda =          1; f =        21218.6931150
lambda =    0.33333; f =         2603.8317096
lambda =    0.11111; f =          549.4111283
lambda =   0.037037; f =          325.7563493
lambda =   0.012346; f =          302.3379357
lambda =  0.0041152; f =          299.8439622
lambda =  0.0013717; f =          299.5734323
lambda = 0.00045725; f =          299.5455661
lambda = 0.00015242; f =          299.5432008
lambda = 5.0805e-05; f =          299.5445110
lambda = 1.6935e-05; f =          299.5426572
lambda =  5.645e-06; f =          299.5425838
lambda = 1.8817e-06; f =          299.5426201
lambda = 6.2723e-07; f =          299.5426390
Norm of dx     403.47
Predicted improvement:        0.000202210
lambda =          1; f =          299.5423815
Norm of dx  0.0010335
Done for param stderr obs_dy =   0.1972; f = 299.5424
Predicted improvement:        0.000034457
lambda =          1; f =          299.5423470
Norm of dx 8.9316e-05
Done for param stderr obs_r =   0.2121; f = 299.5423
Predicted improvement:        0.000016198
lambda =          1; f =          299.5423308
Norm of dx   6.91e-05
Done for param stderr obs_di =   0.0403; f = 299.5423
Predicted improvement:        0.005204671
lambda =          1; f =          299.5372078
Norm of dx     2.4864
Done for param phi = 136.2950; f = 299.5372
Predicted improvement:        0.000095825
lambda =          1; f =          299.5371121
Norm of dx  0.0024649
Done for param alpha_pi =   2.4252; f = 299.5371
Predicted improvement:        0.000048667
lambda =          1; f =          299.5370636
Norm of dx 0.00073226
Done for param alpha_y =   0.0868; f = 299.5371
Predicted improvement:        0.000271124
lambda =          1; f =          299.5367922
Norm of dx  0.0013397
Done for param gamma_I =   0.1923; f = 299.5368
Predicted improvement:        0.023887085
lambda =          1; f =          299.5124698
Norm of dx  0.0047231
Done for param delta =   0.2286; f = 299.5125
Predicted improvement:        0.001783508
lambda =          1; f =          299.5106815
Norm of dx 0.00034394
Done for param rho_xi =   0.9223; f = 299.5107
Predicted improvement:        0.010301291
lambda =          1; f =          299.4988458
Norm of dx   0.023085
Done for param rho_theta =   0.8923; f = 299.4988
Predicted improvement:        0.019991578
lambda =          1; f =          299.4788389
Norm of dx  0.0058827
Done for param rho_g =   0.1828; f = 299.4788
Predicted improvement:        0.002913205
lambda =          1; f =          299.4759163
Norm of dx  0.0096206
Done for param rho_zm =   0.2858; f = 299.4759
Predicted improvement:        0.008970846
lambda =          1; f =          299.4670046
Norm of dx   0.022025
Done for param sigma_xi =   2.8350; f = 299.4670
Predicted improvement:        0.001933130
lambda =          1; f =          299.4650659
Norm of dx   0.010492
Done for param sigma_theta =   0.0289; f = 299.4651
Predicted improvement:        0.000282603
lambda =          1; f =          299.4647834
Norm of dx  0.0029427
Done for param sigma_z =   0.0153; f = 299.4648
Predicted improvement:        0.000869031
lambda =          1; f =          299.4639120
Norm of dx  0.0016895
Done for param sigma_g =   0.7803; f = 299.4639
Predicted improvement:        0.001408092
lambda =          1; f =          299.4625057
Norm of dx 0.00074378
Done for param sigma_zm =   0.1045; f = 299.4625
Predicted improvement:        0.000145967
lambda =          1; f =          299.4623606
Norm of dx 0.00030739
Done for param sigma_zm2 =   0.1463; f = 299.4624
Sequence of univariate steps!!
Actual dxnorm 2.4792
FVAL          299.4624
Improvement   0.080782
Ftol          1e-05
Htol          1e-05
Elapsed time for iteration 0.85605 s.
 
Iteration 5
Correct for low angle: 0.000759631
Predicted improvement:      151.168767894
lambda =          1; f =      3076157.6175199
lambda =    0.33333; f =       341481.4943020
lambda =    0.11111; f =        38016.7388455
lambda =   0.037037; f =         4427.4275392
lambda =   0.012346; f =          738.1064284
lambda =  0.0041152; f =          342.4563387
lambda =  0.0013717; f =          303.0386363
lambda = 0.00045725; f =          299.7952810
lambda = 0.00015242; f =          299.4955204
lambda = 5.0805e-05; f =          299.4649075
lambda = 1.6935e-05; f =          299.4624040
lambda =  5.645e-06; f =          299.4637062
lambda = 1.8817e-06; f =          299.4621271
Norm of dx     2155.5
Correct for low angle: 0.00185303
Predicted improvement:       60.903100440
lambda =          1; f =       398182.5631273
lambda =    0.33333; f =        44437.4973583
lambda =    0.11111; f =         5180.5770897
lambda =   0.037037; f =          834.5876249
lambda =   0.012346; f =          356.9851902
lambda =  0.0041152; f =          305.6449019
lambda =  0.0013717; f =          300.1351156
lambda = 0.00045725; f =          299.5324786
lambda = 0.00015242; f =          299.4687060
lambda = 5.0805e-05; f =          299.4626826
lambda = 1.6935e-05; f =          299.4681657
lambda =  5.645e-06; f =          299.4628983
lambda = 1.8817e-06; f =          299.4622470
lambda = 6.2723e-07; f =          299.4621519
lambda = 2.0908e-07; f =          299.4621337
lambda = 6.9692e-08; f =          299.4621291
lambda = 2.3231e-08; f =          299.4621278
lambda = 7.7435e-09; f =          299.4621273
lambda = 2.5812e-09; f =          299.4621272

lambda =

  -6.2723e-07

lambda = -6.2723e-07; f =          299.4621176
Norm of dx     868.74
Predicted improvement:        0.000107267
lambda =          1; f =          299.4620103
Norm of dx 0.00075346
Done for param stderr obs_dy =   0.1965; f = 299.4620
Predicted improvement:        0.001373842
lambda =          1; f =          299.4606482
Norm of dx     1.2545
Done for param phi = 135.0409; f = 299.4606
Predicted improvement:        0.000102443
lambda =          1; f =          299.4605460
Norm of dx  0.0025456
Done for param alpha_pi =   2.4226; f = 299.4605
Predicted improvement:        0.000053550
lambda =          1; f =          299.4604922
Norm of dx 0.00076078
Done for param alpha_y =   0.0876; f = 299.4605
Predicted improvement:        0.000330224
lambda =          1; f =          299.4601631
Norm of dx  0.0015863
Done for param gamma_m =   0.6255; f = 299.4602
Predicted improvement:        0.000044655
lambda =          1; f =          299.4601185
Norm of dx 0.00054523
Done for param gamma_I =   0.1917; f = 299.4601
Predicted improvement:        0.016101674
lambda =          1; f =          299.4439140
Norm of dx  0.0039089
Done for param delta =   0.2247; f = 299.4439
Predicted improvement:        0.002921963
lambda =          1; f =          299.4409770
Norm of dx 0.00044131
Done for param rho_xi =   0.9219; f = 299.4410
Predicted improvement:        0.001088315
lambda =          1; f =          299.4398349
Norm of dx  0.0093765
Done for param rho_theta =   0.8824; f = 299.4398
Predicted improvement:        0.000110754
lambda =          1; f =          299.4397253
Norm of dx  0.0033253
Done for param rho_z =   0.8791; f = 299.4397
Predicted improvement:        0.013898594
lambda =          1; f =          299.4258203
Norm of dx   0.004924
Done for param rho_g =   0.1779; f = 299.4258
Predicted improvement:        0.001541855
lambda =          1; f =          299.4242738
Norm of dx  0.0070279
Done for param rho_zm =   0.2928; f = 299.4243
Predicted improvement:        0.007953005
lambda =          1; f =          299.4163712
Norm of dx    0.02055
Done for param sigma_xi =   2.8145; f = 299.4164
Predicted improvement:        0.000309014
lambda =          1; f =          299.4160619
Norm of dx  0.0040545
Done for param sigma_theta =   0.0268; f = 299.4161
Predicted improvement:        0.000101059
lambda =          1; f =          299.4159609
Norm of dx  0.0017413
Done for param sigma_z =   0.0150; f = 299.4160
Predicted improvement:        0.000339806
lambda =          1; f =          299.4156205
Norm of dx  0.0010592
Done for param sigma_g =   0.7813; f = 299.4156
Sequence of univariate steps!!
Actual dxnorm 1.2543
FVAL          299.4156
Improvement   0.04674
Ftol          1e-05
Htol          1e-05
Elapsed time for iteration 0.88604 s.
 
Iteration 6
Correct for low angle: 3.98372e-05
Predicted improvement:     2860.998465320
lambda =          1; f =    806647370.6129980
lambda =    0.33333; f =     89623726.0055068
lambda =    0.11111; f =      9957117.5110369
lambda =   0.037037; f =      1106167.2261223
lambda =   0.012346; f =       123026.6511968
lambda =  0.0041152; f =        13888.2186705
lambda =  0.0013717; f =         1794.4286807
lambda = 0.00045725; f =          461.4963799
lambda = 0.00015242; f =          316.7136747
lambda = 5.0805e-05; f =          301.3035840
lambda = 1.6935e-05; f =          299.6163141
lambda =  5.645e-06; f =          299.4350270
lambda = 1.8817e-06; f =          299.4169464
lambda = 6.2723e-07; f =          299.4156249
lambda = 2.0908e-07; f =          299.4161580
lambda = 6.9692e-08; f =          299.4154136
Norm of dx      39358
Correct for low angle: 5.88196e-05
Predicted improvement:     1509.710797402
lambda =          1; f =    223128320.8948628
lambda =    0.33333; f =     24790324.2308810
lambda =    0.11111; f =      2754088.9184616
lambda =   0.037037; f =       306058.2704517
lambda =   0.012346; f =        34201.4934392
lambda =  0.0041152; f =         4043.7780296
lambda =  0.0013717; f =          708.8667467
lambda = 0.00045725; f =          343.5846275
lambda = 0.00015242; f =          304.2415721
lambda = 5.0805e-05; f =          299.9390964
lambda = 1.6935e-05; f =          299.4696396
lambda =  5.645e-06; f =          299.4203431
lambda = 1.8817e-06; f =          299.4158208
lambda = 6.2723e-07; f =          299.4197871
lambda = 2.0908e-07; f =          299.4158830
lambda = 6.9692e-08; f =          299.4154612
lambda = 2.3231e-08; f =          299.4154174
lambda = 7.7435e-09; f =          299.4154135
lambda = 2.5812e-09; f =          299.4154134
Norm of dx      20785
Predicted improvement:        0.000055722
lambda =          1; f =          299.4153576
Norm of dx 0.00054339
Done for param stderr obs_dy =   0.1959; f = 299.4154
Predicted improvement:        0.000050354
lambda =          1; f =          299.4153073
Norm of dx 0.00010784
Done for param stderr obs_r =   0.2122; f = 299.4153
Predicted improvement:        0.000035097
lambda =          1; f =          299.4152702
Norm of dx 0.00010164
Done for param stderr obs_di =   0.0402; f = 299.4153
Predicted improvement:        0.000322707
lambda =          1; f =          299.4149505
Norm of dx    0.60079
Done for param phi = 134.4402; f = 299.4150
Predicted improvement:        0.000084172
lambda =          1; f =          299.4148665
Norm of dx   0.002305
Done for param alpha_pi =   2.4203; f = 299.4149
Predicted improvement:        0.000136956
lambda =          1; f =          299.4147289
Norm of dx  0.0012125
Done for param alpha_y =   0.0888; f = 299.4147
Predicted improvement:        0.000309385
lambda =          1; f =          299.4144206
Norm of dx  0.0015291
Done for param gamma_m =   0.6270; f = 299.4144
Predicted improvement:        0.000715179
lambda =          1; f =          299.4137066
Norm of dx   0.002178
Done for param gamma_I =   0.1895; f = 299.4137
Predicted improvement:        0.010290538
lambda =          1; f =          299.4033301
Norm of dx  0.0031259
Done for param delta =   0.2215; f = 299.4033
Predicted improvement:        0.004114582
lambda =          1; f =          299.3991873
Norm of dx  0.0005245
Done for param rho_xi =   0.9213; f = 299.3992
Predicted improvement:        0.000012738
lambda =          1; f =          299.3991745
Norm of dx  0.0010918
Done for param rho_theta =   0.8812; f = 299.3992
Predicted improvement:        0.010116483
lambda =          1; f =          299.3890554
Norm of dx  0.0042114
Done for param rho_g =   0.1737; f = 299.3891
Predicted improvement:        0.000727778
lambda =          1; f =          299.3883246
Norm of dx  0.0048705
Done for param rho_zm =   0.2977; f = 299.3883
Predicted improvement:        0.006773149
lambda =          1; f =          299.3813296
Norm of dx   0.018378
Done for param sigma_xi =   2.7961; f = 299.3813
Predicted improvement:        0.000118625
lambda =          1; f =          299.3812109
Norm of dx   0.002488
Done for param sigma_theta =   0.0263; f = 299.3812
Predicted improvement:        0.000095910
lambda =          1; f =          299.3811150
Norm of dx  0.0016816
Done for param sigma_z =   0.0148; f = 299.3811
Predicted improvement:        0.000274778
lambda =          1; f =          299.3808399
Norm of dx 0.00095351
Done for param sigma_g =   0.7823; f = 299.3808
Predicted improvement:        0.000658219
lambda =          1; f =          299.3801816
Norm of dx 0.00052028
Done for param sigma_zm =   0.1040; f = 299.3802
Sequence of univariate steps!!
Actual dxnorm 0.60111
FVAL          299.3802
Improvement   0.035439
Ftol          1e-05
Htol          1e-05
Elapsed time for iteration 0.92417 s.
 
Iteration 7
Correct for low angle: 1.54993e-05
Predicted improvement:     7311.941990833
lambda =          1; f =   5211144950.8475428
lambda =    0.33333; f =    579015311.0417260
lambda =    0.11111; f =     64334947.7265411
lambda =   0.037037; f =      7148476.6083251
lambda =   0.012346; f =       794502.8586940
lambda =  0.0041152; f =        88531.9472234
lambda =  0.0013717; f =        10099.3806261
lambda = 0.00045725; f =         1387.1137754
lambda = 0.00015242; f =          419.8547638
lambda = 5.0805e-05; f =          312.6384198
lambda = 1.6935e-05; f =          300.8111192
lambda =  5.645e-06; f =          299.5255169
lambda = 1.8817e-06; f =          299.3921862
lambda = 6.2723e-07; f =          299.3805431
lambda = 2.0908e-07; f =          299.3892395
lambda = 6.9692e-08; f =          299.3805122
lambda = 2.3231e-08; f =          299.3799920
Norm of dx 1.0298e+05
Correct for low angle: 5.54391e-05
Predicted improvement:     1936.055052640
lambda =          1; f =    377480998.4053761
lambda =    0.33333; f =     41941112.8765621
lambda =    0.11111; f =      4659895.3373438
lambda =   0.037037; f =       517868.4839173
lambda =   0.012346; f =        57753.4727530
lambda =  0.0041152; f =         6666.1420480
lambda =  0.0013717; f =         1001.6024653
lambda = 0.00045725; f =          376.1334725
lambda = 0.00015242; f =          307.8011677
lambda = 5.0805e-05; f =          300.2947518
lambda = 1.6935e-05; f =          299.4749292
lambda =  5.645e-06; f =          299.3885791
lambda = 1.8817e-06; f =          299.3805650
lambda = 6.2723e-07; f =          299.3832976
lambda = 2.0908e-07; f =          299.3793496
lambda = 4.0418e-07; f =          299.3803198
lambda = 2.7215e-07; f =          299.3794970
Norm of dx      27268
Predicted improvement:        0.000028818
lambda =          1; f =          299.3793208
Norm of dx 0.00039094
Done for param stderr obs_dy =   0.1955; f = 299.3793
Predicted improvement:        0.000037162
lambda =          1; f =          299.3792836
Norm of dx 9.2642e-05
Done for param stderr obs_r =   0.2123; f = 299.3793
Predicted improvement:        0.000024656
lambda =          1; f =          299.3792589
Norm of dx  0.0012457
Done for param alpha_pi =   2.4191; f = 299.3793
Predicted improvement:        0.000083536
lambda =          1; f =          299.3791751
Norm of dx 0.00094483
Done for param alpha_y =   0.0897; f = 299.3792
Predicted improvement:        0.000142712
lambda =          1; f =          299.3790327
Norm of dx  0.0010322
Done for param gamma_m =   0.6280; f = 299.3790
Predicted improvement:        0.001412186
lambda =          1; f =          299.3776238
Norm of dx  0.0030416
Done for param gamma_I =   0.1865; f = 299.3776
Predicted improvement:        0.006098415
lambda =          1; f =          299.3714854
Norm of dx  0.0024104
Done for param delta =   0.2191; f = 299.3715
Predicted improvement:        0.004867526
lambda =          1; f =          299.3665753
Norm of dx 0.00057181
Done for param rho_xi =   0.9207; f = 299.3666
Predicted improvement:        0.008038030
lambda =          1; f =          299.3585360
Norm of dx  0.0037615
Done for param rho_g =   0.1699; f = 299.3585
Predicted improvement:        0.000268693
lambda =          1; f =          299.3582671
Norm of dx  0.0029934
Done for param rho_zm =   0.3007; f = 299.3583
Predicted improvement:        0.006209613
lambda =          1; f =          299.3520910
Norm of dx   0.017766
Done for param sigma_xi =   2.7783; f = 299.3521
Predicted improvement:        0.000123725
lambda =          1; f =          299.3519672
Norm of dx   0.002531
Done for param sigma_theta =   0.0261; f = 299.3520
Predicted improvement:        0.000172901
lambda =          1; f =          299.3517944
Norm of dx  0.0022526
Done for param sigma_z =   0.0147; f = 299.3518
Predicted improvement:        0.000338108
lambda =          1; f =          299.3514557
Norm of dx  0.0010585
Done for param sigma_g =   0.7833; f = 299.3515
Predicted improvement:        0.001770141
lambda =          1; f =          299.3496839
Norm of dx 0.00086208
Done for param sigma_zm =   0.1032; f = 299.3497
Predicted improvement:        0.000023818
lambda =          1; f =          299.3496602
Norm of dx 0.00012348
Done for param sigma_zm2 =   0.1464; f = 299.3497
Sequence of univariate steps!!
Actual dxnorm 0.018977
FVAL          299.3497
Improvement   0.030521
Ftol          1e-05
Htol          1e-05
Elapsed time for iteration 0.8573 s.
 
Iteration 8
Correct for low angle: 1.42091e-05
Predicted improvement:     7949.213623093
lambda =          1; f =   6213053570.0154200
lambda =    0.33333; f =    690338402.1463115
lambda =    0.11111; f =     76704150.4538592
lambda =   0.037037; f =      8522822.5825911
lambda =   0.012346; f =       947204.6642910
lambda =  0.0041152; f =       105497.7012634
lambda =  0.0013717; f =        11984.0967674
lambda = 0.00045725; f =         1596.4032837
lambda = 0.00015242; f =          443.0499283
lambda = 5.0805e-05; f =          315.1778254
lambda = 1.6935e-05; f =          301.0625705
lambda =  5.645e-06; f =          299.5251278
lambda = 1.8817e-06; f =          299.3646071
lambda = 6.2723e-07; f =          299.3502069
lambda = 2.0908e-07; f =          299.3607715
lambda = 6.9692e-08; f =          299.3501564
lambda = 2.3231e-08; f =          299.3494692
Norm of dx 1.1179e+05
Correct for low angle: 0.000167687
Predicted improvement:       19.078861975
lambda =          1; f =        36089.4133078
lambda =    0.33333; f =         4273.9586884
lambda =    0.11111; f =          740.2943032
lambda =   0.037037; f =          348.1176632
lambda =   0.012346; f =          304.6933930
lambda =  0.0041152; f =          299.9187781
lambda =  0.0013717; f =          299.4050333
lambda = 0.00045725; f =          299.3535399
lambda = 0.00015242; f =          299.3496815
lambda = 5.0805e-05; f =          299.3543458
lambda = 1.6935e-05; f =          299.3499950
lambda =  5.645e-06; f =          299.3495226
lambda = 1.8817e-06; f =          299.3494735
lambda = 6.2723e-07; f =          299.3494691
lambda = 2.0908e-07; f =          299.3494690
lambda = 6.9692e-08; f =          299.3494691
lambda = 2.3231e-08; f =          299.3494692
lambda = 7.7435e-09; f =          299.3494692
lambda = 2.5812e-09; f =          299.3494692
Norm of dx     268.32
Predicted improvement:        0.000012660
lambda =          1; f =          299.3494564
Norm of dx 0.00025918
Done for param stderr obs_dy =   0.1953; f = 299.3495
Predicted improvement:        0.000027554
lambda =          1; f =          299.3494288
Norm of dx 7.9763e-05
Done for param stderr obs_r =   0.2124; f = 299.3494
Predicted improvement:        0.000014972
lambda =          1; f =          299.3494138
Norm of dx 6.6362e-05
Done for param stderr obs_di =   0.0402; f = 299.3494
Predicted improvement:        0.000012125
lambda =          1; f =          299.3494017
Norm of dx 0.00087274
Done for param alpha_pi =   2.4182; f = 299.3494
Predicted improvement:        0.000046010
lambda =          1; f =          299.3493556
Norm of dx 0.00069854
Done for param alpha_y =   0.0904; f = 299.3494
Predicted improvement:        0.000092344
lambda =          1; f =          299.3492634
Norm of dx 0.00082583
Done for param gamma_m =   0.6288; f = 299.3493
Predicted improvement:        0.001904506
lambda =          1; f =          299.3473637
Norm of dx  0.0035037
Done for param gamma_I =   0.1830; f = 299.3474
Predicted improvement:        0.004157961
lambda =          1; f =          299.3431882
Norm of dx  0.0019927
Done for param delta =   0.2171; f = 299.3432
Predicted improvement:        0.005570992
lambda =          1; f =          299.3375718
Norm of dx  0.0006133
Done for param rho_xi =   0.9201; f = 299.3376
Predicted improvement:        0.006813736
lambda =          1; f =          299.3307558
Norm of dx   0.003467
Done for param rho_g =   0.1665; f = 299.3308
Predicted improvement:        0.000082078
lambda =          1; f =          299.3306737
Norm of dx  0.0016763
Done for param rho_zm =   0.3024; f = 299.3307
Predicted improvement:        0.005256058
lambda =          1; f =          299.3254436
Norm of dx   0.016155
Done for param sigma_xi =   2.7622; f = 299.3254
Predicted improvement:        0.000058960
lambda =          1; f =          299.3253847
Norm of dx  0.0017452
Done for param sigma_theta =   0.0259; f = 299.3254
Predicted improvement:        0.000128077
lambda =          1; f =          299.3252566
Norm of dx   0.001932
Done for param sigma_z =   0.0146; f = 299.3253
Predicted improvement:        0.000463306
lambda =          1; f =          299.3247924
Norm of dx  0.0012399
Done for param sigma_g =   0.7846; f = 299.3248
Predicted improvement:        0.002990808
lambda =          1; f =          299.3217999
Norm of dx  0.0011327
Done for param sigma_zm =   0.1020; f = 299.3218
Predicted improvement:        0.000029247
lambda =          1; f =          299.3217710
Norm of dx 0.00013752
Done for param sigma_zm2 =   0.1465; f = 299.3218
Sequence of univariate steps!!
Actual dxnorm 0.017245
FVAL          299.3218
Improvement   0.027889
Ftol          1e-05
Htol          1e-05
[Warning: Matrix is close to singular or badly scaled. Results may be inaccurate. RCOND =  3.951902e-17.] 
[> In <a href="matlab:matlab.internal.language.introspective.errorDocCallback('mr_hessian', 'C:\dynare\7.0\matlab\optimization\mr_hessian.m', 268)" style="font-weight:bold">mr_hessian</a> (<a href="matlab: opentoline('C:\dynare\7.0\matlab\optimization\mr_hessian.m',268,0)">line 268</a>)
In <a href="matlab:matlab.internal.language.introspective.errorDocCallback('newrat', 'C:\dynare\7.0\matlab\optimization\newrat.m', 298)" style="font-weight:bold">newrat</a> (<a href="matlab: opentoline('C:\dynare\7.0\matlab\optimization\newrat.m',298,0)">line 298</a>)
In <a href="matlab:matlab.internal.language.introspective.errorDocCallback('dynare_minimize_objective', 'C:\dynare\7.0\matlab\optimization\dynare_minimize_objective.m', 372)" style="font-weight:bold">dynare_minimize_objective</a> (<a href="matlab: opentoline('C:\dynare\7.0\matlab\optimization\dynare_minimize_objective.m',372,0)">line 372</a>)
In <a href="matlab:matlab.internal.language.introspective.errorDocCallback('dynare_estimation_1', 'C:\dynare\7.0\matlab\estimation\dynare_estimation_1.m', 246)" style="font-weight:bold">dynare_estimation_1</a> (<a href="matlab: opentoline('C:\dynare\7.0\matlab\estimation\dynare_estimation_1.m',246,0)">line 246</a>)
In <a href="matlab:matlab.internal.language.introspective.errorDocCallback('dynare_estimation', 'C:\dynare\7.0\matlab\estimation\dynare_estimation.m', 105)" style="font-weight:bold">dynare_estimation</a> (<a href="matlab: opentoline('C:\dynare\7.0\matlab\estimation\dynare_estimation.m',105,0)">line 105</a>)
In <a href="matlab:matlab.internal.language.introspective.errorDocCallback('uribe_B_24_mode5.driver', 'C:\Users\Pc\Desktop\uribe_tp3_point1_reproducible_v3\uribe_tp3_point1_reproducible\code\dynare\+uribe_B_24_mode5\driver.m', 1117)" style="font-weight:bold">uribe_B_24_mode5.driver</a> (<a href="matlab: opentoline('C:\Users\Pc\Desktop\uribe_tp3_point1_reproducible_v3\uribe_tp3_point1_reproducible\code\dynare\+uribe_B_24_mode5\driver.m',1117,0)">line 1117</a>)
In <a href="matlab:matlab.internal.language.introspective.errorDocCallback('dynare', 'C:\dynare\7.0\matlab\dynare.m', 300)" style="font-weight:bold">dynare</a> (<a href="matlab: opentoline('C:\dynare\7.0\matlab\dynare.m',300,0)">line 300</a>)
In <a href="matlab:matlab.internal.language.introspective.errorDocCallback('run_uribe_B_estimation_24', 'C:\Users\Pc\Desktop\uribe_tp3_point1_reproducible_v3\uribe_tp3_point1_reproducible\code\matlab\run_uribe_B_estimation_24.m', 11)" style="font-weight:bold">run_uribe_B_estimation_24</a> (<a href="matlab: opentoline('C:\Users\Pc\Desktop\uribe_tp3_point1_reproducible_v3\uribe_tp3_point1_reproducible\code\matlab\run_uribe_B_estimation_24.m',11,0)">line 11</a>)
] 
Elapsed time for iteration 0.99394 s.
 
Iteration 9
Correct for low angle: 7.83299e-08
Predicted improvement:  2676331.084192458
lambda =          1; f = 751724221043649.0000000
lambda =    0.33333; f = 83524913031277.8281250
lambda =    0.11111; f = 9280545759184.6718750
lambda =   0.037037; f = 1031171706950.3774414
lambda =   0.012346; f = 114574619593.5889740
lambda =  0.0041152; f =  12730508628.8713150
lambda =  0.0013717; f =   1414499583.6878064
lambda = 0.00045725; f =    157166340.0758569
lambda = 0.00015242; f =     17463011.2359496
lambda = 5.0805e-05; f =      1940540.7615868
lambda = 1.6935e-05; f =       215862.3134607
lambda =  5.645e-06; f =        24244.8277656
lambda = 1.8817e-06; f =         2958.1471272
lambda = 6.2723e-07; f =          594.1527973
lambda = 2.0908e-07; f =          331.8831680
lambda = 6.9692e-08; f =          302.8742339
lambda = 2.3231e-08; f =          299.6950642
lambda = 7.7435e-09; f =          299.3565049
lambda = 2.5812e-09; f =          299.3237811

lambda =

  -6.2723e-07

lambda = -6.2723e-07; f =          595.0683049
lambda = -2.0908e-07; f =          331.8111725
lambda = -6.9692e-08; f =          302.8947312
lambda = -2.3231e-08; f =          299.7065690
lambda = -7.7435e-09; f =          299.3605873
lambda = -2.5812e-09; f =          299.3248978
Norm of dx 3.8949e+07
Correct for low angle: 0.000119844
Predicted improvement:       30.971115609
lambda =          1; f =        99146.7140881
lambda =    0.33333; f =        11280.1304574
lambda =    0.11111; f =         1518.7302451
lambda =   0.037037; f =          434.5846017
lambda =   0.012346; f =          314.2754347
lambda =  0.0041152; f =          300.9582361
lambda =  0.0013717; f =          299.4953763
lambda = 0.00045725; f =          299.3384459
lambda = 0.00015242; f =          299.3228791
lambda = 5.0805e-05; f =          299.3217728
lambda = 1.6935e-05; f =          299.3222531
lambda =  5.645e-06; f =          299.3215913
Norm of dx     450.73
Predicted improvement:        0.000033946
lambda =          1; f =          299.3215573
Norm of dx 8.8505e-05
Done for param stderr obs_r =   0.2125; f = 299.3216
Predicted improvement:        0.000036431
lambda =          1; f =          299.3215208
Norm of dx    0.19762
Done for param phi = 134.6378; f = 299.3215
Predicted improvement:        0.000031210
lambda =          1; f =          299.3214896
Norm of dx 0.00057188
Done for param alpha_y =   0.0910; f = 299.3215
Predicted improvement:        0.000054176
lambda =          1; f =          299.3214355
Norm of dx 0.00062903
Done for param gamma_m =   0.6295; f = 299.3214
Predicted improvement:        0.002149444
lambda =          1; f =          299.3192918
Norm of dx  0.0036863
Done for param gamma_I =   0.1793; f = 299.3193
Predicted improvement:        0.002640420
lambda =          1; f =          299.3166380
Norm of dx  0.0015864
Done for param delta =   0.2155; f = 299.3166
Predicted improvement:        0.005876581
lambda =          1; f =          299.3107066
Norm of dx  0.0006313
Done for param rho_xi =   0.9195; f = 299.3107
Predicted improvement:        0.006101075
lambda =          1; f =          299.3046037
Norm of dx  0.0032835
Done for param rho_g =   0.1632; f = 299.3046
Predicted improvement:        0.000010430
lambda =          1; f =          299.3045932
Norm of dx 0.00060645
Done for param rho_zm =   0.3030; f = 299.3046
Predicted improvement:        0.004389706
lambda =          1; f =          299.3002252
Norm of dx   0.014593
Done for param sigma_xi =   2.7476; f = 299.3002
Predicted improvement:        0.000068878
lambda =          1; f =          299.3001563
Norm of dx  0.0018822
Done for param sigma_theta =   0.0259; f = 299.3002
Predicted improvement:        0.000102704
lambda =          1; f =          299.3000536
Norm of dx  0.0017293
Done for param sigma_z =   0.0146; f = 299.3001
Predicted improvement:        0.000569276
lambda =          1; f =          299.2994833
Norm of dx  0.0013758
Done for param sigma_g =   0.7859; f = 299.2995
Predicted improvement:        0.004061044
lambda =          1; f =          299.2954192
Norm of dx  0.0013342
Done for param sigma_zm =   0.1007; f = 299.2954
Predicted improvement:        0.000023965
lambda =          1; f =          299.2953951
Norm of dx 0.00012291
Done for param sigma_zm2 =   0.1467; f = 299.2954
Sequence of univariate steps!!
Actual dxnorm 0.19824
FVAL          299.2954
Improvement   0.026376
Ftol          1e-05
Htol          1e-05
Elapsed time for iteration 0.92177 s.
 
Iteration 10
Correct for low angle: 7.3647e-06
Predicted improvement:    15286.691298809
lambda =          1; f =  26615706581.3219948
lambda =    0.33333; f =   2957298629.8974290
lambda =    0.11111; f =    328588214.2096728
lambda =   0.037037; f =     36509805.4206331
lambda =   0.012346; f =      4056824.3067166
lambda =  0.0041152; f =       450995.9518597
lambda =  0.0013717; f =        50367.7968605
lambda = 0.00045725; f =         5859.8419777
lambda = 0.00015242; f =          916.2766974
lambda = 5.0805e-05; f =          367.5635342
lambda = 1.6935e-05; f =          306.7860277
lambda =  5.645e-06; f =          300.0965123
lambda = 1.8817e-06; f =          299.3744131
lambda = 6.2723e-07; f =          299.3012399
lambda = 2.0908e-07; f =          299.2954629
lambda = 6.9692e-08; f =          299.3000939
lambda = 2.3231e-08; f =          299.2954445
lambda = 7.7435e-09; f =          299.2952428
Norm of dx 2.3157e+05
Correct for low angle: 6.66616e-05
Predicted improvement:       18.982433982
lambda =          1; f =        38812.4131384
lambda =    0.33333; f =         4576.3575565
lambda =    0.11111; f =          773.8094556
lambda =   0.037037; f =          351.7811824
lambda =   0.012346; f =          305.0481758
lambda =  0.0041152; f =          299.9086274
lambda =  0.0013717; f =          299.3552358
lambda = 0.00045725; f =          299.2996376
lambda = 0.00015242; f =          299.2954233
lambda = 5.0805e-05; f =          299.3000469
lambda = 1.6935e-05; f =          299.2956454
lambda =  5.645e-06; f =          299.2952442
lambda = 1.8817e-06; f =          299.2952285
lambda = 6.2723e-07; f =          299.2952364
lambda = 2.0908e-07; f =          299.2952405
lambda = 6.9692e-08; f =          299.2952420
lambda = 2.3231e-08; f =          299.2952426
Norm of dx      287.6
Predicted improvement:        0.000014574
lambda =          1; f =          299.2952140
Norm of dx 0.00027811
Done for param stderr obs_dy =   0.1950; f = 299.2952
Predicted improvement:        0.000034779
lambda =          1; f =          299.2951792
Norm of dx 8.9558e-05
Done for param stderr obs_r =   0.2125; f = 299.2952
Predicted improvement:        0.000015526
lambda =          1; f =          299.2951636
Norm of dx 6.7553e-05
Done for param stderr obs_di =   0.0401; f = 299.2952
Predicted improvement:        0.000094323
lambda =          1; f =          299.2950687
Norm of dx    0.31619
Done for param phi = 134.9541; f = 299.2951
Predicted improvement:        0.000011085
lambda =          1; f =          299.2950577
Norm of dx 0.00033743
Done for param alpha_y =   0.0913; f = 299.2951
Predicted improvement:        0.000046623
lambda =          1; f =          299.2950112
Norm of dx 0.00058021
Done for param gamma_m =   0.6300; f = 299.2950
Predicted improvement:        0.002273039
lambda =          1; f =          299.2927443
Norm of dx  0.0037496
Done for param gamma_I =   0.1755; f = 299.2927
Predicted improvement:        0.001921036
lambda =          1; f =          299.2908179
Norm of dx  0.0013534
Done for param delta =   0.2142; f = 299.2908
Predicted improvement:        0.005744252
lambda =          1; f =          299.2850192
Norm of dx 0.00062575
Done for param rho_xi =   0.9188; f = 299.2850
Predicted improvement:        0.005750455
lambda =          1; f =          299.2792677
Norm of dx  0.0031892
Done for param rho_g =   0.1600; f = 299.2793
Predicted improvement:        0.003575337
lambda =          1; f =          299.2757098
Norm of dx   0.013018
Done for param sigma_xi =   2.7346; f = 299.2757
Predicted improvement:        0.000051688
lambda =          1; f =          299.2756581
Norm of dx  0.0016321
Done for param sigma_theta =   0.0259; f = 299.2757
Predicted improvement:        0.000091135
lambda =          1; f =          299.2755669
Norm of dx  0.0016279
Done for param sigma_z =   0.0146; f = 299.2756
Predicted improvement:        0.000761869
lambda =          1; f =          299.2748033
Norm of dx  0.0015929
Done for param sigma_g =   0.7875; f = 299.2748
Predicted improvement:        0.004603992
lambda =          1; f =          299.2701943
Norm of dx  0.0014358
Done for param sigma_zm =   0.0992; f = 299.2702
Predicted improvement:        0.000033790
lambda =          1; f =          299.2701602
Norm of dx 0.00014733
Done for param sigma_zm2 =   0.1468; f = 299.2702
Sequence of univariate steps!!
Actual dxnorm 0.31664
FVAL          299.2702
Improvement   0.025235
Ftol          1e-05
Htol          1e-05
Elapsed time for iteration 0.92365 s.
 
Iteration 11
Correct for low angle: 1.66066e-05
Predicted improvement:     7118.518191214
lambda =          1; f =   6566854661.8304472
lambda =    0.33333; f =    729643800.9980209
lambda =    0.11111; f =     81069473.3400254
lambda =   0.037037; f =      9007211.4409504
lambda =   0.012346; f =      1000810.8557663
lambda =  0.0041152; f =       111383.2234097
lambda =  0.0013717; f =        12615.3394791
lambda = 0.00045725; f =         1659.8492431
lambda = 0.00015242; f =          448.7392511
lambda = 5.0805e-05; f =          315.7630333
lambda = 1.6935e-05; f =          301.0764532
lambda =  5.645e-06; f =          299.4622362
lambda = 1.8817e-06; f =          299.2887538
lambda = 6.2723e-07; f =          299.2714364
lambda = 2.0908e-07; f =          299.2701650
lambda = 6.9692e-08; f =          299.2708292
lambda = 2.3231e-08; f =          299.2700140
Norm of dx 1.1418e+05
Correct for low angle: 6.64977e-05
Predicted improvement:       39.570112512
lambda =          1; f =       196703.5397783
lambda =    0.33333; f =        22118.9203840
lambda =    0.11111; f =         2722.8382037
lambda =   0.037037; f =          568.2770101
lambda =   0.012346; f =          329.0670768
lambda =  0.0041152; f =          302.5501137
lambda =  0.0013717; f =          299.6244239
lambda = 0.00045725; f =          299.3062270
lambda = 0.00015242; f =          299.2731651
lambda = 5.0805e-05; f =          299.2702560
lambda = 1.6935e-05; f =          299.2731635
lambda =  5.645e-06; f =          299.2703952
lambda = 1.8817e-06; f =          299.2700669
lambda = 6.2723e-07; f =          299.2700234
lambda = 2.0908e-07; f =          299.2700162
lambda = 6.9692e-08; f =          299.2700146
lambda = 2.3231e-08; f =          299.2700142
lambda = 7.7435e-09; f =          299.2700141
lambda = 2.5812e-09; f =          299.2700140

lambda =

  -6.2723e-07

lambda = -6.2723e-07; f =          299.2700128
Norm of dx     634.98
Predicted improvement:        0.000035269
lambda =          1; f =          299.2699775
Norm of dx  9.016e-05
Done for param stderr obs_r =   0.2126; f = 299.2700
Predicted improvement:        0.000162642
lambda =          1; f =          299.2698142
Norm of dx    0.41301
Done for param phi = 135.3672; f = 299.2698
Predicted improvement:        0.000031520
lambda =          1; f =          299.2697826
Norm of dx 0.00047419
Done for param gamma_m =   0.6305; f = 299.2698
Predicted improvement:        0.002286472
lambda =          1; f =          299.2675022
Norm of dx  0.0037183
Done for param gamma_I =   0.1718; f = 299.2675
Predicted improvement:        0.001269882
lambda =          1; f =          299.2662279
Norm of dx  0.0010989
Done for param delta =   0.2131; f = 299.2662
Predicted improvement:        0.005332203
lambda =          1; f =          299.2608455
Norm of dx 0.00060434
Done for param rho_xi =   0.9182; f = 299.2608
Predicted improvement:        0.005571422
lambda =          1; f =          299.2552737
Norm of dx  0.0031416
Done for param rho_g =   0.1568; f = 299.2553
Predicted improvement:        0.000041731
lambda =          1; f =          299.2552320
Norm of dx  0.0012526
Done for param rho_zm =   0.3017; f = 299.2552
Predicted improvement:        0.003027069
lambda =          1; f =          299.2522183
Norm of dx   0.011851
Done for param sigma_xi =   2.7227; f = 299.2522
Predicted improvement:        0.000050670
lambda =          1; f =          299.2521676
Norm of dx  0.0016163
Done for param sigma_theta =   0.0258; f = 299.2522
Predicted improvement:        0.000083669
lambda =          1; f =          299.2520843
Norm of dx  0.0015598
Done for param sigma_z =   0.0146; f = 299.2521
Predicted improvement:        0.000863673
lambda =          1; f =          299.2512204
Norm of dx  0.0017002
Done for param sigma_g =   0.7892; f = 299.2512
Predicted improvement:        0.005290128
lambda =          1; f =          299.2459225
Norm of dx  0.0015542
Done for param sigma_zm =   0.0977; f = 299.2459
Predicted improvement:        0.000021777
lambda =          1; f =          299.2459007
Norm of dx 0.00011816
Done for param sigma_zm2 =   0.1469; f = 299.2459
Sequence of univariate steps!!
Actual dxnorm 0.41327
FVAL          299.2459
Improvement   0.02426
Ftol          1e-05
Htol          1e-05
Elapsed time for iteration 0.91437 s.
 
Iteration 12
Correct for low angle: 3.01179e-06
Predicted improvement:    42965.398072083
lambda =          1; f = 258643551511.3549500
lambda =    0.33333; f =  28738165280.0136871
lambda =    0.11111; f =   3193127283.4893889
lambda =   0.037037; f =    354791367.6753346
lambda =   0.012346; f =     39421256.7916190
lambda =  0.0041152; f =      4380315.4939879
lambda =  0.0013717; f =       486938.2561679
lambda = 0.00045725; f =        54360.9721168
lambda = 0.00015242; f =         6303.3768465
lambda = 5.0805e-05; f =          965.4818049
lambda = 1.6935e-05; f =          372.9759226
lambda =  5.645e-06; f =          307.3397913
lambda = 1.8817e-06; f =          300.1128397
lambda = 6.2723e-07; f =          299.3318290
lambda = 2.0908e-07; f =          299.2523780
lambda = 6.9692e-08; f =          299.2459928
lambda = 2.3231e-08; f =          299.2512738
lambda = 7.7435e-09; f =          299.2460548
lambda = 2.5812e-09; f =          299.2457700
Norm of dx 7.2193e+05
Correct for low angle: 0.000150346
Predicted improvement:        7.895342168
lambda =          1; f =         6646.3443115
lambda =    0.33333; f =         1003.6106835
lambda =    0.11111; f =          377.2195530
lambda =   0.037037; f =          307.8136294
lambda =   0.012346; f =          300.1662237
lambda =  0.0041152; f =          299.3379665
lambda =  0.0013717; f =          299.2530894
lambda = 0.00045725; f =          299.2460425
lambda = 0.00015242; f =          299.2535050
lambda = 5.0805e-05; f =          299.2464788
lambda = 1.6935e-05; f =          299.2457994
lambda =  5.645e-06; f =          299.2457568
lambda = 1.8817e-06; f =          299.2457631
lambda = 6.2723e-07; f =          299.2457674
lambda = 2.0908e-07; f =          299.2457691
lambda = 6.9692e-08; f =          299.2457697
lambda = 2.3231e-08; f =          299.2457699
lambda = 7.7435e-09; f =          299.2457700
lambda = 2.5812e-09; f =          299.2457700
Norm of dx     132.68
Predicted improvement:        0.000039553
lambda =          1; f =          299.2457173
Norm of dx 9.5449e-05
Done for param stderr obs_r =   0.2127; f = 299.2457
Predicted improvement:        0.000017217
lambda =          1; f =          299.2457000
Norm of dx 7.1111e-05
Done for param stderr obs_di =   0.0400; f = 299.2457
Predicted improvement:        0.000196159
lambda =          1; f =          299.2455033
Norm of dx    0.45133
Done for param phi = 135.8189; f = 299.2455
Predicted improvement:        0.000023095
lambda =          1; f =          299.2454802
Norm of dx  0.0011993
Done for param alpha_pi =   2.4194; f = 299.2455
Predicted improvement:        0.000049835
lambda =          1; f =          299.2454303
Norm of dx 0.00059283
Done for param gamma_m =   0.6311; f = 299.2454
Predicted improvement:        0.002168160
lambda =          1; f =          299.2432674
Norm of dx  0.0035787
Done for param gamma_I =   0.1682; f = 299.2433
Predicted improvement:        0.001091492
lambda =          1; f =          299.2421729
Norm of dx  0.0010175
Done for param delta =   0.2121; f = 299.2422
Predicted improvement:        0.005099058
lambda =          1; f =          299.2370291
Norm of dx 0.00059236
Done for param rho_xi =   0.9176; f = 299.2370
Predicted improvement:        0.005535447
lambda =          1; f =          299.2314926
Norm of dx   0.003133
Done for param rho_g =   0.1537; f = 299.2315
Predicted improvement:        0.000065519
lambda =          1; f =          299.2314272
Norm of dx  0.0015961
Done for param rho_zm =   0.3001; f = 299.2314
Predicted improvement:        0.002432281
lambda =          1; f =          299.2290046
Norm of dx    0.01051
Done for param sigma_xi =   2.7122; f = 299.2290
Predicted improvement:        0.000062832
lambda =          1; f =          299.2289418
Norm of dx  0.0017999
Done for param sigma_theta =   0.0259; f = 299.2289
Predicted improvement:        0.000106662
lambda =          1; f =          299.2288351
Norm of dx  0.0017608
Done for param sigma_z =   0.0146; f = 299.2288
Predicted improvement:        0.000944086
lambda =          1; f =          299.2278887
Norm of dx  0.0017785
Done for param sigma_g =   0.7910; f = 299.2279
Predicted improvement:        0.005644169
lambda =          1; f =          299.2222640
Norm of dx   0.001626
Done for param sigma_zm =   0.0961; f = 299.2223
Predicted improvement:        0.000019510
lambda =          1; f =          299.2222445
Norm of dx 0.00011186
Done for param sigma_zm2 =   0.1470; f = 299.2222
Sequence of univariate steps!!
Actual dxnorm 0.45186
FVAL          299.2222
Improvement   0.023656
Ftol          1e-05
Htol          1e-05
Elapsed time for iteration 0.99386 s.
 
Iteration 13
Correct for low angle: 4.58648e-07
Predicted improvement:  1338870.442810090
lambda =          1; f = 277465513468957.2187500
lambda =    0.33333; f = 30829501249978.4882812
lambda =    0.11111; f = 3425500058482.1850586
lambda =   0.037037; f = 380611090985.6494751
lambda =   0.012346; f =  42290112524.0891418
lambda =  0.0041152; f =   4698898670.6747284
lambda =  0.0013717; f =    522099123.2890830
lambda = 0.00045725; f =     58010948.6480622
lambda = 0.00015242; f =      6445817.2079513
lambda = 5.0805e-05; f =       716431.9071368
lambda = 1.6935e-05; f =        79858.0805150
lambda =  5.645e-06; f =         9135.7241577
lambda = 1.8817e-06; f =         1279.9747600
lambda = 6.2723e-07; f =          407.8347997
lambda = 2.0908e-07; f =          311.1707210
lambda = 6.9692e-08; f =          300.5103882
lambda = 2.3231e-08; f =          299.3526136
lambda = 7.7435e-09; f =          299.2328743
lambda = 2.5812e-09; f =          299.2225373

lambda =

  -6.2723e-07

lambda = -6.2723e-07; f =          407.9443148
lambda = -2.0908e-07; f =          311.1926750
lambda = -6.9692e-08; f =          300.5299474
lambda = -2.3231e-08; f =          299.3602227
lambda = -7.7435e-09; f =          299.2352609
lambda = -2.5812e-09; f =          299.2230455
Norm of dx 2.3686e+07
Correct for low angle: 0.000155498
Predicted improvement:       15.482815847
lambda =          1; f =        36366.5625521
lambda =    0.33333; f =         4305.4526258
lambda =    0.11111; f =          743.9485344
lambda =   0.037037; f =          348.4995965
lambda =   0.012346; f =          304.6520720
lambda =  0.0041152; f =          299.8105402
lambda =  0.0013717; f =          299.2827308
lambda = 0.00045725; f =          299.2274647
lambda = 0.00015242; f =          299.2224506
lambda = 5.0805e-05; f =          299.2256692
lambda = 1.6935e-05; f =          299.2222744
lambda =  5.645e-06; f =          299.2221313
Norm of dx     273.91
Predicted improvement:        0.000036309
lambda =          1; f =          299.2220949
Norm of dx 9.1428e-05
Done for param stderr obs_r =   0.2128; f = 299.2221
Predicted improvement:        0.000214568
lambda =          1; f =          299.2218798
Norm of dx    0.46977
Done for param phi = 136.2885; f = 299.2219
Predicted improvement:        0.000015014
lambda =          1; f =          299.2218648
Norm of dx 0.00096662
Done for param alpha_pi =   2.4204; f = 299.2219
Predicted improvement:        0.000041860
lambda =          1; f =          299.2218230
Norm of dx 0.00053992
Done for param gamma_m =   0.6317; f = 299.2218
Predicted improvement:        0.002062984
lambda =          1; f =          299.2197643
Norm of dx  0.0034501
Done for param gamma_I =   0.1648; f = 299.2198
Predicted improvement:        0.000988309
lambda =          1; f =          299.2187738
Norm of dx 0.00096674
Done for param delta =   0.2111; f = 299.2188
Predicted improvement:        0.004608042
lambda =          1; f =          299.2141221
Norm of dx  0.0005639
Done for param rho_xi =   0.9170; f = 299.2141
Predicted improvement:        0.005484620
lambda =          1; f =          299.2086363
Norm of dx  0.0031202
Done for param rho_g =   0.1506; f = 299.2086
Predicted improvement:        0.000098106
lambda =          1; f =          299.2085382
Norm of dx  0.0019874
Done for param rho_zm =   0.2981; f = 299.2085
Predicted improvement:        0.001967528
lambda =          1; f =          299.2065784
Norm of dx   0.009358
Done for param sigma_xi =   2.7028; f = 299.2066
Predicted improvement:        0.000021400
lambda =          1; f =          299.2065570
Norm of dx  0.0010506
Done for param sigma_theta =   0.0259; f = 299.2066
Predicted improvement:        0.000040861
lambda =          1; f =          299.2065161
Norm of dx  0.0010915
Done for param sigma_z =   0.0146; f = 299.2065
Predicted improvement:        0.000995580
lambda =          1; f =          299.2055180
Norm of dx  0.0018293
Done for param sigma_g =   0.7928; f = 299.2055
Predicted improvement:        0.005732201
lambda =          1; f =          299.1997724
Norm of dx  0.0016515
Done for param sigma_zm =   0.0944; f = 299.1998
Predicted improvement:        0.000015903
lambda =          1; f =          299.1997565
Norm of dx 0.00010101
Done for param sigma_zm2 =   0.1472; f = 299.1998
Sequence of univariate steps!!
Actual dxnorm 0.46972
FVAL          299.1998
Improvement   0.022488
Ftol          1e-05
Htol          1e-05
Elapsed time for iteration 0.8022 s.
 
Iteration 14
Correct for low angle: 2.31973e-06
Predicted improvement:    60186.614764293
lambda =          1; f = 631454150925.4747314
lambda =    0.33333; f =  70161561031.6179199
lambda =    0.11111; f =   7795725416.9794436
lambda =   0.037037; f =    866190695.4311084
lambda =   0.012346; f =     96243249.3587287
lambda =  0.0041152; f =     10693818.5477773
lambda =  0.0013717; f =      1188421.3599287
lambda = 0.00045725; f =       132297.7808093
lambda = 0.00015242; f =        14961.2243128
lambda = 5.0805e-05; f =         1926.9183153
lambda = 1.6935e-05; f =          479.5926790
lambda =  5.645e-06; f =          319.0889147
lambda = 1.8817e-06; f =          301.3585615
lambda = 6.2723e-07; f =          299.4229884
lambda = 2.0908e-07; f =          299.2194135
lambda = 6.9692e-08; f =          299.2006236
lambda = 2.3231e-08; f =          299.2148404
lambda = 7.7435e-09; f =          299.2008136
lambda = 2.5812e-09; f =          299.1996670
Norm of dx 1.1286e+06
Correct for low angle: 8.9392e-05
Predicted improvement:       23.093373207
lambda =          1; f =        90446.1719604
lambda =    0.33333; f =        10312.1836358
lambda =    0.11111; f =         1410.6916991
lambda =   0.037037; f =          422.3452586
lambda =   0.012346; f =          312.7650605
lambda =  0.0041152; f =          300.6681739
lambda =  0.0013717; f =          299.3503058
lambda = 0.00045725; f =          299.2126194
lambda = 0.00015242; f =          299.2002354
lambda = 5.0805e-05; f =          299.2131302
lambda = 1.6935e-05; f =          299.2013716
lambda =  5.645e-06; f =          299.1999275
lambda = 1.8817e-06; f =          299.1997197
lambda = 6.2723e-07; f =          299.1996808
lambda = 2.0908e-07; f =          299.1996712
lambda = 6.9692e-08; f =          299.1996683
lambda = 2.3231e-08; f =          299.1996674
lambda = 7.7435e-09; f =          299.1996671
lambda = 2.5812e-09; f =          299.1996670

lambda =

  -6.2723e-07

lambda = -6.2723e-07; f =          299.1996570
Norm of dx     433.11
Predicted improvement:        0.000035567
lambda =          1; f =          299.1996214
Norm of dx 9.0465e-05
Done for param stderr obs_r =   0.2129; f = 299.1996
Predicted improvement:        0.000014151
lambda =          1; f =          299.1996073
Norm of dx 6.4449e-05
Done for param stderr obs_di =   0.0400; f = 299.1996
Predicted improvement:        0.000237774
lambda =          1; f =          299.1993689
Norm of dx    0.49211
Done for param phi = 136.7805; f = 299.1994
Predicted improvement:        0.000016808
lambda =          1; f =          299.1993520
Norm of dx  0.0010219
Done for param alpha_pi =   2.4214; f = 299.1994
Predicted improvement:        0.000041791
lambda =          1; f =          299.1993103
Norm of dx 0.00053616
Done for param gamma_m =   0.6322; f = 299.1993
Predicted improvement:        0.001938619
lambda =          1; f =          299.1973753
Norm of dx  0.0033056
Done for param gamma_I =   0.1615; f = 299.1974
Predicted improvement:        0.000912799
lambda =          1; f =          299.1964607
Norm of dx 0.00092759
Done for param delta =   0.2102; f = 299.1965
Predicted improvement:        0.004063028
lambda =          1; f =          299.1923632
Norm of dx 0.00053053
Done for param rho_xi =   0.9165; f = 299.1924
Predicted improvement:        0.000011554
lambda =          1; f =          299.1923516
Norm of dx  0.0010409
Done for param rho_theta =   0.8802; f = 299.1924
Predicted improvement:        0.005425591
lambda =          1; f =          299.1869251
Norm of dx  0.0031049
Done for param rho_g =   0.1475; f = 299.1869
Predicted improvement:        0.000125202
lambda =          1; f =          299.1868001
Norm of dx   0.002285
Done for param rho_zm =   0.2959; f = 299.1868
Predicted improvement:        0.001602006
lambda =          1; f =          299.1852037
Norm of dx  0.0083628
Done for param sigma_xi =   2.6945; f = 299.1852
Predicted improvement:        0.000063116
lambda =          1; f =          299.1851406
Norm of dx  0.0018035
Done for param sigma_theta =   0.0259; f = 299.1851
Predicted improvement:        0.000112430
lambda =          1; f =          299.1850281
Norm of dx  0.0018117
Done for param sigma_z =   0.0147; f = 299.1850
Predicted improvement:        0.001023983
lambda =          1; f =          299.1840016
Norm of dx  0.0018582
Done for param sigma_g =   0.7947; f = 299.1840
Predicted improvement:        0.005706243
lambda =          1; f =          299.1782795
Norm of dx  0.0016649
Done for param sigma_zm =   0.0928; f = 299.1783
Predicted improvement:        0.000020739
lambda =          1; f =          299.1782587
Norm of dx 0.00011531
Done for param sigma_zm2 =   0.1473; f = 299.1783
Sequence of univariate steps!!
Actual dxnorm 0.49218
FVAL          299.1783
Improvement   0.021498
Ftol          1e-05
Htol          1e-05
Elapsed time for iteration 0.82514 s.
 
Iteration 15
Correct for low angle: 7.03531e-06
Predicted improvement:    18124.794725867
lambda =          1; f =  64939881977.7934952
lambda =    0.33333; f =   7215539013.7815580
lambda =    0.11111; f =    801725592.2838764
lambda =   0.037037; f =     89080477.6878772
lambda =   0.012346; f =      9897960.8672562
lambda =  0.0041152; f =      1099994.6580553
lambda =  0.0013717; f =       122473.2184392
lambda = 0.00045725; f =        13869.7953899
lambda = 0.00015242; f =         1805.6853347
lambda = 5.0805e-05; f =          466.1219065
lambda = 1.6935e-05; f =          317.5792739
lambda =  5.645e-06; f =          301.1737863
lambda = 1.8817e-06; f =          299.3840375
lambda = 6.2723e-07; f =          299.1962042
lambda = 2.0908e-07; f =          299.1790098
lambda = 6.9692e-08; f =          299.1920714
lambda = 2.3231e-08; f =          299.1792312
lambda = 7.7435e-09; f =          299.1781797
lambda = 2.5812e-09; f =          299.1781876
lambda = 4.9899e-09; f =          299.1781616
Norm of dx 3.5985e+05
Correct for low angle: 7.3969e-06
Predicted improvement:     9690.957133782
lambda =          1; f =  18581856038.1899834
lambda =    0.33333; f =   2064649038.7225301
lambda =    0.11111; f =    229405082.5858034
lambda =   0.037037; f =     25489509.4676209
lambda =   0.012346; f =      2832364.2309685
lambda =  0.0041152; f =       314950.5046832
lambda =  0.0013717; f =        35253.4507250
lambda = 0.00045725; f =         4180.9258102
lambda = 0.00015242; f =          729.8025825
lambda = 5.0805e-05; f =          346.7987779
lambda = 1.6935e-05; f =          304.3942435
lambda =  5.645e-06; f =          299.7331099
lambda = 1.8817e-06; f =          299.2320333
lambda = 6.2723e-07; f =          299.1819672
lambda = 2.0908e-07; f =          299.1782739
lambda = 6.9692e-08; f =          299.1827995
lambda = 2.3231e-08; f =          299.1786554
lambda = 7.7435e-09; f =          299.1782095
lambda = 2.5812e-09; f =          299.1781646

lambda =

  -6.2723e-07

lambda = -6.2723e-07; f =          299.1830163
lambda = -2.0908e-07; f =          299.1784120
lambda = -6.9692e-08; f =          299.1829768
lambda = -2.3231e-08; f =          299.1787177
lambda = -7.7435e-09; f =          299.1782304
lambda = -2.5812e-09; f =          299.1781716
Norm of dx 1.9241e+05
Predicted improvement:        0.000035338
lambda =          1; f =          299.1781262
Norm of dx 9.0146e-05
Done for param stderr obs_r =   0.2130; f = 299.1781
Predicted improvement:        0.000244776
lambda =          1; f =          299.1778808
Norm of dx      0.497
Done for param phi = 137.2776; f = 299.1779
Predicted improvement:        0.000013383
lambda =          1; f =          299.1778674
Norm of dx 0.00091124
Done for param alpha_pi =   2.4223; f = 299.1779
Predicted improvement:        0.000041991
lambda =          1; f =          299.1778254
Norm of dx 0.00053419
Done for param gamma_m =   0.6327; f = 299.1778
Predicted improvement:        0.001822725
lambda =          1; f =          299.1760060
Norm of dx  0.0031695
Done for param gamma_I =   0.1583; f = 299.1760
Predicted improvement:        0.000889944
lambda =          1; f =          299.1751142
Norm of dx 0.00091429
Done for param delta =   0.2093; f = 299.1751
Predicted improvement:        0.003565279
lambda =          1; f =          299.1715205
Norm of dx 0.00049764
Done for param rho_xi =   0.9160; f = 299.1715
Predicted improvement:        0.005325391
lambda =          1; f =          299.1661940
Norm of dx  0.0030773
Done for param rho_g =   0.1444; f = 299.1662
Predicted improvement:        0.000140216
lambda =          1; f =          299.1660539
Norm of dx  0.0024606
Done for param rho_zm =   0.2934; f = 299.1661
Predicted improvement:        0.001294502
lambda =          1; f =          299.1647636
Norm of dx  0.0074495
Done for param sigma_xi =   2.6870; f = 299.1648
Predicted improvement:        0.000034376
lambda =          1; f =          299.1647292
Norm of dx  0.0013324
Done for param sigma_theta =   0.0259; f = 299.1647
Predicted improvement:        0.000051312
lambda =          1; f =          299.1646779
Norm of dx  0.0012257
Done for param sigma_z =   0.0147; f = 299.1647
Predicted improvement:        0.001008144
lambda =          1; f =          299.1636673
Norm of dx   0.001847
Done for param sigma_g =   0.7966; f = 299.1637
Predicted improvement:        0.005631626
lambda =          1; f =          299.1580174
Norm of dx  0.0016715
Done for param sigma_zm =   0.0911; f = 299.1580
Predicted improvement:        0.000015007
lambda =          1; f =          299.1580024
Norm of dx 9.8092e-05
Done for param sigma_zm2 =   0.1474; f = 299.1580
Sequence of univariate steps!!
Actual dxnorm 0.49709
FVAL          299.158
Improvement   0.020256
Ftol          1e-05
Htol          1e-05
Elapsed time for iteration 0.7753 s.
 
Iteration 16
Correct for low angle: 1.43167e-06
Predicted improvement:   124013.760139440
lambda =          1; f = 3385757025593.5205078
lambda =    0.33333; f = 376195197785.0010376
lambda =    0.11111; f =  41799457770.4439163
lambda =   0.037037; f =   4644381491.2593222
lambda =   0.012346; f =    516041664.0127271
lambda =  0.0041152; f =     57337899.2802872
lambda =  0.0013717; f =      6371034.4623449
lambda = 0.00045725; f =       708122.8437422
lambda = 0.00015242; f =        78934.8547310
lambda = 5.0805e-05; f =         9033.1052711
lambda = 1.6935e-05; f =         1268.5197005
lambda =  5.645e-06; f =          406.5062938
lambda = 1.8817e-06; f =          310.9664676
lambda = 6.2723e-07; f =          300.4307451
lambda = 2.0908e-07; f =          299.2867138
lambda = 6.9692e-08; f =          299.1684674
lambda = 2.3231e-08; f =          299.1582850
lambda = 7.7435e-09; f =          299.1665201
lambda = 2.5812e-09; f =          299.1585225

lambda =

  -6.2723e-07

lambda = -6.2723e-07; f =          300.4372501
lambda = -2.0908e-07; f =          299.2928505
lambda = -6.9692e-08; f =          299.1706833
lambda = -2.3231e-08; f =          299.1587719
lambda = -7.7435e-09; f =          299.1704032
lambda = -2.5812e-09; f =          299.1598045
Norm of dx  2.602e+06
Correct for low angle: 8.47721e-05
Predicted improvement:       18.588337887
lambda =          1; f =        73829.6220361
lambda =    0.33333; f =         8467.3280563
lambda =    0.11111; f =         1206.1423179
lambda =   0.037037; f =          399.7374538
lambda =   0.012346; f =          310.2680970
lambda =  0.0041152; f =          300.3707853
lambda =  0.0013717; f =          299.2856600
lambda = 0.00045725; f =          299.1699492
lambda = 0.00015242; f =          299.1587120
lambda = 5.0805e-05; f =          299.1662637
lambda = 1.6935e-05; f =          299.1584973
lambda =  5.645e-06; f =          299.1579174
Norm of dx      390.1
Predicted improvement:        0.000034192
lambda =          1; f =          299.1578832
Norm of dx  8.865e-05
Done for param stderr obs_r =   0.2131; f = 299.1579
Predicted improvement:        0.000012493
lambda =          1; f =          299.1578707
Norm of dx 6.0537e-05
Done for param stderr obs_di =   0.0399; f = 299.1579
Predicted improvement:        0.000230146
lambda =          1; f =          299.1576399
Norm of dx    0.47971
Done for param phi = 137.7575; f = 299.1576
Predicted improvement:        0.000014676
lambda =          1; f =          299.1576252
Norm of dx 0.00095335
Done for param alpha_pi =   2.4233; f = 299.1576
Predicted improvement:        0.000021439
lambda =          1; f =          299.1576038
Norm of dx 0.00043755
Done for param alpha_y =   0.0909; f = 299.1576
Predicted improvement:        0.000052758
lambda =          1; f =          299.1575511
Norm of dx 0.00059504
Done for param gamma_m =   0.6333; f = 299.1576
Predicted improvement:        0.001874360
lambda =          1; f =          299.1556798
Norm of dx  0.0031779
Done for param gamma_I =   0.1551; f = 299.1557
Predicted improvement:        0.000776872
lambda =          1; f =          299.1549016
Norm of dx 0.00085298
Done for param delta =   0.2084; f = 299.1549
Predicted improvement:        0.003039336
lambda =          1; f =          299.1518390
Norm of dx  0.0004599
Done for param rho_xi =   0.9155; f = 299.1518
Predicted improvement:        0.005223972
lambda =          1; f =          299.1466150
Norm of dx  0.0030501
Done for param rho_g =   0.1414; f = 299.1466
Predicted improvement:        0.000150715
lambda =          1; f =          299.1464645
Norm of dx   0.002596
Done for param rho_zm =   0.2908; f = 299.1465
Predicted improvement:        0.001039592
lambda =          1; f =          299.1454278
Norm of dx  0.0066178
Done for param sigma_xi =   2.6804; f = 299.1454
Predicted improvement:        0.000042196
lambda =          1; f =          299.1453857
Norm of dx  0.0014775
Done for param sigma_theta =   0.0260; f = 299.1454
Predicted improvement:        0.000084432
lambda =          1; f =          299.1453012
Norm of dx   0.001576
Done for param sigma_z =   0.0147; f = 299.1453
Predicted improvement:        0.001067251
lambda =          1; f =          299.1442313
Norm of dx  0.0019035
Done for param sigma_g =   0.7985; f = 299.1442
Predicted improvement:        0.005441819
lambda =          1; f =          299.1387695
Norm of dx    0.00166
Done for param sigma_zm =   0.0894; f = 299.1388
Sequence of univariate steps!!
Actual dxnorm 0.47999
FVAL          299.1388
Improvement   0.019233
Ftol          1e-05
Htol          1e-05
Elapsed time for iteration 0.8059 s.
 
Iteration 17
Correct for low angle: 1.69497e-05
Predicted improvement:     7005.175619452
lambda =          1; f =  11939949994.5531273
lambda =    0.33333; f =   1326657828.6036026
lambda =    0.11111; f =    147405509.7725155
lambda =   0.037037; f =     16378263.1009778
lambda =   0.012346; f =      1819943.0476847
lambda =  0.0041152; f =       202439.5227504
lambda =  0.0013717; f =        22746.0802224
lambda = 0.00045725; f =         2789.5143342
lambda = 0.00015242; f =          575.0504644
lambda = 5.0805e-05; f =          329.6037800
lambda = 1.6935e-05; f =          302.4602239
lambda =  5.645e-06; f =          299.4870392
lambda = 1.8817e-06; f =          299.1709406
lambda = 6.2723e-07; f =          299.1405703
lambda = 2.0908e-07; f =          299.1622963
lambda = 6.9692e-08; f =          299.1407430
lambda = 2.3231e-08; f =          299.1387723
lambda = 7.7435e-09; f =          299.1386975
Norm of dx 1.5573e+05
Correct for low angle: 4.39761e-05
Predicted improvement:       84.421474267
lambda =          1; f =      1767300.2506236
lambda =    0.33333; f =       196614.5685413
lambda =    0.11111; f =        22106.4948621
lambda =   0.037037; f =         2720.5246752
lambda =   0.012346; f =          567.6311987
lambda =  0.0041152; f =          328.7881544
lambda =  0.0013717; f =          302.3724856
lambda = 0.00045725; f =          299.4782271
lambda = 0.00015242; f =          299.1702481
lambda = 5.0805e-05; f =          299.1405632
lambda = 1.6935e-05; f =          299.1642884
lambda =  5.645e-06; f =          299.1413213
lambda = 1.8817e-06; f =          299.1389211
lambda = 6.2723e-07; f =          299.1386999
lambda = 2.0908e-07; f =          299.1386903
lambda = 6.9692e-08; f =          299.1386942
lambda = 2.3231e-08; f =          299.1386963
Norm of dx     1876.9
Predicted improvement:        0.000040018
lambda =          1; f =          299.1386502
Norm of dx 9.5876e-05
Done for param stderr obs_r =   0.2132; f = 299.1387
Predicted improvement:        0.000225251
lambda =          1; f =          299.1384244
Norm of dx    0.47234
Done for param phi = 138.2298; f = 299.1384
Predicted improvement:        0.000025940
lambda =          1; f =          299.1383985
Norm of dx  0.0012658
Done for param alpha_pi =   2.4245; f = 299.1384
Predicted improvement:        0.000023196
lambda =          1; f =          299.1383753
Norm of dx 0.00044822
Done for param alpha_y =   0.0904; f = 299.1384
Predicted improvement:        0.000049441
lambda =          1; f =          299.1383259
Norm of dx 0.00057243
Done for param gamma_m =   0.6339; f = 299.1383
Predicted improvement:        0.001753880
lambda =          1; f =          299.1365745
Norm of dx  0.0030402
Done for param gamma_I =   0.1521; f = 299.1366
Predicted improvement:        0.000766030
lambda =          1; f =          299.1358066
Norm of dx 0.00084522
Done for param delta =   0.2076; f = 299.1358
Predicted improvement:        0.002689732
lambda =          1; f =          299.1330979
Norm of dx 0.00043291
Done for param rho_xi =   0.9151; f = 299.1331
Predicted improvement:        0.005101420
lambda =          1; f =          299.1279953
Norm of dx  0.0030154
Done for param rho_g =   0.1383; f = 299.1280
Predicted improvement:        0.000146318
lambda =          1; f =          299.1278492
Norm of dx  0.0026019
Done for param rho_zm =   0.2882; f = 299.1278
Predicted improvement:        0.000828945
lambda =          1; f =          299.1270224
Norm of dx  0.0058615
Done for param sigma_xi =   2.6745; f = 299.1270
Predicted improvement:        0.000026706
lambda =          1; f =          299.1269956
Norm of dx  0.0011776
Done for param sigma_theta =   0.0261; f = 299.1270
Predicted improvement:        0.000038296
lambda =          1; f =          299.1269574
Norm of dx  0.0010624
Done for param sigma_z =   0.0148; f = 299.1270
Predicted improvement:        0.001053416
lambda =          1; f =          299.1259014
Norm of dx  0.0018945
Done for param sigma_g =   0.8004; f = 299.1259
Predicted improvement:        0.005259074
lambda =          1; f =          299.1206208
Norm of dx  0.0016492
Done for param sigma_zm =   0.0878; f = 299.1206
Predicted improvement:        0.000017749
lambda =          1; f =          299.1206030
Norm of dx 0.00010656
Done for param sigma_zm2 =   0.1475; f = 299.1206
Sequence of univariate steps!!
Actual dxnorm 0.47243
FVAL          299.1206
Improvement   0.018166
Ftol          1e-05
Htol          1e-05
Elapsed time for iteration 0.79026 s.
 
Iteration 18
Correct for low angle: 6.57386e-07
Predicted improvement:   827940.149080833
lambda =          1; f = 191485362547119.1562500
lambda =    0.33333; f = 21276151192442.1562500
lambda =    0.11111; f = 2364016732110.7270508
lambda =   0.037037; f = 262668503618.1293945
lambda =   0.012346; f =  29185382078.1387367
lambda =  0.0041152; f =   3242818004.5354075
lambda =  0.0013717; f =    360312547.3780259
lambda = 0.00045725; f =     40034717.2933857
lambda = 0.00015242; f =      4448476.3907460
lambda = 5.0805e-05; f =       494511.1470464
lambda = 1.6935e-05; f =        55202.1492450
lambda =  5.645e-06; f =         6396.6850574
lambda = 1.8817e-06; f =          975.7228955
lambda = 6.2723e-07; f =          373.9974156
lambda = 2.0908e-07; f =          307.3402453
lambda = 6.9692e-08; f =          300.0009652
lambda = 2.3231e-08; f =          299.2078470
lambda = 7.7435e-09; f =          299.1271753
lambda = 2.5812e-09; f =          299.1206959

lambda =

  -6.2723e-07

lambda = -6.2723e-07; f =          372.9608024
lambda = -2.0908e-07; f =          307.2686705
lambda = -6.9692e-08; f =          300.0072738
lambda = -2.3231e-08; f =          299.2130283
lambda = -7.7435e-09; f =          299.1289710
lambda = -2.5812e-09; f =          299.1210286
Norm of dx 1.9503e+07
Correct for low angle: 8.60621e-05
Predicted improvement:       20.462525275
lambda =          1; f =       113816.7915965
lambda =    0.33333; f =        12909.7446846
lambda =    0.11111; f =         1699.5628376
lambda =   0.037037; f =          454.4793524
lambda =   0.012346; f =          316.3008349
lambda =  0.0041152; f =          301.0023636
lambda =  0.0013717; f =          299.3207658
lambda = 0.00045725; f =          299.1399991
lambda = 0.00015242; f =          299.1219398
lambda = 5.0805e-05; f =          299.1206084
lambda = 1.6935e-05; f =          299.1216320
lambda =  5.645e-06; f =          299.1205632
lambda = 1.8817e-06; f =          299.1205473
lambda = 3.6376e-06; f =          299.1205335
Norm of dx     482.11
Predicted improvement:        0.000025140
lambda =          1; f =          299.1205084
Norm of dx 7.5989e-05
Done for param stderr obs_r =   0.2133; f = 299.1205
Predicted improvement:        0.000010646
lambda =          1; f =          299.1204977
Norm of dx 5.5867e-05
Done for param stderr obs_di =   0.0398; f = 299.1205
Predicted improvement:        0.000199534
lambda =          1; f =          299.1202977
Norm of dx    0.44242
Done for param phi = 138.6723; f = 299.1203
Predicted improvement:        0.000020765
lambda =          1; f =          299.1202769
Norm of dx  0.0011315
Done for param alpha_pi =   2.4257; f = 299.1203
Predicted improvement:        0.000039042
lambda =          1; f =          299.1202379
Norm of dx 0.00050559
Done for param gamma_m =   0.6344; f = 299.1202
Predicted improvement:        0.001578986
lambda =          1; f =          299.1186609
Norm of dx  0.0028542
Done for param gamma_I =   0.1492; f = 299.1187
Predicted improvement:        0.000832344
lambda =          1; f =          299.1178265
Norm of dx 0.00087941
Done for param delta =   0.2067; f = 299.1178
Predicted improvement:        0.002319234
lambda =          1; f =          299.1154949
Norm of dx 0.00040232
Done for param rho_xi =   0.9147; f = 299.1155
Predicted improvement:        0.004879388
lambda =          1; f =          299.1106152
Norm of dx  0.0029497
Done for param rho_g =   0.1354; f = 299.1106
Predicted improvement:        0.000153626
lambda =          1; f =          299.1104618
Norm of dx  0.0027131
Done for param rho_zm =   0.2855; f = 299.1105
Predicted improvement:        0.000686554
lambda =          1; f =          299.1097769
Norm of dx  0.0052931
Done for param sigma_xi =   2.6693; f = 299.1098
Predicted improvement:        0.000026844
lambda =          1; f =          299.1097501
Norm of dx  0.0011814
Done for param sigma_theta =   0.0262; f = 299.1098
Predicted improvement:        0.000053616
lambda =          1; f =          299.1096965
Norm of dx  0.0012594
Done for param sigma_z =   0.0148; f = 299.1097
Predicted improvement:        0.000961265
lambda =          1; f =          299.1087330
Norm of dx  0.0018129
Done for param sigma_g =   0.8022; f = 299.1087
Predicted improvement:        0.005062208
lambda =          1; f =          299.1036479
Norm of dx  0.0016362
Done for param sigma_zm =   0.0861; f = 299.1036
Predicted improvement:        0.000014107
lambda =          1; f =          299.1036338
Norm of dx 9.4979e-05
Done for param sigma_zm2 =   0.1476; f = 299.1036
Sequence of univariate steps!!
Actual dxnorm 0.44256
FVAL          299.1036
Improvement   0.016969
Ftol          1e-05
Htol          1e-05
Elapsed time for iteration 0.71493 s.
 
Iteration 19
Correct for low angle: 1.3581e-06
Predicted improvement:   142674.406429377
lambda =          1; f = 6265897506093.6660156
lambda =    0.33333; f = 696210787370.7652588
lambda =    0.11111; f =  77356739740.1906433
lambda =   0.037037; f =   8595188678.7589912
lambda =   0.012346; f =    955019600.7365789
lambda =  0.0041152; f =    106113012.7796416
lambda =  0.0013717; f =     11790421.0151054
lambda = 0.00045725; f =      1310253.8378268
lambda = 0.00015242; f =       145831.0388155
lambda = 5.0805e-05; f =        16464.1048801
lambda = 1.6935e-05; f =         2093.7366061
lambda =  5.645e-06; f =          498.0151959
lambda = 1.8817e-06; f =          321.0412900
lambda = 6.2723e-07; f =          301.4870136
lambda = 2.0908e-07; f =          299.3508132
lambda = 6.9692e-08; f =          299.1256233
lambda = 2.3231e-08; f =          299.1046574
lambda = 7.7435e-09; f =          299.1205869
lambda = 2.5812e-09; f =          299.1050257

lambda =

  -6.2723e-07

lambda = -6.2723e-07; f =          301.4840664
lambda = -2.0908e-07; f =          299.3580570
lambda = -6.9692e-08; f =          299.1286769
lambda = -2.3231e-08; f =          299.1054712
lambda = -7.7435e-09; f =          299.1036532
lambda = -2.5812e-09; f =          299.1065016
Norm of dx 3.5375e+06
Correct for low angle: 3.21998e-05
Predicted improvement:       98.751857088
lambda =          1; f =      3012910.7272825
lambda =    0.33333; f =       335009.2176612
lambda =    0.11111; f =        37481.4896374
lambda =   0.037037; f =         4428.2197811
lambda =   0.012346; f =          757.1477189
lambda =  0.0041152; f =          349.7489603
lambda =  0.0013717; f =          304.6484774
lambda = 0.00045725; f =          299.6926612
lambda = 0.00015242; f =          299.1604645
lambda = 5.0805e-05; f =          299.1074813
lambda = 1.6935e-05; f =          299.1036443
lambda =  5.645e-06; f =          299.1074785
lambda = 1.8817e-06; f =          299.1038122
lambda = 6.2723e-07; f =          299.1035710
Norm of dx     2448.6
Predicted improvement:        0.000027416
lambda =          1; f =          299.1035436
Norm of dx  7.933e-05
Done for param stderr obs_r =   0.2133; f = 299.1035
Predicted improvement:        0.000195522
lambda =          1; f =          299.1033476
Norm of dx    0.43595
Done for param phi = 139.1083; f = 299.1033
Predicted improvement:        0.000010838
lambda =          1; f =          299.1033367
Norm of dx 0.00081687
Done for param alpha_pi =   2.4265; f = 299.1033
Predicted improvement:        0.000023229
lambda =          1; f =          299.1033135
Norm of dx 0.00043573
Done for param alpha_y =   0.0900; f = 299.1033
Predicted improvement:        0.000046002
lambda =          1; f =          299.1032676
Norm of dx 0.00054561
Done for param gamma_m =   0.6349; f = 299.1033
Predicted improvement:        0.001633144
lambda =          1; f =          299.1016364
Norm of dx  0.0028731
Done for param gamma_I =   0.1464; f = 299.1016
Predicted improvement:        0.000730607
lambda =          1; f =          299.1009044
Norm of dx 0.00082287
Done for param delta =   0.2059; f = 299.1009
Predicted improvement:        0.001934340
lambda =          1; f =          299.0989581
Norm of dx 0.00036723
Done for param rho_xi =   0.9143; f = 299.0990
Predicted improvement:        0.004642154
lambda =          1; f =          299.0943156
Norm of dx  0.0028782
Done for param rho_g =   0.1325; f = 299.0943
Predicted improvement:        0.000153524
lambda =          1; f =          299.0941623
Norm of dx  0.0027584
Done for param rho_zm =   0.2827; f = 299.0942
Predicted improvement:        0.000553106
lambda =          1; f =          299.0936103
Norm of dx  0.0047162
Done for param sigma_xi =   2.6645; f = 299.0936
Predicted improvement:        0.000025579
lambda =          1; f =          299.0935847
Norm of dx  0.0011555
Done for param sigma_theta =   0.0262; f = 299.0936
Predicted improvement:        0.000036313
lambda =          1; f =          299.0935484
Norm of dx  0.0010373
Done for param sigma_z =   0.0149; f = 299.0935
Predicted improvement:        0.000955793
lambda =          1; f =          299.0925905
Norm of dx  0.0018107
Done for param sigma_g =   0.8040; f = 299.0926
Predicted improvement:        0.004801215
lambda =          1; f =          299.0877656
Norm of dx  0.0016108
Done for param sigma_zm =   0.0845; f = 299.0878
Sequence of univariate steps!!
Actual dxnorm 0.43605
FVAL          299.0878
Improvement   0.015868
Ftol          1e-05
Htol          1e-05
[Warning: Matrix is close to singular or badly scaled. Results may be inaccurate. RCOND =  1.985456e-16.] 
[> In <a href="matlab:matlab.internal.language.introspective.errorDocCallback('mr_hessian', 'C:\dynare\7.0\matlab\optimization\mr_hessian.m', 268)" style="font-weight:bold">mr_hessian</a> (<a href="matlab: opentoline('C:\dynare\7.0\matlab\optimization\mr_hessian.m',268,0)">line 268</a>)
In <a href="matlab:matlab.internal.language.introspective.errorDocCallback('newrat', 'C:\dynare\7.0\matlab\optimization\newrat.m', 298)" style="font-weight:bold">newrat</a> (<a href="matlab: opentoline('C:\dynare\7.0\matlab\optimization\newrat.m',298,0)">line 298</a>)
In <a href="matlab:matlab.internal.language.introspective.errorDocCallback('dynare_minimize_objective', 'C:\dynare\7.0\matlab\optimization\dynare_minimize_objective.m', 372)" style="font-weight:bold">dynare_minimize_objective</a> (<a href="matlab: opentoline('C:\dynare\7.0\matlab\optimization\dynare_minimize_objective.m',372,0)">line 372</a>)
In <a href="matlab:matlab.internal.language.introspective.errorDocCallback('dynare_estimation_1', 'C:\dynare\7.0\matlab\estimation\dynare_estimation_1.m', 246)" style="font-weight:bold">dynare_estimation_1</a> (<a href="matlab: opentoline('C:\dynare\7.0\matlab\estimation\dynare_estimation_1.m',246,0)">line 246</a>)
In <a href="matlab:matlab.internal.language.introspective.errorDocCallback('dynare_estimation', 'C:\dynare\7.0\matlab\estimation\dynare_estimation.m', 105)" style="font-weight:bold">dynare_estimation</a> (<a href="matlab: opentoline('C:\dynare\7.0\matlab\estimation\dynare_estimation.m',105,0)">line 105</a>)
In <a href="matlab:matlab.internal.language.introspective.errorDocCallback('uribe_B_24_mode5.driver', 'C:\Users\Pc\Desktop\uribe_tp3_point1_reproducible_v3\uribe_tp3_point1_reproducible\code\dynare\+uribe_B_24_mode5\driver.m', 1117)" style="font-weight:bold">uribe_B_24_mode5.driver</a> (<a href="matlab: opentoline('C:\Users\Pc\Desktop\uribe_tp3_point1_reproducible_v3\uribe_tp3_point1_reproducible\code\dynare\+uribe_B_24_mode5\driver.m',1117,0)">line 1117</a>)
In <a href="matlab:matlab.internal.language.introspective.errorDocCallback('dynare', 'C:\dynare\7.0\matlab\dynare.m', 300)" style="font-weight:bold">dynare</a> (<a href="matlab: opentoline('C:\dynare\7.0\matlab\dynare.m',300,0)">line 300</a>)
In <a href="matlab:matlab.internal.language.introspective.errorDocCallback('run_uribe_B_estimation_24', 'C:\Users\Pc\Desktop\uribe_tp3_point1_reproducible_v3\uribe_tp3_point1_reproducible\code\matlab\run_uribe_B_estimation_24.m', 11)" style="font-weight:bold">run_uribe_B_estimation_24</a> (<a href="matlab: opentoline('C:\Users\Pc\Desktop\uribe_tp3_point1_reproducible_v3\uribe_tp3_point1_reproducible\code\matlab\run_uribe_B_estimation_24.m',11,0)">line 11</a>)
] 
Elapsed time for iteration 0.7354 s.
 
Iteration 20
Correct for low angle: 5.98271e-07
Predicted improvement:  1018475.183760489
lambda =          1; f = 353716149444408.2500000
lambda =    0.33333; f = 39301793634733.8671875
lambda =    0.11111; f = 4366865712175.4960938
lambda =   0.037037; f = 485207219118.4849854
lambda =   0.012346; f =  53911886002.7161102
lambda =  0.0041152; f =   5990200657.0784674
lambda =  0.0013717; f =    665575063.3050363
lambda = 0.00045725; f =     73952034.4293491
lambda = 0.00015242; f =      8216821.3562966
lambda = 5.0805e-05; f =       913135.1092784
lambda = 1.6935e-05; f =       101689.8127739
lambda =  5.645e-06; f =        11554.2964293
lambda = 1.8817e-06; f =         1547.1719442
lambda = 6.2723e-07; f =          437.4672371
lambda = 2.0908e-07; f =          314.3856067
lambda = 6.9692e-08; f =          300.7617716
lambda = 2.3231e-08; f =          299.2653126
lambda = 7.7435e-09; f =          299.1048062
lambda = 2.5812e-09; f =          299.0888945

lambda =

  -6.2723e-07

lambda = -6.2723e-07; f =          439.5344445
lambda = -2.0908e-07; f =          314.5551561
lambda = -6.9692e-08; f =          300.7608399
lambda = -2.3231e-08; f =          299.2588952
lambda = -7.7435e-09; f =          299.1022649
lambda = -2.5812e-09; f =          299.0882790
Norm of dx 2.6689e+07
Correct for low angle: 9.20449e-05
Predicted improvement:       14.542842758
lambda =          1; f =        70812.7824845
lambda =    0.33333; f =         8132.0882306
lambda =    0.11111; f =         1168.8362555
lambda =   0.037037; f =          395.5316527
lambda =   0.012346; f =          309.7389395
lambda =  0.0041152; f =          300.2497559
lambda =  0.0013717; f =          299.2098489
lambda = 0.00045725; f =          299.0991192
lambda = 0.00015242; f =          299.0884211
lambda = 5.0805e-05; f =          299.0959179
lambda = 1.6935e-05; f =          299.0883400
lambda =  5.645e-06; f =          299.0877199
lambda = 1.8817e-06; f =          299.0877240
lambda = 3.6376e-06; f =          299.0877090
Norm of dx     381.17
Predicted improvement:        0.000031183
lambda =          1; f =          299.0876778
Norm of dx 8.4583e-05
Done for param stderr obs_r =   0.2134; f = 299.0877
Predicted improvement:        0.000177277
lambda =          1; f =          299.0875001
Norm of dx    0.41319
Done for param phi = 139.5216; f = 299.0875
Predicted improvement:        0.000021475
lambda =          1; f =          299.0874786
Norm of dx  0.0011481
Done for param alpha_pi =   2.4276; f = 299.0875
Predicted improvement:        0.000020268
lambda =          1; f =          299.0874584
Norm of dx  0.0004009
Done for param alpha_y =   0.0896; f = 299.0875
Predicted improvement:        0.000043626
lambda =          1; f =          299.0874148
Norm of dx 0.00052829
Done for param gamma_m =   0.6355; f = 299.0874
Predicted improvement:        0.001537473
lambda =          1; f =          299.0858790
Norm of dx  0.0027598
Done for param gamma_I =   0.1436; f = 299.0859
Predicted improvement:        0.000719377
lambda =          1; f =          299.0851582
Norm of dx 0.00081513
Done for param delta =   0.2050; f = 299.0852
Predicted improvement:        0.001696341
lambda =          1; f =          299.0834521
Norm of dx 0.00034379
Done for param rho_xi =   0.9139; f = 299.0835
Predicted improvement:        0.004402403
lambda =          1; f =          299.0790494
Norm of dx  0.0028036
Done for param rho_g =   0.1297; f = 299.0790
Predicted improvement:        0.000144966
lambda =          1; f =          299.0789046
Norm of dx  0.0027252
Done for param rho_zm =   0.2800; f = 299.0789
Predicted improvement:        0.000445990
lambda =          1; f =          299.0784594
Norm of dx  0.0042054
Done for param sigma_xi =   2.6603; f = 299.0785
Predicted improvement:        0.000015555
lambda =          1; f =          299.0784438
Norm of dx 0.00090193
Done for param sigma_theta =   0.0263; f = 299.0784
Predicted improvement:        0.000034245
lambda =          1; f =          299.0784096
Norm of dx  0.0010094
Done for param sigma_z =   0.0149; f = 299.0784
Predicted improvement:        0.000910578
lambda =          1; f =          299.0774970
Norm of dx  0.0017703
Done for param sigma_g =   0.8057; f = 299.0775
Predicted improvement:        0.004559127
lambda =          1; f =          299.0729136
Norm of dx  0.0015872
Done for param sigma_zm =   0.0829; f = 299.0729
Sequence of univariate steps!!
Actual dxnorm 0.41335
FVAL          299.0729
Improvement   0.014852
Ftol          1e-05
Htol          1e-05
Elapsed time for iteration 0.71366 s.
 
Iteration 21
Correct for low angle: 1.7089e-06
Predicted improvement:    96919.583156238
lambda =          1; f = 3590239464494.7885742
lambda =    0.33333; f = 398915388270.6826172
lambda =    0.11111; f =  44323896280.2854996
lambda =   0.037037; f =   4924865626.1870699
lambda =   0.012346; f =    547203557.3432097
lambda =  0.0041152; f =     60799328.7495846
lambda =  0.0013717; f =      6755303.7667270
lambda = 0.00045725; f =       750708.5090915
lambda = 0.00015242; f =        83630.0228939
lambda = 5.0805e-05; f =         9543.0221390
lambda = 1.6935e-05; f =         1321.6661585
lambda =  5.645e-06; f =          411.6487555
lambda = 1.8817e-06; f =          311.4916800
lambda = 6.2723e-07; f =          300.4295144
lambda = 2.0908e-07; f =          299.2160248
lambda = 6.9692e-08; f =          299.0864060
lambda = 2.3231e-08; f =          299.0737417
lambda = 7.7435e-09; f =          299.0824480
lambda = 2.5812e-09; f =          299.0736318

lambda =

  -6.2723e-07

lambda = -6.2723e-07; f =          300.4249891
lambda = -2.0908e-07; f =          299.2098565
lambda = -6.9692e-08; f =          299.0841104
lambda = -2.3231e-08; f =          299.0732281
lambda = -7.7435e-09; f =          299.0852763
lambda = -2.5812e-09; f =          299.0746259
Norm of dx 2.6805e+06
Correct for low angle: 3.18062e-05
Predicted improvement:      101.462070815
lambda =          1; f =      3962700.5889482
lambda =    0.33333; f =       440537.5381091
lambda =    0.11111; f =        49205.5447870
lambda =   0.037037; f =         5730.4987986
lambda =   0.012346; f =          901.7033064
lambda =  0.0041152; f =          365.7451322
lambda =  0.0013717; f =          306.3857767
lambda = 0.00045725; f =          299.8541437
lambda = 0.00015242; f =          299.1496903
lambda = 5.0805e-05; f =          299.0785123
lambda = 1.6935e-05; f =          299.0729685
lambda =  5.645e-06; f =          299.0782608
lambda = 1.8817e-06; f =          299.0732516
lambda = 6.2723e-07; f =          299.0728663
Norm of dx     2807.6
Predicted improvement:        0.000026028
lambda =          1; f =          299.0728402
Norm of dx 7.7266e-05
Done for param stderr obs_r =   0.2135; f = 299.0728
Predicted improvement:        0.000014051
lambda =          1; f =          299.0728262
Norm of dx 6.4156e-05
Done for param stderr obs_di =   0.0398; f = 299.0728
Predicted improvement:        0.000145208
lambda =          1; f =          299.0726807
Norm of dx    0.37223
Done for param phi = 139.8939; f = 299.0727
Predicted improvement:        0.000023683
lambda =          1; f =          299.0726570
Norm of dx  0.0012043
Done for param alpha_pi =   2.4288; f = 299.0727
Predicted improvement:        0.000019142
lambda =          1; f =          299.0726379
Norm of dx  0.0003839
Done for param alpha_y =   0.0892; f = 299.0726
Predicted improvement:        0.000040426
lambda =          1; f =          299.0725975
Norm of dx 0.00050569
Done for param gamma_m =   0.6360; f = 299.0726
Predicted improvement:        0.001464715
lambda =          1; f =          299.0711342
Norm of dx  0.0026674
Done for param gamma_I =   0.1409; f = 299.0711
Predicted improvement:        0.000689923
lambda =          1; f =          299.0704431
Norm of dx 0.00079716
Done for param delta =   0.2042; f = 299.0704
Predicted improvement:        0.001446903
lambda =          1; f =          299.0689888
Norm of dx 0.00031736
Done for param rho_xi =   0.9136; f = 299.0690
Predicted improvement:        0.004131441
lambda =          1; f =          299.0648573
Norm of dx  0.0027163
Done for param rho_g =   0.1270; f = 299.0649
Predicted improvement:        0.000145180
lambda =          1; f =          299.0647124
Norm of dx  0.0027735
Done for param rho_zm =   0.2772; f = 299.0647
Predicted improvement:        0.000366801
lambda =          1; f =          299.0643462
Norm of dx  0.0037885
Done for param sigma_xi =   2.6565; f = 299.0643
Predicted improvement:        0.000032935
lambda =          1; f =          299.0643133
Norm of dx  0.0013149
Done for param sigma_theta =   0.0264; f = 299.0643
Predicted improvement:        0.000047960
lambda =          1; f =          299.0642653
Norm of dx  0.0011955
Done for param sigma_z =   0.0150; f = 299.0643
Predicted improvement:        0.000869342
lambda =          1; f =          299.0633942
Norm of dx  0.0017324
Done for param sigma_g =   0.8075; f = 299.0634
Predicted improvement:        0.004286882
lambda =          1; f =          299.0590829
Norm of dx  0.0015565
Done for param sigma_zm =   0.0814; f = 299.0591
Predicted improvement:        0.000020495
lambda =          1; f =          299.0590624
Norm of dx 0.00011428
Done for param sigma_zm2 =   0.1477; f = 299.0591
Sequence of univariate steps!!
Actual dxnorm 0.37235
FVAL          299.0591
Improvement   0.013851
Ftol          1e-05
Htol          1e-05
[Warning: Matrix is close to singular or badly scaled. Results may be inaccurate. RCOND =  2.020109e-16.] 
[> In <a href="matlab:matlab.internal.language.introspective.errorDocCallback('mr_hessian', 'C:\dynare\7.0\matlab\optimization\mr_hessian.m', 268)" style="font-weight:bold">mr_hessian</a> (<a href="matlab: opentoline('C:\dynare\7.0\matlab\optimization\mr_hessian.m',268,0)">line 268</a>)
In <a href="matlab:matlab.internal.language.introspective.errorDocCallback('newrat', 'C:\dynare\7.0\matlab\optimization\newrat.m', 298)" style="font-weight:bold">newrat</a> (<a href="matlab: opentoline('C:\dynare\7.0\matlab\optimization\newrat.m',298,0)">line 298</a>)
In <a href="matlab:matlab.internal.language.introspective.errorDocCallback('dynare_minimize_objective', 'C:\dynare\7.0\matlab\optimization\dynare_minimize_objective.m', 372)" style="font-weight:bold">dynare_minimize_objective</a> (<a href="matlab: opentoline('C:\dynare\7.0\matlab\optimization\dynare_minimize_objective.m',372,0)">line 372</a>)
In <a href="matlab:matlab.internal.language.introspective.errorDocCallback('dynare_estimation_1', 'C:\dynare\7.0\matlab\estimation\dynare_estimation_1.m', 246)" style="font-weight:bold">dynare_estimation_1</a> (<a href="matlab: opentoline('C:\dynare\7.0\matlab\estimation\dynare_estimation_1.m',246,0)">line 246</a>)
In <a href="matlab:matlab.internal.language.introspective.errorDocCallback('dynare_estimation', 'C:\dynare\7.0\matlab\estimation\dynare_estimation.m', 105)" style="font-weight:bold">dynare_estimation</a> (<a href="matlab: opentoline('C:\dynare\7.0\matlab\estimation\dynare_estimation.m',105,0)">line 105</a>)
In <a href="matlab:matlab.internal.language.introspective.errorDocCallback('uribe_B_24_mode5.driver', 'C:\Users\Pc\Desktop\uribe_tp3_point1_reproducible_v3\uribe_tp3_point1_reproducible\code\dynare\+uribe_B_24_mode5\driver.m', 1117)" style="font-weight:bold">uribe_B_24_mode5.driver</a> (<a href="matlab: opentoline('C:\Users\Pc\Desktop\uribe_tp3_point1_reproducible_v3\uribe_tp3_point1_reproducible\code\dynare\+uribe_B_24_mode5\driver.m',1117,0)">line 1117</a>)
In <a href="matlab:matlab.internal.language.introspective.errorDocCallback('dynare', 'C:\dynare\7.0\matlab\dynare.m', 300)" style="font-weight:bold">dynare</a> (<a href="matlab: opentoline('C:\dynare\7.0\matlab\dynare.m',300,0)">line 300</a>)
In <a href="matlab:matlab.internal.language.introspective.errorDocCallback('run_uribe_B_estimation_24', 'C:\Users\Pc\Desktop\uribe_tp3_point1_reproducible_v3\uribe_tp3_point1_reproducible\code\matlab\run_uribe_B_estimation_24.m', 11)" style="font-weight:bold">run_uribe_B_estimation_24</a> (<a href="matlab: opentoline('C:\Users\Pc\Desktop\uribe_tp3_point1_reproducible_v3\uribe_tp3_point1_reproducible\code\matlab\run_uribe_B_estimation_24.m',11,0)">line 11</a>)
] 
Elapsed time for iteration 0.75381 s.
 
Iteration 22
Correct for low angle: 6.74926e-07
Predicted improvement:   905447.727905610
lambda =          1; f = 349377437377828.7500000
lambda =    0.33333; f = 38819714524330.9453125
lambda =    0.11111; f = 4313301369042.1215820
lambda =   0.037037; f = 479255626259.2938843
lambda =   0.012346; f =  53250598181.3264999
lambda =  0.0041152; f =   5916724323.8161936
lambda =  0.0013717; f =    657411056.6992927
lambda = 0.00045725; f =     73044932.7032725
lambda = 0.00015242; f =      8116035.6309607
lambda = 5.0805e-05; f =       901937.7930956
lambda = 1.6935e-05; f =       100446.0119711
lambda =  5.645e-06; f =        11416.1932907
lambda = 1.8817e-06; f =         1531.8411933
lambda = 6.2723e-07; f =          435.7424108
lambda = 2.0908e-07; f =          314.1684644
lambda = 6.9692e-08; f =          300.7121386
lambda = 2.3231e-08; f =          299.2342881
lambda = 7.7435e-09; f =          299.0758481
lambda = 2.5812e-09; f =          299.0601655

lambda =

  -6.2723e-07

lambda = -6.2723e-07; f =          437.8058954
lambda = -2.0908e-07; f =          314.3376176
lambda = -6.9692e-08; f =          300.7111720
lambda = -2.3231e-08; f =          299.2278731
lambda = -7.7435e-09; f =          299.0733123
lambda = -2.5812e-09; f =          299.0595556
Norm of dx 2.6526e+07
Correct for low angle: 8.24091e-05
Predicted improvement:       22.161993605
lambda =          1; f =       207095.8323894
lambda =    0.33333; f =        23272.8886096
lambda =    0.11111; f =         2850.6968545
lambda =   0.037037; f =          582.2385991
lambda =   0.012346; f =          330.4116635
lambda =  0.0041152; f =          302.5055534
lambda =  0.0013717; f =          299.4297614
lambda = 0.00045725; f =          299.0963023
lambda = 0.00015242; f =          299.0620165
lambda = 5.0805e-05; f =          299.0591287
lambda = 1.6935e-05; f =          299.0614133
lambda =  5.645e-06; f =          299.0591564
lambda = 1.8817e-06; f =          299.0590172
Norm of dx     649.27
Predicted improvement:        0.000010197
lambda =          1; f =          299.0590070
Norm of dx 0.00023244
Done for param stderr obs_dy =   0.1948; f = 299.0590
Predicted improvement:        0.000017622
lambda =          1; f =          299.0589894
Norm of dx 6.3573e-05
Done for param stderr obs_r =   0.2136; f = 299.0590
Predicted improvement:        0.000147307
lambda =          1; f =          299.0588418
Norm of dx    0.37314
Done for param phi = 140.2670; f = 299.0588
Predicted improvement:        0.000012311
lambda =          1; f =          299.0588295
Norm of dx 0.00086754
Done for param alpha_pi =   2.4297; f = 299.0588
Predicted improvement:        0.000028054
lambda =          1; f =          299.0588015
Norm of dx   0.000419
Done for param gamma_m =   0.6364; f = 299.0588
Predicted improvement:        0.001301640
lambda =          1; f =          299.0575008
Norm of dx  0.0024916
Done for param gamma_I =   0.1385; f = 299.0575
Predicted improvement:        0.000762607
lambda =          1; f =          299.0567364
Norm of dx 0.00083631
Done for param delta =   0.2034; f = 299.0567
Predicted improvement:        0.001249165
lambda =          1; f =          299.0554819
Norm of dx 0.00029473
Done for param rho_xi =   0.9133; f = 299.0555
Predicted improvement:        0.003789192
lambda =          1; f =          299.0516930
Norm of dx  0.0026007
Done for param rho_g =   0.1244; f = 299.0517
Predicted improvement:        0.000145062
lambda =          1; f =          299.0515482
Norm of dx  0.0028174
Done for param rho_zm =   0.2744; f = 299.0515
Predicted improvement:        0.000307890
lambda =          1; f =          299.0512407
Norm of dx  0.0034494
Done for param sigma_xi =   2.6531; f = 299.0512
Predicted improvement:        0.000011984
lambda =          1; f =          299.0512287
Norm of dx 0.00079378
Done for param sigma_theta =   0.0264; f = 299.0512
Predicted improvement:        0.000026635
lambda =          1; f =          299.0512021
Norm of dx 0.00089261
Done for param sigma_z =   0.0150; f = 299.0512
Predicted improvement:        0.000774050
lambda =          1; f =          299.0504266
Norm of dx  0.0016369
Done for param sigma_g =   0.8091; f = 299.0504
Predicted improvement:        0.004048972
lambda =          1; f =          299.0463531
Norm of dx  0.0015304
Done for param sigma_zm =   0.0798; f = 299.0464
Sequence of univariate steps!!
Actual dxnorm 0.37313
FVAL          299.0464
Improvement   0.012709
Ftol          1e-05
Htol          1e-05
Elapsed time for iteration 0.735 s.
 
Iteration 23
Correct for low angle: 1.94707e-06
Predicted improvement:    85490.216203711
lambda =          1; f = 3451539200661.5244141
lambda =    0.33333; f = 383504249644.1928711
lambda =    0.11111; f =  42611548143.7977448
lambda =   0.037037; f =   4734604922.0417852
lambda =   0.012346; f =    526063545.7198685
lambda =  0.0041152; f =     58450460.7347735
lambda =  0.0013717; f =      6494325.7864631
lambda = 0.00045725; f =       721713.3868211
lambda = 0.00015242; f =        80409.1345911
lambda = 5.0805e-05; f =         9185.3869340
lambda = 1.6935e-05; f =         1281.9904109
lambda =  5.645e-06; f =          407.2451001
lambda = 1.8817e-06; f =          310.9817359
lambda = 6.2723e-07; f =          300.3495788
lambda = 2.0908e-07; f =          299.1836466
lambda = 6.9692e-08; f =          299.0592381
lambda = 2.3231e-08; f =          299.0471281
lambda = 7.7435e-09; f =          299.0555933
lambda = 2.5812e-09; f =          299.0470784

lambda =

  -6.2723e-07

lambda = -6.2723e-07; f =          300.3447948
lambda = -2.0908e-07; f =          299.1775401
lambda = -6.9692e-08; f =          299.0569826
lambda = -2.3231e-08; f =          299.0466331
lambda = -7.7435e-09; f =          299.0580774
lambda = -2.5812e-09; f =          299.0479548
Norm of dx 2.6282e+06
Correct for low angle: 3.16465e-05
Predicted improvement:       76.906591788
lambda =          1; f =      2811714.9779046
lambda =    0.33333; f =       312654.7318282
lambda =    0.11111; f =        34997.8182614
lambda =   0.037037; f =         4152.2610765
lambda =   0.012346; f =          726.4519251
lambda =  0.0041152; f =          346.2931432
lambda =  0.0013717; f =          304.2155051
lambda = 0.00045725; f =          299.5942874
lambda = 0.00015242; f =          299.0988440
lambda = 5.0805e-05; f =          299.0498031
lambda = 1.6935e-05; f =          299.0463569
lambda =  5.645e-06; f =          299.0500718
lambda = 1.8817e-06; f =          299.0465724
lambda = 6.2723e-07; f =          299.0463131
Norm of dx     2365.3
Predicted improvement:        0.000023172
lambda =          1; f =          299.0462899
Norm of dx 7.2875e-05
Done for param stderr obs_r =   0.2136; f = 299.0463
Predicted improvement:        0.000121210
lambda =          1; f =          299.0461685
Norm of dx    0.33708
Done for param phi = 140.6041; f = 299.0462
Predicted improvement:        0.000012559
lambda =          1; f =          299.0461559
Norm of dx 0.00087532
Done for param alpha_pi =   2.4306; f = 299.0462
Predicted improvement:        0.000021423
lambda =          1; f =          299.0461345
Norm of dx 0.00039537
Done for param alpha_y =   0.0888; f = 299.0461
Predicted improvement:        0.000033605
lambda =          1; f =          299.0461010
Norm of dx 0.00045638
Done for param gamma_m =   0.6369; f = 299.0461
Predicted improvement:        0.001334061
lambda =          1; f =          299.0447679
Norm of dx  0.0025001
Done for param gamma_I =   0.1360; f = 299.0448
Predicted improvement:        0.000606080
lambda =          1; f =          299.0441607
Norm of dx 0.00074477
Done for param delta =   0.2027; f = 299.0442
Predicted improvement:        0.001039453
lambda =          1; f =          299.0431167
Norm of dx 0.00026858
Done for param rho_xi =   0.9130; f = 299.0431
Predicted improvement:        0.003492116
lambda =          1; f =          299.0396253
Norm of dx  0.0024967
Done for param rho_g =   0.1219; f = 299.0396
Predicted improvement:        0.000136074
lambda =          1; f =          299.0394895
Norm of dx  0.0027731
Done for param rho_zm =   0.2716; f = 299.0395
Predicted improvement:        0.000249934
lambda =          1; f =          299.0392399
Norm of dx  0.0030894
Done for param sigma_xi =   2.6500; f = 299.0392
Predicted improvement:        0.000023686
lambda =          1; f =          299.0392163
Norm of dx   0.001118
Done for param sigma_theta =   0.0265; f = 299.0392
Predicted improvement:        0.000033442
lambda =          1; f =          299.0391828
Norm of dx   0.001001
Done for param sigma_z =   0.0150; f = 299.0392
Predicted improvement:        0.000735622
lambda =          1; f =          299.0384459
Norm of dx  0.0015979
Done for param sigma_g =   0.8107; f = 299.0384
Predicted improvement:        0.003770959
lambda =          1; f =          299.0346509
Norm of dx  0.0014939
Done for param sigma_zm =   0.0784; f = 299.0347
Predicted improvement:        0.000012760
lambda =          1; f =          299.0346382
Norm of dx 9.0126e-05
Done for param sigma_zm2 =   0.1478; f = 299.0346
Sequence of univariate steps!!
Actual dxnorm 0.33718
FVAL          299.0346
Improvement   0.011715
Ftol          1e-05
Htol          1e-05
[Warning: Matrix is close to singular or badly scaled. Results may be inaccurate. RCOND =  2.097905e-16.] 
[> In <a href="matlab:matlab.internal.language.introspective.errorDocCallback('mr_hessian', 'C:\dynare\7.0\matlab\optimization\mr_hessian.m', 268)" style="font-weight:bold">mr_hessian</a> (<a href="matlab: opentoline('C:\dynare\7.0\matlab\optimization\mr_hessian.m',268,0)">line 268</a>)
In <a href="matlab:matlab.internal.language.introspective.errorDocCallback('newrat', 'C:\dynare\7.0\matlab\optimization\newrat.m', 298)" style="font-weight:bold">newrat</a> (<a href="matlab: opentoline('C:\dynare\7.0\matlab\optimization\newrat.m',298,0)">line 298</a>)
In <a href="matlab:matlab.internal.language.introspective.errorDocCallback('dynare_minimize_objective', 'C:\dynare\7.0\matlab\optimization\dynare_minimize_objective.m', 372)" style="font-weight:bold">dynare_minimize_objective</a> (<a href="matlab: opentoline('C:\dynare\7.0\matlab\optimization\dynare_minimize_objective.m',372,0)">line 372</a>)
In <a href="matlab:matlab.internal.language.introspective.errorDocCallback('dynare_estimation_1', 'C:\dynare\7.0\matlab\estimation\dynare_estimation_1.m', 246)" style="font-weight:bold">dynare_estimation_1</a> (<a href="matlab: opentoline('C:\dynare\7.0\matlab\estimation\dynare_estimation_1.m',246,0)">line 246</a>)
In <a href="matlab:matlab.internal.language.introspective.errorDocCallback('dynare_estimation', 'C:\dynare\7.0\matlab\estimation\dynare_estimation.m', 105)" style="font-weight:bold">dynare_estimation</a> (<a href="matlab: opentoline('C:\dynare\7.0\matlab\estimation\dynare_estimation.m',105,0)">line 105</a>)
In <a href="matlab:matlab.internal.language.introspective.errorDocCallback('uribe_B_24_mode5.driver', 'C:\Users\Pc\Desktop\uribe_tp3_point1_reproducible_v3\uribe_tp3_point1_reproducible\code\dynare\+uribe_B_24_mode5\driver.m', 1117)" style="font-weight:bold">uribe_B_24_mode5.driver</a> (<a href="matlab: opentoline('C:\Users\Pc\Desktop\uribe_tp3_point1_reproducible_v3\uribe_tp3_point1_reproducible\code\dynare\+uribe_B_24_mode5\driver.m',1117,0)">line 1117</a>)
In <a href="matlab:matlab.internal.language.introspective.errorDocCallback('dynare', 'C:\dynare\7.0\matlab\dynare.m', 300)" style="font-weight:bold">dynare</a> (<a href="matlab: opentoline('C:\dynare\7.0\matlab\dynare.m',300,0)">line 300</a>)
In <a href="matlab:matlab.internal.language.introspective.errorDocCallback('run_uribe_B_estimation_24', 'C:\Users\Pc\Desktop\uribe_tp3_point1_reproducible_v3\uribe_tp3_point1_reproducible\code\matlab\run_uribe_B_estimation_24.m', 11)" style="font-weight:bold">run_uribe_B_estimation_24</a> (<a href="matlab: opentoline('C:\Users\Pc\Desktop\uribe_tp3_point1_reproducible_v3\uribe_tp3_point1_reproducible\code\matlab\run_uribe_B_estimation_24.m',11,0)">line 11</a>)
] 
Elapsed time for iteration 0.77096 s.
 
Iteration 24
Correct for low angle: 7.60876e-07
Predicted improvement:   787670.227309398
lambda =          1; f = 327430057940340.1250000
lambda =    0.33333; f = 36381116808913.6640625
lambda =    0.11111; f = 4042346065609.2563477
lambda =   0.037037; f = 449149480860.1228638
lambda =   0.012346; f =  49905470723.6337357
lambda =  0.0041152; f =   5545043431.4583445
lambda =  0.0013717; f =    616113158.5096189
lambda = 0.00045725; f =     68456270.2344714
lambda = 0.00015242; f =      7606181.8372054
lambda = 5.0805e-05; f =       845286.5480376
lambda = 1.6935e-05; f =        94151.1372335
lambda =  5.645e-06; f =        10716.6414132
lambda = 1.8817e-06; f =         1454.0507313
lambda = 6.2723e-07; f =          427.0342872
lambda = 2.0908e-07; f =          313.1812878
lambda = 6.9692e-08; f =          300.5814443
lambda = 2.3231e-08; f =          299.1982917
lambda = 7.7435e-09; f =          299.0502180
lambda = 2.5812e-09; f =          299.0356354

lambda =

  -6.2723e-07

lambda = -6.2723e-07; f =          428.9627796
lambda = -2.0908e-07; f =          313.3370798
lambda = -6.9692e-08; f =          300.5795421
lambda = -2.3231e-08; f =          299.1919587
lambda = -7.7435e-09; f =          299.0477564
lambda = -2.5812e-09; f =          299.0350585
Norm of dx 2.5675e+07
Correct for low angle: 0.000220787
Predicted improvement:        5.263828233
lambda =          1; f =        14273.8340318
lambda =    0.33333; f =         1850.9992303
lambda =    0.11111; f =          471.2118860
lambda =   0.037037; f =          318.0778234
lambda =   0.012346; f =          301.1214750
lambda =  0.0041152; f =          299.2569521
lambda =  0.0013717; f =          299.0562882
lambda = 0.00045725; f =          299.0361606
lambda = 0.00015242; f =          299.0346470
lambda = 5.0805e-05; f =          299.0360132
lambda = 1.6935e-05; f =          299.0346719
lambda =  5.645e-06; f =          299.0346023
Norm of dx     171.69
Predicted improvement:        0.000014792
lambda =          1; f =          299.0345875
Norm of dx 5.8224e-05
Done for param stderr obs_r =   0.2137; f = 299.0346
Predicted improvement:        0.000014900
lambda =          1; f =          299.0345726
Norm of dx 6.6039e-05
Done for param stderr obs_di =   0.0397; f = 299.0346
Predicted improvement:        0.000097233
lambda =          1; f =          299.0344752
Norm of dx    0.30054
Done for param phi = 140.9047; f = 299.0345
Predicted improvement:        0.000012750
lambda =          1; f =          299.0344625
Norm of dx 0.00088089
Done for param alpha_pi =   2.4315; f = 299.0345
Predicted improvement:        0.000024888
lambda =          1; f =          299.0344376
Norm of dx 0.00039084
Done for param gamma_m =   0.6372; f = 299.0344
Predicted improvement:        0.001185031
lambda =          1; f =          299.0332534
Norm of dx  0.0023366
Done for param gamma_I =   0.1336; f = 299.0333
Predicted improvement:        0.000629846
lambda =          1; f =          299.0326224
Norm of dx 0.00075807
Done for param delta =   0.2019; f = 299.0326
Predicted improvement:        0.000909866
lambda =          1; f =          299.0317086
Norm of dx 0.00025094
Done for param rho_xi =   0.9128; f = 299.0317
Predicted improvement:        0.003168851
lambda =          1; f =          299.0285398
Norm of dx  0.0023771
Done for param rho_g =   0.1195; f = 299.0285
Predicted improvement:        0.000131352
lambda =          1; f =          299.0284087
Norm of dx  0.0027676
Done for param rho_zm =   0.2689; f = 299.0284
Predicted improvement:        0.000210335
lambda =          1; f =          299.0281987
Norm of dx  0.0028181
Done for param sigma_xi =   2.6472; f = 299.0282
Predicted improvement:        0.000016164
lambda =          1; f =          299.0281825
Norm of dx   0.000697
Done for param sigma_z =   0.0151; f = 299.0282
Predicted improvement:        0.000624708
lambda =          1; f =          299.0275568
Norm of dx  0.0014746
Done for param sigma_g =   0.8122; f = 299.0276
Predicted improvement:        0.003565972
lambda =          1; f =          299.0239669
Norm of dx  0.0014701
Done for param sigma_zm =   0.0769; f = 299.0240
Sequence of univariate steps!!
Actual dxnorm 0.3007
FVAL          299.024
Improvement   0.010671
Ftol          1e-05
Htol          1e-05
Elapsed time for iteration 0.70725 s.
 
Iteration 25
Correct for low angle: 0.000328714
Predicted improvement:      361.777811845
lambda =          1; f =    115179813.1332258
lambda =    0.33333; f =     12793836.3956444
lambda =    0.11111; f =      1420408.7064841
lambda =   0.037037; f =       157625.1652878
lambda =   0.012346; f =        17626.0325101
lambda =  0.0041152; f =         2173.5341233
lambda =  0.0013717; f =          490.8569826
lambda = 0.00045725; f =          315.3152307
lambda = 0.00015242; f =          299.6180499
lambda = 5.0805e-05; f =          299.0277652
lambda = 1.6935e-05; f =          299.0240770
lambda =  5.645e-06; f =          299.0661197
lambda = 1.8817e-06; f =          299.0280301
lambda = 6.2723e-07; f =          299.0241333
lambda = 2.0908e-07; f =          299.0238853
Norm of dx      12357
Correct for low angle: 0.000872944
Predicted improvement:        0.947369316
lambda =          1; f =          632.2380106
lambda =    0.33333; f =          395.6971202
lambda =    0.11111; f =          310.9454180
lambda =   0.037037; f =          300.0816564
lambda =   0.012346; f =          299.1174232
lambda =  0.0041152; f =          299.0288318
lambda =  0.0013717; f =          299.0226953
Norm of dx     32.369
Predicted improvement:        0.000011313
lambda =          1; f =          299.0226839
Norm of dx 5.0907e-05
Done for param stderr obs_r =   0.2138; f = 299.0227
Predicted improvement:        0.000497092
lambda =          1; f =          299.0221851
Norm of dx    0.67558
Done for param phi = 141.6244; f = 299.0222
Predicted improvement:        0.000042393
lambda =          1; f =          299.0221427
Norm of dx  0.0016042
Done for param alpha_pi =   2.4332; f = 299.0221
Predicted improvement:        0.000024398
lambda =          1; f =          299.0221183
Norm of dx 0.00041068
Done for param alpha_y =   0.0884; f = 299.0221
Predicted improvement:        0.000921301
lambda =          1; f =          299.0211975
Norm of dx  0.0020399
Done for param gamma_I =   0.1315; f = 299.0212
Predicted improvement:        0.000238582
lambda =          1; f =          299.0209586
Norm of dx 0.00046644
Done for param delta =   0.2014; f = 299.0210
Predicted improvement:        0.000390129
lambda =          1; f =          299.0205672
Norm of dx  0.0001647
Done for param rho_xi =   0.9124; f = 299.0206
Predicted improvement:        0.000124191
lambda =          1; f =          299.0204448
Norm of dx  0.0035279
Done for param rho_z =   0.8807; f = 299.0204
Predicted improvement:        0.002847298
lambda =          1; f =          299.0175974
Norm of dx  0.0022545
Done for param rho_g =   0.1172; f = 299.0176
Predicted improvement:        0.000179557
lambda =          1; f =          299.0174182
Norm of dx  0.0032859
Done for param rho_zm =   0.2653; f = 299.0174
Predicted improvement:        0.000185257
lambda =          1; f =          299.0172332
Norm of dx  0.0026306
Done for param sigma_xi =   2.6443; f = 299.0172
Predicted improvement:        0.000768296
lambda =          1; f =          299.0164640
Norm of dx  0.0048305
Done for param sigma_z =   0.0153; f = 299.0165
Predicted improvement:        0.000671813
lambda =          1; f =          299.0157910
Norm of dx  0.0015312
Done for param sigma_g =   0.8137; f = 299.0158
Predicted improvement:        0.002937449
lambda =          1; f =          299.0128342
Norm of dx  0.0013479
Done for param sigma_zm =   0.0755; f = 299.0128
Predicted improvement:        0.000013260
lambda =          1; f =          299.0128210
Norm of dx 9.1802e-05
Done for param sigma_zm2 =   0.1479; f = 299.0128
Sequence of univariate steps!!
Actual dxnorm 0.71973
FVAL          299.0128
Improvement   0.011146
Ftol          1e-05
Htol          1e-05
Elapsed time for iteration 0.81863 s.
 
Iteration 26
Correct for low angle: 0.000122016
Predicted improvement:      986.711106321
lambda =          1; f =    842247751.5338817
lambda =    0.33333; f =     93574883.4535674
lambda =    0.11111; f =     10394654.1198312
lambda =   0.037037; f =      1154288.0472035
lambda =   0.012346; f =       128207.9105787
lambda =  0.0041152; f =        14408.0210496
lambda =  0.0013717; f =         1832.8357624
lambda = 0.00045725; f =          458.6158603
lambda = 0.00015242; f =          313.5990626
lambda = 5.0805e-05; f =          300.0441859
lambda = 1.6935e-05; f =          299.1166894
lambda =  5.645e-06; f =          299.0222738
lambda = 1.8817e-06; f =          299.0133141
lambda = 6.2723e-07; f =          299.0209060
lambda = 2.0908e-07; f =          299.0134325
lambda = 6.9692e-08; f =          299.0127968
lambda = 2.3231e-08; f =          299.0127877
lambda = 4.4909e-08; f =          299.0127794
Norm of dx      36710
Correct for low angle: 0.00248679
Predicted improvement:       14.354880790
lambda =          1; f =       211502.3247338
lambda =    0.33333; f =        23586.5622340
lambda =    0.11111; f =         2827.1723221
lambda =   0.037037; f =          560.6022417
lambda =   0.012346; f =          322.0980940
lambda =  0.0041152; f =          300.0431328
lambda =  0.0013717; f =          301.0294659
lambda = 0.00045725; f =          299.2733078
lambda = 0.00015242; f =          299.0500566
lambda = 5.0805e-05; f =          299.0170014
lambda = 1.6935e-05; f =          299.0130500
lambda =  5.645e-06; f =          299.0127314
lambda = 1.8817e-06; f =          299.0127476
Norm of dx     534.12
Predicted improvement:        0.000020932
lambda =          1; f =          299.0127105
Norm of dx 0.00037584
Done for param alpha_y =   0.0880; f = 299.0127
Predicted improvement:        0.000023790
lambda =          1; f =          299.0126868
Norm of dx 0.00037882
Done for param gamma_m =   0.6377; f = 299.0127
Predicted improvement:        0.000912934
lambda =          1; f =          299.0117742
Norm of dx  0.0020171
Done for param gamma_I =   0.1295; f = 299.0118
Predicted improvement:        0.000551764
lambda =          1; f =          299.0112213
Norm of dx 0.00070775
Done for param delta =   0.2007; f = 299.0112
Predicted improvement:        0.000366820
lambda =          1; f =          299.0108536
Norm of dx 0.00015944
Done for param rho_xi =   0.9122; f = 299.0109
Predicted improvement:        0.000044095
lambda =          1; f =          299.0108099
Norm of dx  0.0020811
Done for param rho_z =   0.8793; f = 299.0108
Predicted improvement:        0.002528747
lambda =          1; f =          299.0082816
Norm of dx  0.0021237
Done for param rho_g =   0.1151; f = 299.0083
Predicted improvement:        0.000120463
lambda =          1; f =          299.0081615
Norm of dx  0.0027272
Done for param rho_zm =   0.2626; f = 299.0082
Predicted improvement:        0.000137301
lambda =          1; f =          299.0080243
Norm of dx  0.0022534
Done for param sigma_xi =   2.6420; f = 299.0080
Predicted improvement:        0.000035800
lambda =          1; f =          299.0079885
Norm of dx   0.001386
Done for param sigma_theta =   0.0270; f = 299.0080
Predicted improvement:        0.000018612
lambda =          1; f =          299.0079699
Norm of dx 0.00075078
Done for param sigma_z =   0.0152; f = 299.0080
Predicted improvement:        0.000575463
lambda =          1; f =          299.0073936
Norm of dx  0.0014188
Done for param sigma_g =   0.8151; f = 299.0074
Predicted improvement:        0.002711738
lambda =          1; f =          299.0046634
Norm of dx  0.0013099
Done for param sigma_zm =   0.0742; f = 299.0047
Sequence of univariate steps!!
Actual dxnorm 0.0055355
FVAL          299.0047
Improvement   0.0081576
Ftol          1e-05
Htol          1e-05
Elapsed time for iteration 0.79798 s.
 
Iteration 27
Correct for low angle: 2.57338e-05
Predicted improvement:     4872.196746850
lambda =          1; f =  19447626079.2396278
lambda =    0.33333; f =   2160830337.2723346
lambda =    0.11111; f =    240086770.1000191
lambda =   0.037037; f =     26674656.6148100
lambda =   0.012346; f =      2963479.0341001
lambda =  0.0041152; f =       329330.2001645
lambda =  0.0013717; f =        36789.1373264
lambda = 0.00045725; f =         4331.6909008
lambda = 0.00015242; f =          740.7477834
lambda = 5.0805e-05; f =          346.6382506
lambda = 1.6935e-05; f =          304.1766335
lambda =  5.645e-06; f =          299.5640787
lambda = 1.8817e-06; f =          299.0618747
lambda = 6.2723e-07; f =          299.0095083
lambda = 2.0908e-07; f =          299.0048344
lambda = 6.9692e-08; f =          299.0085368
lambda = 2.3231e-08; f =          299.0049395
lambda = 7.7435e-09; f =          299.0046437
lambda = 2.5812e-09; f =          299.0046445
lambda = 4.9899e-09; f =          299.0046380
Norm of dx 1.9416e+05
Correct for low angle: 9.07599e-05
Predicted improvement:      776.768295019
lambda =          1; f =    455182364.3738458
lambda =    0.33333; f =     50575757.9513034
lambda =    0.11111; f =      5619686.2894514
lambda =   0.037037; f =       624639.8584068
lambda =   0.012346; f =        69658.9090375
lambda =  0.0041152; f =         8002.3210251
lambda =  0.0013717; f =         1153.8487928
lambda = 0.00045725; f =          393.6278287
lambda = 0.00015242; f =          309.3989643
lambda = 5.0805e-05; f =          300.1202455
lambda = 1.6935e-05; f =          299.1159580
lambda =  5.645e-06; f =          299.0132643
lambda = 1.8817e-06; f =          299.0048185
lambda = 6.2723e-07; f =          299.0117700
lambda = 2.0908e-07; f =          299.0050234
lambda = 6.9692e-08; f =          299.0045430
lambda = 1.3473e-07; f =          299.0046562
lambda = 9.0717e-08; f =          299.0045583
Norm of dx      31101
Predicted improvement:        0.000049492
lambda =          1; f =          299.0044934
Norm of dx  0.0001064
Done for param stderr obs_r =   0.2139; f = 299.0045
Predicted improvement:        0.000061180
lambda =          1; f =          299.0044322
Norm of dx    0.23564
Done for param phi = 141.8616; f = 299.0044
Predicted improvement:        0.000012948
lambda =          1; f =          299.0044192
Norm of dx 0.00088477
Done for param alpha_pi =   2.4341; f = 299.0044
Predicted improvement:        0.000042553
lambda =          1; f =          299.0043767
Norm of dx  0.0005049
Done for param gamma_m =   0.6382; f = 299.0044
Predicted improvement:        0.000898688
lambda =          1; f =          299.0034783
Norm of dx   0.001988
Done for param gamma_I =   0.1275; f = 299.0035
Predicted improvement:        0.000489600
lambda =          1; f =          299.0029881
Norm of dx 0.00066609
Done for param delta =   0.2000; f = 299.0030
Predicted improvement:        0.000400203
lambda =          1; f =          299.0025868
Norm of dx  0.0001662
Done for param rho_xi =   0.9120; f = 299.0026
Predicted improvement:        0.000019178
lambda =          1; f =          299.0025675
Norm of dx  0.0013384
Done for param rho_theta =   0.8805; f = 299.0026
Predicted improvement:        0.002285622
lambda =          1; f =          299.0002821
Norm of dx  0.0020178
Done for param rho_g =   0.1131; f = 299.0003
Predicted improvement:        0.000087801
lambda =          1; f =          299.0001944
Norm of dx  0.0023594
Done for param rho_zm =   0.2603; f = 299.0002
Predicted improvement:        0.000108767
lambda =          1; f =          299.0000858
Norm of dx  0.0019963
Done for param sigma_xi =   2.6401; f = 299.0001
Predicted improvement:        0.000019331
lambda =          1; f =          299.0000665
Norm of dx 0.00076589
Done for param sigma_z =   0.0152; f = 299.0001
Predicted improvement:        0.000449258
lambda =          1; f =          298.9996167
Norm of dx  0.0012551
Done for param sigma_g =   0.8164; f = 298.9996
Predicted improvement:        0.002648551
lambda =          1; f =          298.9969491
Norm of dx  0.0013097
Done for param sigma_zm =   0.0728; f = 298.9969
Sequence of univariate steps!!
Actual dxnorm 0.2357
FVAL          298.9969
Improvement   0.0077143
Ftol          1e-05
Htol          1e-05
Elapsed time for iteration 0.80937 s.
 
Iteration 28
Correct for low angle: 0.000757319
Predicted improvement:      159.687810116
lambda =          1; f =     30649010.0312956
lambda =    0.33333; f =      3403558.9235064
lambda =    0.11111; f =       377722.5186422
lambda =   0.037037; f =        41997.1118890
lambda =   0.012346; f =         4853.4750933
lambda =  0.0041152; f =          779.2940402
lambda =  0.0013717; f =          344.2366076
lambda = 0.00045725; f =          301.7733432
lambda = 0.00015242; f =          299.0118160
lambda = 5.0805e-05; f =          298.9978786
lambda = 1.6935e-05; f =          298.9969491
lambda =  5.645e-06; f =          299.0089867
lambda = 1.8817e-06; f =          298.9979315
lambda = 6.2723e-07; f =          298.9969271
lambda = 2.0908e-07; f =          298.9969023
lambda = 4.0418e-07; f =          298.9968943
Norm of dx     6596.6
Correct for low angle: 0.000556436
Predicted improvement:        1.566141353
lambda =          1; f =         1981.2826414
lambda =    0.33333; f =          470.1857592
lambda =    0.11111; f =          313.2351571
lambda =   0.037037; f =          299.4456284
lambda =   0.012346; f =          300.4506706
lambda =  0.0041152; f =          299.1926309
lambda =  0.0013717; f =          299.0217182
lambda = 0.00045725; f =          298.9988463
lambda = 0.00015242; f =          298.9967030
Norm of dx     64.736
Predicted improvement:        0.000010855
lambda =          1; f =          298.9966921
Norm of dx 4.9844e-05
Done for param stderr obs_r =   0.2139; f = 298.9967
Predicted improvement:        0.000092049
lambda =          1; f =          298.9965999
Norm of dx    0.28788
Done for param phi = 142.1571; f = 298.9966
Predicted improvement:        0.000012805
lambda =          1; f =          298.9965871
Norm of dx  0.0008792
Done for param alpha_pi =   2.4350; f = 298.9966
Predicted improvement:        0.000013417
lambda =          1; f =          298.9965737
Norm of dx 0.00028232
Done for param gamma_m =   0.6384; f = 298.9966
Predicted improvement:        0.000842393
lambda =          1; f =          298.9957315
Norm of dx  0.0019112
Done for param gamma_I =   0.1255; f = 298.9957
Predicted improvement:        0.000401961
lambda =          1; f =          298.9953289
Norm of dx 0.00060282
Done for param delta =   0.1994; f = 298.9953
Predicted improvement:        0.000300212
lambda =          1; f =          298.9950280
Norm of dx 0.00014381
Done for param rho_xi =   0.9118; f = 298.9950
Predicted improvement:        0.000267008
lambda =          1; f =          298.9947675
Norm of dx  0.0052327
Done for param rho_theta =   0.8808; f = 298.9948
Predicted improvement:        0.000041897
lambda =          1; f =          298.9947259
Norm of dx   0.002028
Done for param rho_z =   0.8795; f = 298.9947
Predicted improvement:        0.002009817
lambda =          1; f =          298.9927165
Norm of dx  0.0018912
Done for param rho_g =   0.1112; f = 298.9927
Predicted improvement:        0.000107813
lambda =          1; f =          298.9926089
Norm of dx  0.0026511
Done for param rho_zm =   0.2576; f = 298.9926
Predicted improvement:        0.000094944
lambda =          1; f =          298.9925140
Norm of dx  0.0018568
Done for param sigma_xi =   2.6382; f = 298.9925
Predicted improvement:        0.000393034
lambda =          1; f =          298.9921206
Norm of dx  0.0011751
Done for param sigma_g =   0.8176; f = 298.9921
Predicted improvement:        0.002474981
lambda =          1; f =          298.9896273
Norm of dx  0.0012807
Done for param sigma_zm =   0.0716; f = 298.9896
Predicted improvement:        0.000014104
lambda =          1; f =          298.9896132
Norm of dx 9.4587e-05
Done for param sigma_zm2 =   0.1480; f = 298.9896
Sequence of univariate steps!!
Actual dxnorm 0.29553
FVAL          298.9896
Improvement   0.0073359
Ftol          1e-05
Htol          1e-05
Elapsed time for iteration 0.75687 s.
 
Iteration 29
Correct for low angle: 0.000754693
Predicted improvement:      161.211075427
lambda =          1; f =     32797083.7336069
lambda =    0.33333; f =      3642399.1125594
lambda =    0.11111; f =       404315.4233151
lambda =   0.037037; f =        44970.2435452
lambda =   0.012346; f =         5189.9663657
lambda =  0.0041152; f =          818.7259585
lambda =  0.0013717; f =          349.2947318
lambda = 0.00045725; f =          302.5564239
lambda = 0.00015242; f =          299.1566386
lambda = 5.0805e-05; f =          299.0054893
lambda = 1.6935e-05; f =          298.9906226
lambda =  5.645e-06; f =          298.9896133
lambda = 1.8817e-06; f =          298.9913460
lambda = 6.2723e-07; f =          298.9896709
lambda = 2.0908e-07; f =          298.9895747
Norm of dx     7029.2
Correct for low angle: 0.000158335
Predicted improvement:      339.803399429
lambda =          1; f =     55071487.8223895
lambda =    0.33333; f =      6116384.1355067
lambda =    0.11111; f =       678886.3893874
lambda =   0.037037; f =        75372.7108225
lambda =   0.012346; f =         8533.2043179
lambda =  0.0041152; f =         1178.7015996
lambda =  0.0013717; f =          385.4621466
lambda = 0.00045725; f =          305.3002671
lambda = 0.00015242; f =          299.0520041
lambda = 5.0805e-05; f =          299.2711316
lambda = 1.6935e-05; f =          298.9987908
lambda =  5.645e-06; f =          299.0922057
lambda = 1.8817e-06; f =          298.9967708
lambda = 6.2723e-07; f =          298.9899052
lambda = 2.0908e-07; f =          298.9894717
lambda = 4.0418e-07; f =          298.9895662
lambda = 2.7215e-07; f =          298.9894820
Norm of dx      14830
Predicted improvement:        0.000011807
lambda =          1; f =          298.9894599
Norm of dx 5.8764e-05
Done for param stderr obs_di =   0.0396; f = 298.9895
Predicted improvement:        0.000029700
lambda =          1; f =          298.9894302
Norm of dx    0.16304
Done for param phi = 142.3202; f = 298.9894
Predicted improvement:        0.000015666
lambda =          1; f =          298.9894145
Norm of dx   0.000304
Done for param gamma_m =   0.6387; f = 298.9894
Predicted improvement:        0.000871770
lambda =          1; f =          298.9885429
Norm of dx  0.0019317
Done for param gamma_I =   0.1236; f = 298.9885
Predicted improvement:        0.000407072
lambda =          1; f =          298.9881352
Norm of dx 0.00060596
Done for param delta =   0.1988; f = 298.9881
Predicted improvement:        0.000249541
lambda =          1; f =          298.9878850
Norm of dx 0.00013084
Done for param rho_xi =   0.9117; f = 298.9879
Predicted improvement:        0.000033656
lambda =          1; f =          298.9878511
Norm of dx  0.0017683
Done for param rho_z =   0.8793; f = 298.9879
Predicted improvement:        0.001741996
lambda =          1; f =          298.9861094
Norm of dx  0.0017594
Done for param rho_g =   0.1094; f = 298.9861
Predicted improvement:        0.000097540
lambda =          1; f =          298.9860120
Norm of dx  0.0025549
Done for param rho_zm =   0.2551; f = 298.9860
Predicted improvement:        0.000082296
lambda =          1; f =          298.9859298
Norm of dx  0.0017213
Done for param sigma_xi =   2.6364; f = 298.9859
Predicted improvement:        0.000350354
lambda =          1; f =          298.9855792
Norm of dx  0.0011103
Done for param sigma_g =   0.8187; f = 298.9856
Predicted improvement:        0.002241144
lambda =          1; f =          298.9833212
Norm of dx  0.0012329
Done for param sigma_zm =   0.0703; f = 298.9833
Predicted improvement:        0.000010800
lambda =          1; f =          298.9833104
Norm of dx 8.2758e-05
Done for param sigma_zm2 =   0.1480; f = 298.9833
Sequence of univariate steps!!
Actual dxnorm 0.1632
FVAL          298.9833
Improvement   0.0063028
Ftol          1e-05
Htol          1e-05
Elapsed time for iteration 0.76314 s.
 
Iteration 30
Correct for low angle: 0.000333395
Predicted improvement:      366.118056861
lambda =          1; f =    219978462.9983266
lambda =    0.33333; f =     24436547.1860735
lambda =    0.11111; f =      2713515.3310297
lambda =   0.037037; f =       301127.6819823
lambda =   0.012346; f =        33512.1177971
lambda =  0.0041152; f =         3919.1752043
lambda =  0.0013717; f =          678.2997900
lambda = 0.00045725; f =          333.9455585
lambda = 0.00015242; f =          300.9316562
lambda = 5.0805e-05; f =          298.9943508
lambda = 1.6935e-05; f =          298.9839446
lambda =  5.645e-06; f =          299.0641902
lambda = 1.8817e-06; f =          298.9919798
lambda = 6.2723e-07; f =          298.9840102
lambda = 2.0908e-07; f =          298.9832881
lambda = 6.9692e-08; f =          298.9832740
lambda = 1.3473e-07; f =          298.9832662
Norm of dx      16915
Correct for low angle: 0.000456807
Predicted improvement:        1.912102132
lambda =          1; f =         7980.8409368
lambda =    0.33333; f =         1118.6840827
lambda =    0.11111; f =          379.2393228
lambda =   0.037037; f =          304.7495058
lambda =   0.012346; f =          299.0297635
lambda =  0.0041152; f =          299.6849041
lambda =  0.0013717; f =          299.0886978
lambda = 0.00045725; f =          298.9978208
lambda = 0.00015242; f =          298.9850374
lambda = 5.0805e-05; f =          298.9834641
lambda = 1.6935e-05; f =          298.9832862
lambda =  5.645e-06; f =          298.9832677
lambda = 1.8817e-06; f =          298.9832661
lambda = 6.2723e-07; f =          298.9832661
lambda = 2.0908e-07; f =          298.9832662
lambda = 6.9692e-08; f =          298.9832662
lambda = 2.3231e-08; f =          298.9832662
lambda = 7.7435e-09; f =          298.9832662
lambda = 2.5812e-09; f =          298.9832662
Norm of dx     88.696
Predicted improvement:        0.000032235
lambda =          1; f =          298.9832339
Norm of dx 8.5841e-05
Done for param stderr obs_r =   0.2140; f = 298.9832
Predicted improvement:        0.000036867
lambda =          1; f =          298.9831970
Norm of dx    0.18097
Done for param phi = 142.5013; f = 298.9832
Predicted improvement:        0.000013193
lambda =          1; f =          298.9831838
Norm of dx 0.00027808
Done for param gamma_m =   0.6390; f = 298.9832
Predicted improvement:        0.000833932
lambda =          1; f =          298.9823500
Norm of dx  0.0018781
Done for param gamma_I =   0.1217; f = 298.9824
Predicted improvement:        0.000347370
lambda =          1; f =          298.9820022
Norm of dx 0.00055923
Done for param delta =   0.1982; f = 298.9820
Predicted improvement:        0.000236143
lambda =          1; f =          298.9817655
Norm of dx  0.0001271
Done for param rho_xi =   0.9116; f = 298.9818
Predicted improvement:        0.000039335
lambda =          1; f =          298.9817265
Norm of dx  0.0019641
Done for param rho_z =   0.8793; f = 298.9817
Predicted improvement:        0.001529309
lambda =          1; f =          298.9801971
Norm of dx  0.0016472
Done for param rho_g =   0.1077; f = 298.9802
Predicted improvement:        0.000084921
lambda =          1; f =          298.9801124
Norm of dx  0.0024143
Done for param rho_zm =   0.2526; f = 298.9801
Predicted improvement:        0.000066776
lambda =          1; f =          298.9800457
Norm of dx  0.0015444
Done for param sigma_xi =   2.6349; f = 298.9800
Predicted improvement:        0.000023688
lambda =          1; f =          298.9800220
Norm of dx 0.00084993
Done for param sigma_z =   0.0153; f = 298.9800
Predicted improvement:        0.000296285
lambda =          1; f =          298.9797252
Norm of dx  0.0010218
Done for param sigma_g =   0.8197; f = 298.9797
Predicted improvement:        0.002139670
lambda =          1; f =          298.9775688
Norm of dx  0.0012187
Done for param sigma_zm =   0.0691; f = 298.9776
Sequence of univariate steps!!
Actual dxnorm 0.18106
FVAL          298.9776
Improvement   0.0057416
Ftol          1e-05
Htol          1e-05
Elapsed time for iteration 0.83511 s.
 
Iteration 31
Correct for low angle: 0.000842135
Predicted improvement:      145.357059198
lambda =          1; f =     26271381.9725860
lambda =    0.33333; f =      2918066.7763715
lambda =    0.11111; f =       324082.5892940
lambda =   0.037037; f =        36138.3191079
lambda =   0.012346; f =         4236.2367915
lambda =  0.0041152; f =          721.9472024
lambda =  0.0013717; f =          341.5982357
lambda = 0.00045725; f =          302.7131242
lambda = 0.00015242; f =          299.3422413
lambda = 5.0805e-05; f =          299.0110481
lambda = 1.6935e-05; f =          298.9793896
lambda =  5.645e-06; f =          299.0127831
lambda = 1.8817e-06; f =          298.9810660
lambda = 6.2723e-07; f =          298.9778338
lambda = 2.0908e-07; f =          298.9775577
lambda = 6.9692e-08; f =          298.9775541
lambda = 1.3473e-07; f =          298.9775503
Norm of dx     7024.4
Correct for low angle: 0.000425058
Predicted improvement:        1.953013118
lambda =          1; f =          298.9776270
lambda =    0.33333; f =         1280.3208757
lambda =    0.11111; f =          406.3355158
lambda =   0.037037; f =          310.3548609
lambda =   0.012346; f =          300.0666202
lambda =  0.0041152; f =          299.0489078
lambda =  0.0013717; f =          298.9776371
lambda = 0.00045725; f =          299.0005205
lambda = 0.00015242; f =          298.9791662
lambda = 5.0805e-05; f =          298.9775549
lambda = 1.6935e-05; f =          298.9774962
lambda = 3.2739e-05; f =          298.9774955
Norm of dx     94.415
Predicted improvement:        0.000011427
lambda =          1; f =          298.9774841
Norm of dx 5.1117e-05
Done for param stderr obs_r =   0.2141; f = 298.9775
Predicted improvement:        0.000042674
lambda =          1; f =          298.9774413
Norm of dx    0.19403
Done for param phi = 142.6954; f = 298.9774
Predicted improvement:        0.000023123
lambda =          1; f =          298.9774182
Norm of dx  0.0011774
Done for param alpha_pi =   2.4362; f = 298.9774
Predicted improvement:        0.000011098
lambda =          1; f =          298.9774071
Norm of dx 0.00026037
Done for param alpha_y =   0.0878; f = 298.9774
Predicted improvement:        0.000018795
lambda =          1; f =          298.9773883
Norm of dx 0.00033088
Done for param gamma_m =   0.6394; f = 298.9774
Predicted improvement:        0.000855669
lambda =          1; f =          298.9765328
Norm of dx  0.0018906
Done for param gamma_I =   0.1198; f = 298.9765
Predicted improvement:        0.000271142
lambda =          1; f =          298.9762613
Norm of dx 0.00049365
Done for param delta =   0.1977; f = 298.9763
Predicted improvement:        0.000224638
lambda =          1; f =          298.9760363
Norm of dx 0.00012376
Done for param rho_xi =   0.9114; f = 298.9760
Predicted improvement:        0.000059825
lambda =          1; f =          298.9759759
Norm of dx  0.0023469
Done for param rho_z =   0.8796; f = 298.9760
Predicted improvement:        0.001339892
lambda =          1; f =          298.9746362
Norm of dx   0.001541
Done for param rho_g =   0.1062; f = 298.9746
Predicted improvement:        0.000080750
lambda =          1; f =          298.9745556
Norm of dx  0.0023825
Done for param rho_zm =   0.2503; f = 298.9746
Predicted improvement:        0.000056585
lambda =          1; f =          298.9744990
Norm of dx  0.0014162
Done for param sigma_xi =   2.6335; f = 298.9745
Predicted improvement:        0.000011181
lambda =          1; f =          298.9744878
Norm of dx 0.00058484
Done for param sigma_z =   0.0154; f = 298.9745
Predicted improvement:        0.000290689
lambda =          1; f =          298.9741967
Norm of dx  0.0010127
Done for param sigma_g =   0.8207; f = 298.9742
Predicted improvement:        0.001990134
lambda =          1; f =          298.9721907
Norm of dx  0.0011888
Done for param sigma_zm =   0.0679; f = 298.9722
Sequence of univariate steps!!
Actual dxnorm 0.19419
FVAL          298.9722
Improvement   0.0053782
Ftol          1e-05
Htol          1e-05
Elapsed time for iteration 0.77621 s.
 
Iteration 32
Correct for low angle: 0.000603704
Predicted improvement:      204.325058938
lambda =          1; f =     63073061.2128898
lambda =    0.33333; f =      7006333.7789712
lambda =    0.11111; f =       778064.9857578
lambda =   0.037037; f =        86490.9789689
lambda =   0.012346; f =         9801.2197378
lambda =  0.0041152; f =         1330.3768273
lambda =  0.0013717; f =          405.8977771
lambda = 0.00045725; f =          308.7531219
lambda = 0.00015242; f =          299.8069697
lambda = 5.0805e-05; f =          299.0588123
lambda = 1.6935e-05; f =          298.9799112
lambda =  5.645e-06; f =          298.9725536
lambda = 1.8817e-06; f =          298.9787336
lambda = 6.2723e-07; f =          298.9727378
lambda = 2.0908e-07; f =          298.9721942
lambda = 6.9692e-08; f =          298.9721721
Norm of dx      10349
Correct for low angle: 0.000738872
Predicted improvement:        5.356977599
lambda =          1; f =        65625.7631065
lambda =    0.33333; f =         7457.9292322
lambda =    0.11111; f =         1061.6889704
lambda =   0.037037; f =          373.2699783
lambda =   0.012346; f =          304.2027704
lambda =  0.0041152; f =          299.0032333
lambda =  0.0013717; f =          299.6260359
lambda = 0.00045725; f =          299.0692613
lambda = 0.00015242; f =          298.9848171
lambda = 5.0805e-05; f =          298.9734319
lambda = 1.6935e-05; f =          298.9722157
lambda =  5.645e-06; f =          298.9721426
Norm of dx     271.44
Predicted improvement:        0.000021217
lambda =          1; f =          298.9721214
Norm of dx    0.13638
Done for param phi = 142.8323; f = 298.9721
Predicted improvement:        0.000014411
lambda =          1; f =          298.9721069
Norm of dx   0.000929
Done for param alpha_pi =   2.4371; f = 298.9721
Predicted improvement:        0.000804062
lambda =          1; f =          298.9713030
Norm of dx   0.001822
Done for param gamma_I =   0.1180; f = 298.9713
Predicted improvement:        0.000289968
lambda =          1; f =          298.9710127
Norm of dx  0.0005099
Done for param delta =   0.1972; f = 298.9710
Predicted improvement:        0.000234045
lambda =          1; f =          298.9707781
Norm of dx 0.00012607
Done for param rho_xi =   0.9113; f = 298.9708
Predicted improvement:        0.000024895
lambda =          1; f =          298.9707534
Norm of dx  0.0015582
Done for param rho_z =   0.8793; f = 298.9708
Predicted improvement:        0.001150890
lambda =          1; f =          298.9696027
Norm of dx  0.0014269
Done for param rho_g =   0.1048; f = 298.9696
Predicted improvement:        0.000077856
lambda =          1; f =          298.9695250
Norm of dx  0.0023684
Done for param rho_zm =   0.2479; f = 298.9695
Predicted improvement:        0.000048617
lambda =          1; f =          298.9694764
Norm of dx  0.0013079
Done for param sigma_xi =   2.6322; f = 298.9695
Predicted improvement:        0.000227508
lambda =          1; f =          298.9692486
Norm of dx 0.00089656
Done for param sigma_g =   0.8216; f = 298.9692
Predicted improvement:        0.001876258
lambda =          1; f =          298.9673569
Norm of dx   0.001168
Done for param sigma_zm =   0.0667; f = 298.9674
Predicted improvement:        0.000010351
lambda =          1; f =          298.9673466
Norm of dx 8.0959e-05
Done for param sigma_zm2 =   0.1481; f = 298.9673
Sequence of univariate steps!!
Actual dxnorm 0.13696
FVAL          298.9673
Improvement   0.0048441
Ftol          1e-05
Htol          1e-05
Elapsed time for iteration 0.79287 s.
 
Iteration 33
Correct for low angle: 0.00128809
Predicted improvement:       95.946219305
lambda =          1; f =     15045878.9935067
lambda =    0.33333; f =      1670793.7080598
lambda =    0.11111; f =       185498.3656544
lambda =   0.037037; f =        20740.5566971
lambda =   0.012346; f =         2525.3933304
lambda =  0.0041152; f =          531.8528577
lambda =  0.0013717; f =          320.4704655
lambda = 0.00045725; f =          300.3575679
lambda = 0.00015242; f =          299.0785962
lambda = 5.0805e-05; f =          298.9759854
lambda = 1.6935e-05; f =          298.9675090
lambda =  5.645e-06; f =          298.9822599
lambda = 1.8817e-06; f =          298.9687566
lambda = 6.2723e-07; f =          298.9674227
lambda = 2.0908e-07; f =          298.9673283
Norm of dx     5074.8
Correct for low angle: 0.000417901
Predicted improvement:        1.049722520
lambda =          1; f =         3186.1622788
lambda =    0.33333; f =          599.1253438
lambda =    0.11111; f =          325.8953314
lambda =   0.037037; f =          300.2759332
lambda =   0.012346; f =          301.4349917
lambda =  0.0041152; f =          299.2696658
lambda =  0.0013717; f =          299.0113947
lambda = 0.00045725; f =          298.9727654
lambda = 0.00015242; f =          298.9678562
lambda = 5.0805e-05; f =          298.9673478
lambda = 1.6935e-05; f =          298.9673168
Norm of dx     55.692
Predicted improvement:        0.000014981
lambda =          1; f =          298.9673018
Norm of dx 5.8509e-05
Done for param stderr obs_r =   0.2141; f = 298.9673
Predicted improvement:        0.000018047
lambda =          1; f =          298.9672838
Norm of dx    0.12538
Done for param phi = 142.9579; f = 298.9673
Predicted improvement:        0.000012226
lambda =          1; f =          298.9672715
Norm of dx 0.00026544
Done for param gamma_m =   0.6396; f = 298.9673
Predicted improvement:        0.000657203
lambda =          1; f =          298.9666144
Norm of dx  0.0016383
Done for param gamma_I =   0.1164; f = 298.9666
Predicted improvement:        0.000208703
lambda =          1; f =          298.9664054
Norm of dx 0.00043229
Done for param delta =   0.1968; f = 298.9664
Predicted improvement:        0.000162649
lambda =          1; f =          298.9662425
Norm of dx 0.00010496
Done for param rho_xi =   0.9112; f = 298.9662
Predicted improvement:        0.000014817
lambda =          1; f =          298.9662277
Norm of dx  0.0011779
Done for param rho_theta =   0.8806; f = 298.9662
Predicted improvement:        0.000028789
lambda =          1; f =          298.9661990
Norm of dx  0.0016771
Done for param rho_z =   0.8795; f = 298.9662
Predicted improvement:        0.000989433
lambda =          1; f =          298.9652098
Norm of dx  0.0013219
Done for param rho_g =   0.1035; f = 298.9652
Predicted improvement:        0.000086087
lambda =          1; f =          298.9651239
Norm of dx  0.0025203
Done for param rho_zm =   0.2454; f = 298.9651
Predicted improvement:        0.000043265
lambda =          1; f =          298.9650807
Norm of dx  0.0012295
Done for param sigma_xi =   2.6309; f = 298.9651
Predicted improvement:        0.000219280
lambda =          1; f =          298.9648611
Norm of dx 0.00088055
Done for param sigma_g =   0.8225; f = 298.9649
Predicted improvement:        0.001704867
lambda =          1; f =          298.9631421
Norm of dx  0.0011263
Done for param sigma_zm =   0.0656; f = 298.9631
Sequence of univariate steps!!
Actual dxnorm 0.12569
FVAL          298.9631
Improvement   0.0042045
Ftol          1e-05
Htol          1e-05
Elapsed time for iteration 0.8667 s.
 
Iteration 34
Correct for low angle: 0.00086022
Predicted improvement:      144.198886423
lambda =          1; f =     44262692.2821146
lambda =    0.33333; f =      4915981.7322502
lambda =    0.11111; f =       545699.9553345
lambda =   0.037037; f =        60638.0652696
lambda =   0.012346; f =         6917.0096196
lambda =  0.0041152; f =         1005.9980012
lambda =  0.0013717; f =          368.5465061
lambda = 0.00045725; f =          304.1610868
lambda = 0.00015242; f =          299.1546595
lambda = 5.0805e-05; f =          298.9814403
lambda = 1.6935e-05; f =          298.9643525
lambda =  5.645e-06; f =          298.9631438
lambda = 1.8817e-06; f =          298.9655386
lambda = 6.2723e-07; f =          298.9632885
lambda = 2.0908e-07; f =          298.9631182
Norm of dx     8081.7
Correct for low angle: 3.48342e-05
Predicted improvement:      641.276813949
lambda =          1; f =    965530233.2740455
lambda =    0.33333; f =    107269201.0314972
lambda =    0.11111; f =     11914999.6362025
lambda =   0.037037; f =      1322800.1990636
lambda =   0.012346; f =       146793.0677915
lambda =  0.0041152; f =        16426.8599177
lambda =  0.0013717; f =         2041.7258452
lambda = 0.00045725; f =          476.6518762
lambda = 0.00015242; f =          313.8461890
lambda = 5.0805e-05; f =          299.4538083
lambda = 1.6935e-05; f =          298.9986802
lambda =  5.645e-06; f =          299.4840964
lambda = 1.8817e-06; f =          299.0073030
lambda = 6.2723e-07; f =          298.9681587
lambda = 2.0908e-07; f =          298.9636530
lambda = 6.9692e-08; f =          298.9631643
lambda = 2.3231e-08; f =          298.9631187
lambda = 7.7435e-09; f =          298.9631167
lambda = 2.5812e-09; f =          298.9631175
Norm of dx      35980
Predicted improvement:        0.000022252
lambda =          1; f =          298.9630944
Norm of dx    0.13879
Done for param phi = 143.0968; f = 298.9631
Predicted improvement:        0.000015092
lambda =          1; f =          298.9630793
Norm of dx 0.00094901
Done for param alpha_pi =   2.4381; f = 298.9631
Predicted improvement:        0.000010818
lambda =          1; f =          298.9630685
Norm of dx 0.00024905
Done for param gamma_m =   0.6399; f = 298.9631
Predicted improvement:        0.000646787
lambda =          1; f =          298.9624218
Norm of dx  0.0016168
Done for param gamma_I =   0.1147; f = 298.9624
Predicted improvement:        0.000191549
lambda =          1; f =          298.9622300
Norm of dx 0.00041377
Done for param delta =   0.1964; f = 298.9622
Predicted improvement:        0.000164076
lambda =          1; f =          298.9620657
Norm of dx 0.00010523
Done for param rho_xi =   0.9111; f = 298.9621
Predicted improvement:        0.000018597
lambda =          1; f =          298.9620471
Norm of dx  0.0013448
Done for param rho_z =   0.8793; f = 298.9620
Predicted improvement:        0.000863128
lambda =          1; f =          298.9611842
Norm of dx  0.0012335
Done for param rho_g =   0.1022; f = 298.9612
Predicted improvement:        0.000073672
lambda =          1; f =          298.9611107
Norm of dx  0.0023572
Done for param rho_zm =   0.2430; f = 298.9611
Predicted improvement:        0.000035572
lambda =          1; f =          298.9610751
Norm of dx  0.0011112
Done for param sigma_xi =   2.6298; f = 298.9611
Predicted improvement:        0.000010649
lambda =          1; f =          298.9610645
Norm of dx 0.00057177
Done for param sigma_z =   0.0154; f = 298.9611
Predicted improvement:        0.000185247
lambda =          1; f =          298.9608790
Norm of dx 0.00080974
Done for param sigma_g =   0.8233; f = 298.9609
Predicted improvement:        0.001599808
lambda =          1; f =          298.9592657
Norm of dx  0.0011038
Done for param sigma_zm =   0.0645; f = 298.9593
Sequence of univariate steps!!
Actual dxnorm 0.1389
FVAL          298.9593
Improvement   0.0038764
Ftol          1e-05
Htol          1e-05
Elapsed time for iteration 0.77477 s.
 
Iteration 35
Correct for low angle: 0.000360986
Predicted improvement:      344.057767163
lambda =          1; f =    198763638.6155137
lambda =    0.33333; f =     22084904.1330738
lambda =    0.11111; f =      2454074.4011787
lambda =   0.037037; f =       272918.0183379
lambda =   0.012346; f =        30582.9369589
lambda =  0.0041152; f =         3661.7144478
lambda =  0.0013717; f =          671.8905576
lambda = 0.00045725; f =          340.1604661
lambda = 0.00015242; f =          303.4590881
lambda = 5.0805e-05; f =          299.4336642
lambda = 1.6935e-05; f =          299.0038972
lambda =  5.645e-06; f =          298.9619794
lambda = 1.8817e-06; f =          298.9943178
lambda = 6.2723e-07; f =          298.9628642
lambda = 2.0908e-07; f =          298.9595696
lambda = 6.9692e-08; f =          298.9592675
lambda = 2.3231e-08; f =          298.9592552
Norm of dx      20104
Correct for low angle: 0.000642823
Predicted improvement:        0.695595360
lambda =          1; f =         1806.7288463
lambda =    0.33333; f =          464.4131112
lambda =    0.11111; f =          316.6596199
lambda =   0.037037; f =          300.7067992
lambda =   0.012346; f =          299.0890081
lambda =  0.0041152; f =          298.9608351
lambda =  0.0013717; f =          298.9989899
lambda = 0.00045725; f =          298.9622915
lambda = 0.00015242; f =          298.9594286
lambda = 5.0805e-05; f =          298.9592269
Norm of dx     40.912
Predicted improvement:        0.000024812
lambda =          1; f =          298.9592021
Norm of dx 7.5268e-05
Done for param stderr obs_r =   0.2142; f = 298.9592
Predicted improvement:        0.000019522
lambda =          1; f =          298.9591826
Norm of dx    0.12963
Done for param phi = 143.2270; f = 298.9592
Predicted improvement:        0.000633909
lambda =          1; f =          298.9585487
Norm of dx  0.0015925
Done for param gamma_I =   0.1131; f = 298.9585
Predicted improvement:        0.000158270
lambda =          1; f =          298.9583903
Norm of dx 0.00037582
Done for param delta =   0.1960; f = 298.9584
Predicted improvement:        0.000136675
lambda =          1; f =          298.9582534
Norm of dx 9.5885e-05
Done for param rho_xi =   0.9109; f = 298.9583
Predicted improvement:        0.000033171
lambda =          1; f =          298.9582200
Norm of dx  0.0017557
Done for param rho_z =   0.8795; f = 298.9582
Predicted improvement:        0.000744494
lambda =          1; f =          298.9574758
Norm of dx  0.0011447
Done for param rho_g =   0.1011; f = 298.9575
Predicted improvement:        0.000073091
lambda =          1; f =          298.9574029
Norm of dx  0.0023732
Done for param rho_zm =   0.2406; f = 298.9574
Predicted improvement:        0.000030988
lambda =          1; f =          298.9573719
Norm of dx  0.0010337
Done for param sigma_xi =   2.6288; f = 298.9574
Predicted improvement:        0.000166396
lambda =          1; f =          298.9572053
Norm of dx 0.00076773
Done for param sigma_g =   0.8241; f = 298.9572
Predicted improvement:        0.001459934
lambda =          1; f =          298.9557330
Norm of dx  0.0010666
Done for param sigma_zm =   0.0634; f = 298.9557
Predicted improvement:        0.000018546
lambda =          1; f =          298.9557145
Norm of dx 0.00010831
Done for param sigma_zm2 =   0.1482; f = 298.9557
Sequence of univariate steps!!
Actual dxnorm 0.1303
FVAL          298.9557
Improvement   0.0035512
Ftol          1e-05
Htol          1e-05
Elapsed time for iteration 0.78762 s.
 
Iteration 36
Correct for low angle: 0.00164772
Predicted improvement:       75.917967427
lambda =          1; f =     13921446.0034112
lambda =    0.33333; f =      1545905.8717632
lambda =    0.11111; f =       171638.3130364
lambda =   0.037037; f =        19205.9335046
lambda =   0.012346; f =         2356.6423315
lambda =  0.0041152; f =          513.6833199
lambda =  0.0013717; f =          318.6381721
lambda = 0.00045725; f =          300.2091810
lambda = 0.00015242; f =          299.0619037
lambda = 5.0805e-05; f =          298.9653284
lambda = 1.6935e-05; f =          298.9562034
lambda =  5.645e-06; f =          298.9656308
lambda = 1.8817e-06; f =          298.9566174
lambda = 6.2723e-07; f =          298.9557510
lambda = 2.0908e-07; f =          298.9556974
Norm of dx     4704.4
Correct for low angle: 0.000366136
Predicted improvement:        0.906087329
lambda =          1; f =         2988.0129861
lambda =    0.33333; f =          577.8264488
lambda =    0.11111; f =          323.7613399
lambda =   0.037037; f =          300.1096740
lambda =   0.012346; f =          301.2277852
lambda =  0.0041152; f =          299.2426710
lambda =  0.0013717; f =          298.9973170
lambda = 0.00045725; f =          298.9607913
lambda = 0.00015242; f =          298.9561836
lambda = 5.0805e-05; f =          298.9557123
lambda = 1.6935e-05; f =          298.9556855
Norm of dx     56.266
Predicted improvement:        0.000012517
lambda =          1; f =          298.9556729
Norm of dx 6.0485e-05
Done for param stderr obs_di =   0.0396; f = 298.9557
Predicted improvement:        0.000012202
lambda =          1; f =          298.9556607
Norm of dx    0.10219
Done for param phi = 143.3296; f = 298.9557
Predicted improvement:        0.000010884
lambda =          1; f =          298.9556499
Norm of dx 0.00080473
Done for param alpha_pi =   2.4389; f = 298.9556
Predicted improvement:        0.000011606
lambda =          1; f =          298.9556382
Norm of dx 0.00025683
Done for param gamma_m =   0.6401; f = 298.9556
Predicted improvement:        0.000566415
lambda =          1; f =          298.9550718
Norm of dx   0.001498
Done for param gamma_I =   0.1116; f = 298.9551
Predicted improvement:        0.000127805
lambda =          1; f =          298.9549439
Norm of dx 0.00033745
Done for param delta =   0.1957; f = 298.9549
Predicted improvement:        0.000116806
lambda =          1; f =          298.9548270
Norm of dx 8.8535e-05
Done for param rho_xi =   0.9108; f = 298.9548
Predicted improvement:        0.000012733
lambda =          1; f =          298.9548142
Norm of dx  0.0010926
Done for param rho_theta =   0.8808; f = 298.9548
Predicted improvement:        0.000020236
lambda =          1; f =          298.9547940
Norm of dx  0.0014034
Done for param rho_z =   0.8794; f = 298.9548
Predicted improvement:        0.000640712
lambda =          1; f =          298.9541535
Norm of dx  0.0010609
Done for param rho_g =   0.1000; f = 298.9542
Predicted improvement:        0.000069853
lambda =          1; f =          298.9540838
Norm of dx  0.0023437
Done for param rho_zm =   0.2383; f = 298.9541
Predicted improvement:        0.000026747
lambda =          1; f =          298.9540571
Norm of dx 0.00095755
Done for param sigma_xi =   2.6278; f = 298.9541
Predicted improvement:        0.000151645
lambda =          1; f =          298.9539053
Norm of dx 0.00073316
Done for param sigma_g =   0.8248; f = 298.9539
Predicted improvement:        0.001355905
lambda =          1; f =          298.9525377
Norm of dx  0.0010396
Done for param sigma_zm =   0.0624; f = 298.9525
Sequence of univariate steps!!
Actual dxnorm 0.10265
FVAL          298.9525
Improvement   0.0031768
Ftol          1e-05
Htol          1e-05
Elapsed time for iteration 0.84276 s.
 
Iteration 37
Correct for low angle: 0.00113536
Predicted improvement:      110.691174212
lambda =          1; f =     32134339.2452031
lambda =    0.33333; f =      3568826.5891382
lambda =    0.11111; f =       396162.5880353
lambda =   0.037037; f =        44071.6313023
lambda =   0.012346; f =         5092.4866043
lambda =  0.0041152; f =          808.6613045
lambda =  0.0013717; f =          348.4102362
lambda = 0.00045725; f =          302.5144021
lambda = 0.00015242; f =          299.1404820
lambda = 5.0805e-05; f =          298.9684330
lambda = 1.6935e-05; f =          298.9530944
lambda =  5.645e-06; f =          298.9805889
lambda = 1.8817e-06; f =          298.9553846
lambda = 6.2723e-07; f =          298.9527618
lambda = 2.0908e-07; f =          298.9525318
lambda = 6.9692e-08; f =          298.9525268
lambda = 1.3473e-07; f =          298.9525246
Norm of dx     7160.1
Correct for low angle: 2.387e-05
Predicted improvement:      280.491616479
lambda =          1; f =    255905258.8758226
lambda =    0.33333; f =     28427898.7928150
lambda =    0.11111; f =      3156827.3136986
lambda =   0.037037; f =       350327.3718829
lambda =   0.012346; f =        38959.6560920
lambda =  0.0041152; f =         4518.1297439
lambda =  0.0013717; f =          742.7234972
lambda = 0.00045725; f =          340.3758944
lambda = 0.00015242; f =          301.3845986
lambda = 5.0805e-05; f =          299.0569175
lambda = 1.6935e-05; f =          298.9533505
lambda =  5.645e-06; f =          299.0511234
lambda = 1.8817e-06; f =          298.9638979
lambda = 6.2723e-07; f =          298.9537593
lambda = 2.0908e-07; f =          298.9526350
lambda = 6.9692e-08; f =          298.9525271
lambda = 2.3231e-08; f =          298.9525216
lambda = 7.7435e-09; f =          298.9525232
Norm of dx      18209
Predicted improvement:        0.000013428
lambda =          1; f =          298.9525082
Norm of dx 5.5368e-05
Done for param stderr obs_r =   0.2143; f = 298.9525
Predicted improvement:        0.000013067
lambda =          1; f =          298.9524951
Norm of dx    0.10547
Done for param phi = 143.4351; f = 298.9525
Predicted improvement:        0.000569496
lambda =          1; f =          298.9519256
Norm of dx  0.0014951
Done for param gamma_I =   0.1101; f = 298.9519
Predicted improvement:        0.000113099
lambda =          1; f =          298.9518124
Norm of dx 0.00031719
Done for param delta =   0.1953; f = 298.9518
Predicted improvement:        0.000106139
lambda =          1; f =          298.9517061
Norm of dx 8.4214e-05
Done for param rho_xi =   0.9108; f = 298.9517
Predicted improvement:        0.000012491
lambda =          1; f =          298.9516936
Norm of dx  0.0011003
Done for param rho_z =   0.8795; f = 298.9517
Predicted improvement:        0.000557767
lambda =          1; f =          298.9511360
Norm of dx  0.0009888
Done for param rho_g =   0.0990; f = 298.9511
Predicted improvement:        0.000064655
lambda =          1; f =          298.9510714
Norm of dx  0.0022774
Done for param rho_zm =   0.2360; f = 298.9511
Predicted improvement:        0.000022035
lambda =          1; f =          298.9510494
Norm of dx 0.00086659
Done for param sigma_xi =   2.6270; f = 298.9510
Predicted improvement:        0.000132219
lambda =          1; f =          298.9509171
Norm of dx 0.00068481
Done for param sigma_g =   0.8255; f = 298.9509
Predicted improvement:        0.001251080
lambda =          1; f =          298.9496551
Norm of dx  0.0010099
Done for param sigma_zm =   0.0614; f = 298.9497
Predicted improvement:        0.000010701
lambda =          1; f =          298.9496444
Norm of dx 8.2265e-05
Done for param sigma_zm2 =   0.1483; f = 298.9496
Sequence of univariate steps!!
Actual dxnorm 0.10556
FVAL          298.9496
Improvement   0.0028933
Ftol          1e-05
Htol          1e-05
Elapsed time for iteration 0.78615 s.
 
Iteration 38
Correct for low angle: 0.00158623
Predicted improvement:       79.502964449
lambda =          1; f =     18316594.5292306
lambda =    0.33333; f =      2034134.3940863
lambda =    0.11111; f =       225845.4835321
lambda =   0.037037; f =        25215.5250645
lambda =   0.012346; f =         3019.9178160
lambda =  0.0041152; f =          585.8914003
lambda =  0.0013717; f =          326.1612635
lambda = 0.00045725; f =          300.8747737
lambda = 0.00015242; f =          299.1120859
lambda = 5.0805e-05; f =          298.9649742
lambda = 1.6935e-05; f =          298.9505893
lambda =  5.645e-06; f =          298.9639701
lambda = 1.8817e-06; f =          298.9510187
lambda = 6.2723e-07; f =          298.9497299
lambda = 2.0908e-07; f =          298.9496317
Norm of dx       5428
Correct for low angle: 0.000361627
Predicted improvement:        0.660156881
lambda =          1; f =         2014.7931314
lambda =    0.33333; f =          473.7628023
lambda =    0.11111; f =          313.5523083
lambda =   0.037037; f =          299.4228417
lambda =   0.012346; f =          300.3449364
lambda =  0.0041152; f =          299.1468241
lambda =  0.0013717; f =          298.9775926
lambda = 0.00045725; f =          298.9529683
lambda = 0.00015242; f =          298.9499446
lambda = 5.0805e-05; f =          298.9496405
lambda = 1.6935e-05; f =          298.9496238
Norm of dx     45.085
Predicted improvement:        0.000013478
lambda =          1; f =          298.9496103
Norm of dx    0.10684
Done for param phi = 143.5423; f = 298.9496
Predicted improvement:        0.000010339
lambda =          1; f =          298.9495999
Norm of dx 0.00078317
Done for param alpha_pi =   2.4397; f = 298.9496
Predicted improvement:        0.000549005
lambda =          1; f =          298.9490509
Norm of dx  0.0014614
Done for param gamma_I =   0.1087; f = 298.9491
Predicted improvement:        0.000098124
lambda =          1; f =          298.9489527
Norm of dx  0.0002952
Done for param delta =   0.1951; f = 298.9490
Predicted improvement:        0.000105577
lambda =          1; f =          298.9488470
Norm of dx 8.3872e-05
Done for param rho_xi =   0.9107; f = 298.9488
Predicted improvement:        0.000016847
lambda =          1; f =          298.9488302
Norm of dx  0.0012794
Done for param rho_z =   0.8794; f = 298.9488
Predicted improvement:        0.000474121
lambda =          1; f =          298.9483562
Norm of dx 0.00091081
Done for param rho_g =   0.0981; f = 298.9484
Predicted improvement:        0.000059596
lambda =          1; f =          298.9482967
Norm of dx  0.0022072
Done for param rho_zm =   0.2338; f = 298.9483
Predicted improvement:        0.000019168
lambda =          1; f =          298.9482776
Norm of dx 0.00080603
Done for param sigma_xi =   2.6262; f = 298.9483
Predicted improvement:        0.000107965
lambda =          1; f =          298.9481695
Norm of dx 0.00061904
Done for param sigma_g =   0.8261; f = 298.9482
Predicted improvement:        0.001182094
lambda =          1; f =          298.9469770
Norm of dx 0.00099283
Done for param sigma_zm =   0.0604; f = 298.9470
Sequence of univariate steps!!
Actual dxnorm 0.10721
FVAL          298.947
Improvement   0.0026675
Ftol          1e-05
Htol          1e-05
Elapsed time for iteration 0.82207 s.
 
Iteration 39
Correct for low angle: 0.00163423
Predicted improvement:       77.565562274
lambda =          1; f =     15626441.9408753
lambda =    0.33333; f =      1735543.0202658
lambda =    0.11111; f =       192773.4839055
lambda =   0.037037; f =        21575.7940571
lambda =   0.012346; f =         2627.1457442
lambda =  0.0041152; f =          546.1294936
lambda =  0.0013717; f =          323.0350208
lambda = 0.00045725; f =          300.9565977
lambda = 0.00015242; f =          299.1473819
lambda = 5.0805e-05; f =          298.9640511
lambda = 1.6935e-05; f =          298.9476021
lambda =  5.645e-06; f =          298.9678276
lambda = 1.8817e-06; f =          298.9490760
lambda = 6.2723e-07; f =          298.9471445
lambda = 2.0908e-07; f =          298.9469739
lambda = 6.9692e-08; f =          298.9469694
Norm of dx     5474.6
Correct for low angle: 0.000460754
Predicted improvement:        0.650635186
lambda =          1; f =         2261.6397064
lambda =    0.33333; f =          500.0556249
lambda =    0.11111; f =          316.0943815
lambda =   0.037037; f =          299.5776733
lambda =   0.012346; f =          300.5332095
lambda =  0.0041152; f =          299.1660411
lambda =  0.0013717; f =          298.9781909
lambda = 0.00045725; f =          298.9506734
lambda = 0.00015242; f =          298.9472986
lambda = 5.0805e-05; f =          298.9469704
lambda = 1.6935e-05; f =          298.9469573
Norm of dx      46.06
Predicted improvement:        0.000437567
lambda =          1; f =          298.9465197
Norm of dx  0.0012993
Done for param gamma_I =   0.1074; f = 298.9465
Predicted improvement:        0.000097122
lambda =          1; f =          298.9464225
Norm of dx 0.00029348
Done for param delta =   0.1948; f = 298.9464
Predicted improvement:        0.000068523
lambda =          1; f =          298.9463539
Norm of dx 6.7475e-05
Done for param rho_xi =   0.9106; f = 298.9464
Predicted improvement:        0.000013904
lambda =          1; f =          298.9463400
Norm of dx  0.0011414
Done for param rho_theta =   0.8808; f = 298.9463
Predicted improvement:        0.000396628
lambda =          1; f =          298.9459434
Norm of dx 0.00083219
Done for param rho_g =   0.0973; f = 298.9459
Predicted improvement:        0.000065025
lambda =          1; f =          298.9458786
Norm of dx  0.0023273
Done for param rho_zm =   0.2315; f = 298.9459
Predicted improvement:        0.000017711
lambda =          1; f =          298.9458609
Norm of dx 0.00077271
Done for param sigma_xi =   2.6254; f = 298.9459
Predicted improvement:        0.000103842
lambda =          1; f =          298.9457569
Norm of dx 0.00060716
Done for param sigma_g =   0.8267; f = 298.9458
Predicted improvement:        0.001031502
lambda =          1; f =          298.9447165
Norm of dx 0.00093797
Done for param sigma_zm =   0.0595; f = 298.9447
Sequence of univariate steps!!
Actual dxnorm 0.0034278
FVAL          298.9447
Improvement   0.0022604
Ftol          1e-05
Htol          1e-05
Elapsed time for iteration 0.7513 s.
 
Iteration 40
Correct for low angle: 0.000694384
Predicted improvement:      182.933835928
lambda =          1; f =     92395295.3652373
lambda =    0.33333; f =     10265996.0612462
lambda =    0.11111; f =      1140795.0836700
lambda =   0.037037; f =       126976.0989150
lambda =   0.012346; f =        14360.2282411
lambda =  0.0041152; f =         1857.1746542
lambda =  0.0013717; f =          471.1608356
lambda = 0.00045725; f =          317.9184108
lambda = 0.00015242; f =          300.9997855
lambda = 5.0805e-05; f =          299.1558030
lambda = 1.6935e-05; f =          298.9628709
lambda =  5.645e-06; f =          298.9454190
lambda = 1.8817e-06; f =          298.9612224
lambda = 6.2723e-07; f =          298.9463920
lambda = 2.0908e-07; f =          298.9448515
lambda = 6.9692e-08; f =          298.9447145
lambda = 2.3231e-08; f =          298.9447106
Norm of dx      13785
Predicted improvement:        0.016191510
lambda =          1; f =          298.9472351
lambda =    0.33333; f =          299.4406314
lambda =    0.11111; f =          299.0190024
lambda =   0.037037; f =          298.9542146
lambda =   0.012346; f =          298.9456056
lambda =  0.0041152; f =          298.9447214
lambda =  0.0013717; f =          298.9446807
Norm of dx    0.93188
Predicted improvement:        0.000010201
lambda =          1; f =          298.9446705
Norm of dx 0.00023231
Done for param stderr obs_dy =   0.1945; f = 298.9447
Predicted improvement:        0.000025866
lambda =          1; f =          298.9446447
Norm of dx 7.6808e-05
Done for param stderr obs_r =   0.2143; f = 298.9446
Predicted improvement:        0.000019284
lambda =          1; f =          298.9446254
Norm of dx    0.12714
Done for param phi = 143.6696; f = 298.9446
Predicted improvement:        0.000010442
lambda =          1; f =          298.9446149
Norm of dx 0.00078594
Done for param alpha_pi =   2.4405; f = 298.9446
Predicted improvement:        0.000023575
lambda =          1; f =          298.9445913
Norm of dx 0.00036356
Done for param gamma_m =   0.6405; f = 298.9446
Predicted improvement:        0.000409231
lambda =          1; f =          298.9441820
Norm of dx  0.0012515
Done for param gamma_I =   0.1061; f = 298.9442
Predicted improvement:        0.000065871
lambda =          1; f =          298.9441161
Norm of dx 0.00024151
Done for param delta =   0.1945; f = 298.9441
Predicted improvement:        0.000071300
lambda =          1; f =          298.9440447
Norm of dx 6.8712e-05
Done for param rho_xi =   0.9105; f = 298.9440
Predicted improvement:        0.000014099
lambda =          1; f =          298.9440306
Norm of dx  0.0011694
Done for param rho_theta =   0.8807; f = 298.9440
Predicted improvement:        0.000011188
lambda =          1; f =          298.9440195
Norm of dx  0.0010409
Done for param rho_z =   0.8795; f = 298.9440
Predicted improvement:        0.000357550
lambda =          1; f =          298.9436619
Norm of dx 0.00078922
Done for param rho_g =   0.0965; f = 298.9437
Predicted improvement:        0.000056142
lambda =          1; f =          298.9436059
Norm of dx  0.0021812
Done for param rho_zm =   0.2293; f = 298.9436
Predicted improvement:        0.000013522
lambda =          1; f =          298.9435924
Norm of dx 0.00067351
Done for param sigma_xi =   2.6247; f = 298.9436
Predicted improvement:        0.000109305
lambda =          1; f =          298.9434830
Norm of dx 0.00062293
Done for param sigma_g =   0.8273; f = 298.9435
Predicted improvement:        0.000993023
lambda =          1; f =          298.9424812
Norm of dx 0.00093051
Done for param sigma_zm =   0.0585; f = 298.9425
Sequence of univariate steps!!
Actual dxnorm 0.12719
FVAL          298.9425
Improvement   0.0022353
Ftol          1e-05
Htol          1e-05
Elapsed time for iteration 0.8139 s.
 
Iteration 41
Correct for low angle: 0.00107044
Predicted improvement:      119.307936218
lambda =          1; f =     55267658.9300863
lambda =    0.33333; f =      6138806.4113069
lambda =    0.11111; f =       681586.2172993
lambda =   0.037037; f =        75742.1299457
lambda =   0.012346; f =         8597.1288829
lambda =  0.0041152; f =         1193.2995342
lambda =  0.0013717; f =          389.5527797
lambda = 0.00045725; f =          306.5479018
lambda = 0.00015242; f =          299.4252432
lambda = 5.0805e-05; f =          298.9913897
lambda = 1.6935e-05; f =          298.9464842
lambda =  5.645e-06; f =          298.9425944
lambda = 1.8817e-06; f =          298.9469514
lambda = 6.2723e-07; f =          298.9428745
lambda = 2.0908e-07; f =          298.9424915
lambda = 6.9692e-08; f =          298.9424712
Norm of dx     9353.7
Correct for low angle: 1.22291e-05
Predicted improvement:       74.976013429
lambda =          1; f =     26178819.6457157
lambda =    0.33333; f =      2907013.4590692
lambda =    0.11111; f =       322598.2106485
lambda =   0.037037; f =        35887.9344688
lambda =   0.012346; f =         4179.9090867
lambda =  0.0041152; f =          706.1646864
lambda =  0.0013717; f =          336.6485699
lambda = 0.00045725; f =          301.0763848
lambda = 0.00015242; f =          299.0477009
lambda = 5.0805e-05; f =          298.9433083
lambda = 1.6935e-05; f =          299.0364249
lambda =  5.645e-06; f =          298.9530726
lambda = 1.8817e-06; f =          298.9435717
lambda = 6.2723e-07; f =          298.9425529
lambda = 2.0908e-07; f =          298.9424661
lambda = 6.9692e-08; f =          298.9424659
Norm of dx     5886.6
Predicted improvement:        0.000011889
lambda =          1; f =          298.9424540
Norm of dx 0.00083835
Done for param alpha_pi =   2.4413; f = 298.9425
Predicted improvement:        0.000376874
lambda =          1; f =          298.9420771
Norm of dx  0.0011965
Done for param gamma_I =   0.1049; f = 298.9421
Predicted improvement:        0.000067414
lambda =          1; f =          298.9420096
Norm of dx 0.00024414
Done for param delta =   0.1943; f = 298.9420
Predicted improvement:        0.000064954
lambda =          1; f =          298.9419446
Norm of dx 6.5481e-05
Done for param rho_xi =   0.9105; f = 298.9419
Predicted improvement:        0.000305245
lambda =          1; f =          298.9416394
Norm of dx 0.00072847
Done for param rho_g =   0.0957; f = 298.9416
Predicted improvement:        0.000053011
lambda =          1; f =          298.9415865
Norm of dx  0.0021372
Done for param rho_zm =   0.2272; f = 298.9416
Predicted improvement:        0.000012386
lambda =          1; f =          298.9415741
Norm of dx 0.00064303
Done for param sigma_xi =   2.6241; f = 298.9416
Predicted improvement:        0.000083169
lambda =          1; f =          298.9414909
Norm of dx 0.00054351
Done for param sigma_g =   0.8279; f = 298.9415
Predicted improvement:        0.000917611
lambda =          1; f =          298.9405651
Norm of dx 0.00090454
Done for param sigma_zm =   0.0576; f = 298.9406
Predicted improvement:        0.000014076
lambda =          1; f =          298.9405511
Norm of dx 9.4293e-05
Done for param sigma_zm2 =   0.1484; f = 298.9406
Sequence of univariate steps!!
Actual dxnorm 0.003131
FVAL          298.9406
Improvement   0.0019301
Ftol          1e-05
Htol          1e-05
Elapsed time for iteration 0.76287 s.
 
Iteration 42
Correct for low angle: 0.00134484
Predicted improvement:       95.287500807
lambda =          1; f =     29411575.8908052
lambda =    0.33333; f =      3267529.9287209
lambda =    0.11111; f =       363096.0342543
lambda =   0.037037; f =        40534.5042866
lambda =   0.012346; f =         4745.1223448
lambda =  0.0041152; f =          785.2745590
lambda =  0.0013717; f =          350.8736290
lambda = 0.00045725; f =          304.4421310
lambda = 0.00015242; f =          299.5232815
lambda = 5.0805e-05; f =          298.9962355
lambda = 1.6935e-05; f =          298.9441725
lambda =  5.645e-06; f =          298.9405536
lambda = 1.8817e-06; f =          298.9456161
lambda = 6.2723e-07; f =          298.9410321
lambda = 2.0908e-07; f =          298.9405779
lambda = 6.9692e-08; f =          298.9405452
Norm of dx     7810.1
Predicted improvement:        0.020914883
lambda =          1; f =          299.0125672
lambda =    0.33333; f =          298.9384928
lambda =    0.11111; f =          298.9372711
lambda =     0.2148; f =          298.9365928
Norm of dx    0.14867
Predicted improvement:        0.000041884
lambda =          1; f =          298.9365509
Norm of dx 9.7674e-05
Done for param stderr obs_r =   0.2144; f = 298.9366
Predicted improvement:        0.000043155
lambda =          1; f =          298.9365077
Norm of dx  0.0015977
Done for param alpha_pi =   2.4439; f = 298.9365
Predicted improvement:        0.000049644
lambda =          1; f =          298.9364580
Norm of dx 0.00050424
Done for param alpha_y =   0.0883; f = 298.9365
Predicted improvement:        0.000013559
lambda =          1; f =          298.9364444
Norm of dx 0.00027362
Done for param gamma_m =   0.6408; f = 298.9364
Predicted improvement:        0.000253562
lambda =          1; f =          298.9361909
Norm of dx 0.00096501
Done for param gamma_I =   0.0996; f = 298.9362
Predicted improvement:        0.000080264
lambda =          1; f =          298.9361105
Norm of dx  0.0002654
Done for param delta =   0.1936; f = 298.9361
Predicted improvement:        0.000051812
lambda =          1; f =          298.9360587
Norm of dx 5.8161e-05
Done for param rho_xi =   0.9100; f = 298.9361
Predicted improvement:        0.000257621
lambda =          1; f =          298.9358011
Norm of dx 0.00066557
Done for param rho_g =   0.0931; f = 298.9358
Predicted improvement:        0.002632196
lambda =          1; f =          298.9331142
Norm of dx   0.015129
Done for param rho_zm =   0.2119; f = 298.9331
Predicted improvement:        0.000068838
lambda =          1; f =          298.9330453
Norm of dx  0.0014945
Done for param sigma_xi =   2.6201; f = 298.9330
Predicted improvement:        0.000072743
lambda =          1; f =          298.9329725
Norm of dx  0.0005081
Done for param sigma_g =   0.8304; f = 298.9330
Predicted improvement:        0.000242131
lambda =          1; f =          298.9327290
Norm of dx  0.0004954
Done for param sigma_zm =   0.0528; f = 298.9327
Sequence of univariate steps!!
Actual dxnorm 0.017973
FVAL          298.9327
Improvement   0.0078221
Ftol          1e-05
Htol          1e-05
Elapsed time for iteration 0.85847 s.
 
Iteration 43
Correct for low angle: 0.00325772
Predicted improvement:       40.462139872
lambda =          1; f =     20924093.5966932
lambda =    0.33333; f =      2324420.3877916
lambda =    0.11111; f =       258287.4227910
lambda =   0.037037; f =        28882.5822225
lambda =   0.012346; f =         3448.1139719
lambda =  0.0041152; f =          640.3731034
lambda =  0.0013717; f =          334.5052708
lambda = 0.00045725; f =          302.5524251
lambda = 0.00015242; f =          299.3217395
lambda = 5.0805e-05; f =          298.9717061
lambda = 1.6935e-05; f =          298.9357907
lambda =  5.645e-06; f =          298.9327925
lambda = 1.8817e-06; f =          298.9357261
lambda = 6.2723e-07; f =          298.9330261
lambda = 2.0908e-07; f =          298.9327507
lambda = 6.9692e-08; f =          298.9327277
lambda = 2.3231e-08; f =          298.9327276
lambda = 4.4909e-08; f =          298.9327272
Norm of dx       6280
Predicted improvement:        0.030540176
lambda =          1; f =          299.4919210
lambda =    0.33333; f =          298.9576050
lambda =    0.11111; f =          298.9306049
Norm of dx    0.12949
Predicted improvement:        0.000064957
lambda =          1; f =          298.9305399
Norm of dx 0.00012157
Done for param stderr obs_r =   0.2144; f = 298.9305
Predicted improvement:        0.000024387
lambda =          1; f =          298.9305155
Norm of dx 8.4395e-05
Done for param stderr obs_di =   0.0395; f = 298.9305
Predicted improvement:        0.000121927
lambda =          1; f =          298.9303934
Norm of dx    0.31151
Done for param phi = 143.9812; f = 298.9304
Predicted improvement:        0.000123404
lambda =          1; f =          298.9302698
Norm of dx 0.00077749
Done for param alpha_y =   0.0873; f = 298.9303
Predicted improvement:        0.000206074
lambda =          1; f =          298.9300642
Norm of dx  0.0010648
Done for param gamma_m =   0.6396; f = 298.9301
Predicted improvement:        0.000034287
lambda =          1; f =          298.9300300
Norm of dx 0.00034724
Done for param gamma_I =   0.0907; f = 298.9300
Predicted improvement:        0.000015079
lambda =          1; f =          298.9300149
Norm of dx 0.00011466
Done for param delta =   0.1934; f = 298.9300
Predicted improvement:        0.000041464
lambda =          1; f =          298.9299734
Norm of dx 5.1463e-05
Done for param rho_xi =   0.9098; f = 298.9300
Predicted improvement:        0.000215606
lambda =          1; f =          298.9297578
Norm of dx  0.0006049
Done for param rho_g =   0.0912; f = 298.9298
Predicted improvement:        0.002017438
lambda =          1; f =          298.9277789
Norm of dx   0.014623
Done for param rho_zm =   0.2061; f = 298.9278
Predicted improvement:        0.000029036
lambda =          1; f =          298.9277499
Norm of dx 0.00096147
Done for param sigma_xi =   2.6150; f = 298.9277
Predicted improvement:        0.000019875
lambda =          1; f =          298.9277300
Norm of dx 0.00026582
Done for param sigma_g =   0.8322; f = 298.9277
Predicted improvement:        0.001004110
lambda =          1; f =          298.9267115
Norm of dx  0.0010722
Done for param sigma_zm =   0.0480; f = 298.9267
Predicted improvement:        0.000017980
lambda =          1; f =          298.9266935
Norm of dx 0.00010653
Done for param sigma_zm2 =   0.1487; f = 298.9267
Sequence of univariate steps!!
Actual dxnorm 0.31179
FVAL          298.9267
Improvement   0.0060355
Ftol          1e-05
Htol          1e-05
Elapsed time for iteration 0.86089 s.
 
Iteration 44
Correct for low angle: 9.5729e-06
Predicted improvement:    14341.092152016
lambda =          1; f = 921774640368.3244629
lambda =    0.33333; f = 102419390177.2360992
lambda =    0.11111; f =  11379927650.2286186
lambda =   0.037037; f =   1264435052.7100358
lambda =   0.012346; f =    140492510.3687209
lambda =  0.0041152; f =     15610365.5325284
lambda =  0.0013717; f =      1734691.6179665
lambda = 0.00045725; f =       192990.0379856
lambda = 0.00015242; f =        21703.1683785
lambda = 5.0805e-05; f =         2675.3833717
lambda = 1.6935e-05; f =          562.3808510
lambda =  5.645e-06; f =          328.0009660
lambda = 1.8817e-06; f =          302.0914808
lambda = 6.2723e-07; f =          299.2568906
lambda = 2.0908e-07; f =          298.9566832
lambda = 6.9692e-08; f =          298.9282426
lambda = 2.3231e-08; f =          298.9509074
lambda = 7.7435e-09; f =          298.9292483
lambda = 2.5812e-09; f =          298.9269286

lambda =

  -6.2723e-07

lambda = -6.2723e-07; f =          299.2695633
lambda = -2.0908e-07; f =          298.9608568
lambda = -6.9692e-08; f =          298.9293212
lambda = -2.3231e-08; f =          298.9267389
lambda = -7.7435e-09; f =          298.9297121
lambda = -2.5812e-09; f =          298.9270776
Norm of dx 1.3722e+06
Correct for low angle: 0.00217012
Predicted improvement:        0.048097055
lambda =          1; f =          298.9314997
lambda =    0.33333; f =          299.2936538
lambda =    0.11111; f =          298.9605552
lambda =   0.037037; f =          298.9281074
lambda =   0.012346; f =          298.9260601
Norm of dx     4.6021
Predicted improvement:        0.000055099
lambda =          1; f =          298.9260050
Norm of dx 0.00012691
Done for param stderr obs_di =   0.0395; f = 298.9260
Predicted improvement:        0.000323243
lambda =          1; f =          298.9256809
Norm of dx    0.50606
Done for param phi = 144.4305; f = 298.9257
Predicted improvement:        0.000011404
lambda =          1; f =          298.9256695
Norm of dx 0.00081514
Done for param alpha_pi =   2.4454; f = 298.9257
Predicted improvement:        0.000071748
lambda =          1; f =          298.9255977
Norm of dx  0.0005902
Done for param alpha_y =   0.0879; f = 298.9256
Predicted improvement:        0.000019065
lambda =          1; f =          298.9255786
Norm of dx 0.00032247
Done for param gamma_m =   0.6400; f = 298.9256
Predicted improvement:        0.000157767
lambda =          1; f =          298.9254209
Norm of dx 0.00051719
Done for param rho_g =   0.0906; f = 298.9254
Predicted improvement:        0.000029615
lambda =          1; f =          298.9253913
Norm of dx  0.0017373
Done for param rho_zm =   0.2010; f = 298.9254
Predicted improvement:        0.000057929
lambda =          1; f =          298.9253333
Norm of dx 0.00045363
Done for param sigma_g =   0.8328; f = 298.9253
Predicted improvement:        0.000385733
lambda =          1; f =          298.9249440
Norm of dx 0.00067756
Done for param sigma_zm =   0.0470; f = 298.9249
Sequence of univariate steps!!
Actual dxnorm 0.44938
FVAL          298.9249
Improvement   0.0017496
Ftol          1e-05
Htol          1e-05
Elapsed time for iteration 0.77094 s.
 
Iteration 45
Correct for low angle: 7.95163e-06
Predicted improvement:    18479.317818758
lambda =          1; f = 2327921422564.8930664
lambda =    0.33333; f = 258657912974.0194397
lambda =    0.11111; f =  28739760667.2821274
lambda =   0.037037; f =   3193304440.0945969
lambda =   0.012346; f =    354811015.2801538
lambda =  0.0041152; f =     39423427.4392739
lambda =  0.0013717; f =      4380552.2808993
lambda = 0.00045725; f =       486962.8567283
lambda = 0.00015242; f =        54362.9200889
lambda = 5.0805e-05; f =         6303.1339945
lambda = 1.6935e-05; f =          965.1108077
lambda =  5.645e-06; f =          372.6298869
lambda = 1.8817e-06; f =          307.0095957
lambda = 6.2723e-07; f =          299.7887596
lambda = 2.0908e-07; f =          299.0098803
lambda = 6.9692e-08; f =          298.9311501
lambda = 2.3231e-08; f =          298.9250063
lambda = 7.7435e-09; f =          298.9316280
lambda = 2.5812e-09; f =          298.9256251

lambda =

  -6.2723e-07

lambda = -6.2723e-07; f =          299.8080271
lambda = -2.0908e-07; f =          299.0166870
lambda = -6.9692e-08; f =          298.9331547
lambda = -2.3231e-08; f =          298.9253381
lambda = -7.7435e-09; f =          298.9322752
lambda = -2.5812e-09; f =          298.9258190
Norm of dx 2.1805e+06
Predicted improvement:        0.003382008
lambda =          1; f =          298.9646191
lambda =    0.33333; f =          298.9274626
lambda =    0.11111; f =          298.9247145
Norm of dx    0.91349
Predicted improvement:        0.000023966
lambda =          1; f =          298.9246905
Norm of dx 7.3854e-05
Done for param stderr obs_r =   0.2145; f = 298.9247
Predicted improvement:        0.000053560
lambda =          1; f =          298.9246370
Norm of dx 0.00012515
Done for param stderr obs_di =   0.0395; f = 298.9246
Predicted improvement:        0.000017432
lambda =          1; f =          298.9246195
Norm of dx  0.0010098
Done for param alpha_pi =   2.4456; f = 298.9246
Predicted improvement:        0.000013758
lambda =          1; f =          298.9246058
Norm of dx 0.00025777
Done for param alpha_y =   0.0883; f = 298.9246
Predicted improvement:        0.000010720
lambda =          1; f =          298.9245951
Norm of dx 0.00024109
Done for param gamma_m =   0.6408; f = 298.9246
Predicted improvement:        0.000084267
lambda =          1; f =          298.9245108
Norm of dx 0.00054132
Done for param gamma_I =   0.0899; f = 298.9245
Predicted improvement:        0.000075803
lambda =          1; f =          298.9244349
Norm of dx  0.0002564
Done for param delta =   0.1932; f = 298.9244
Predicted improvement:        0.000012424
lambda =          1; f =          298.9244225
Norm of dx 2.8155e-05
Done for param rho_xi =   0.9096; f = 298.9244
Predicted improvement:        0.000185594
lambda =          1; f =          298.9242369
Norm of dx 0.00056031
Done for param rho_g =   0.0898; f = 298.9242
Predicted improvement:        0.000222341
lambda =          1; f =          298.9240129
Norm of dx  0.0047212
Done for param rho_zm =   0.1972; f = 298.9240
Predicted improvement:        0.000010694
lambda =          1; f =          298.9240022
Norm of dx 0.00058017
Done for param sigma_xi =   2.6156; f = 298.9240
Predicted improvement:        0.000033371
lambda =          1; f =          298.9239689
Norm of dx 0.00034432
Done for param sigma_g =   0.8334; f = 298.9240
Predicted improvement:        0.000282234
lambda =          1; f =          298.9236842
Norm of dx 0.00059115
Done for param sigma_zm =   0.0458; f = 298.9237
Sequence of univariate steps!!
Actual dxnorm 0.10122
FVAL          298.9237
Improvement   0.0012598
Ftol          1e-05
Htol          1e-05
Elapsed time for iteration 0.79811 s.
 
Iteration 46
Correct for low angle: 1.18039e-05
Predicted improvement:    12546.511637865
lambda =          1; f = 2366106671747.4672852
lambda =    0.33333; f = 262900718253.6730042
lambda =    0.11111; f =  29211183410.8944588
lambda =   0.037037; f =   3245684721.2815189
lambda =   0.012346; f =    360631038.5934933
lambda =  0.0041152; f =     40070094.0511464
lambda =  0.0013717; f =      4452403.2429932
lambda = 0.00045725; f =       494946.0048661
lambda = 0.00015242; f =        55249.8409786
lambda = 5.0805e-05; f =         6401.6490432
lambda = 1.6935e-05; f =          976.0479468
lambda =  5.645e-06; f =          373.8414207
lambda = 1.8817e-06; f =          307.1422294
lambda = 6.2723e-07; f =          299.8020898
lambda = 2.0908e-07; f =          299.0101459
lambda = 6.9692e-08; f =          298.9300279
lambda = 2.3231e-08; f =          298.9237511
lambda = 7.7435e-09; f =          298.9305757
lambda = 2.5812e-09; f =          298.9244089

lambda =

  -6.2723e-07

lambda = -6.2723e-07; f =          299.8215505
lambda = -2.0908e-07; f =          299.0170157
lambda = -6.9692e-08; f =          298.9320534
lambda = -2.3231e-08; f =          298.9240900
lambda = -7.7435e-09; f =          298.9310418
lambda = -2.5812e-09; f =          298.9245417
Norm of dx 2.1983e+06
Predicted improvement:        0.016449425
lambda =          1; f =          299.1074291
lambda =    0.33333; f =          298.9245375
lambda =    0.11111; f =          298.9211998
Norm of dx    0.10838
Predicted improvement:        0.000032685
lambda =          1; f =          298.9211672
Norm of dx 8.6216e-05
Done for param stderr obs_r =   0.2145; f = 298.9212
Predicted improvement:        0.000191175
lambda =          1; f =          298.9209759
Norm of dx 0.00023623
Done for param stderr obs_di =   0.0395; f = 298.9210
Predicted improvement:        0.000016244
lambda =          1; f =          298.9209596
Norm of dx 0.00097159
Done for param alpha_pi =   2.4471; f = 298.9210
Predicted improvement:        0.000082693
lambda =          1; f =          298.9208768
Norm of dx 0.00062267
Done for param alpha_y =   0.0880; f = 298.9209
Predicted improvement:        0.000123515
lambda =          1; f =          298.9207535
Norm of dx 0.00081808
Done for param gamma_m =   0.6399; f = 298.9208
Predicted improvement:        0.000024018
lambda =          1; f =          298.9207295
Norm of dx 0.00028476
Done for param gamma_I =   0.0840; f = 298.9207
Predicted improvement:        0.000011563
lambda =          1; f =          298.9207179
Norm of dx 2.6955e-05
Done for param rho_xi =   0.9094; f = 298.9207
Predicted improvement:        0.000125952
lambda =          1; f =          298.9205920
Norm of dx 0.00045913
Done for param rho_g =   0.0887; f = 298.9206
Predicted improvement:        0.000020456
lambda =          1; f =          298.9205715
Norm of dx  0.0014884
Done for param rho_zm =   0.1872; f = 298.9206
Predicted improvement:        0.000052920
lambda =          1; f =          298.9205186
Norm of dx 0.00043321
Done for param sigma_g =   0.8346; f = 298.9205
Predicted improvement:        0.000302665
lambda =          1; f =          298.9202126
Norm of dx 0.00065615
Done for param sigma_zm =   0.0415; f = 298.9202
Predicted improvement:        0.000030970
lambda =          1; f =          298.9201817
Norm of dx 0.00013983
Done for param sigma_zm2 =   0.1489; f = 298.9202
Sequence of univariate steps!!
Actual dxnorm 0.013004
FVAL          298.9202
Improvement   0.0035025
Ftol          1e-05
Htol          1e-05
Elapsed time for iteration 0.77079 s.
 
Iteration 47
Correct for low angle: 1.08296e-05
Predicted improvement:    13891.203398727
lambda =          1; f = 2443582735324.3701172
lambda =    0.33333; f = 271509169430.1189270
lambda =    0.11111; f =  30167677875.3557968
lambda =   0.037037; f =   3351961847.0950546
lambda =   0.012346; f =    372439595.8222508
lambda =  0.0041152; f =     41382151.8588094
lambda =  0.0013717; f =      4598186.0703468
lambda = 0.00045725; f =       511143.6359810
lambda = 0.00015242; f =        57049.4188490
lambda = 5.0805e-05; f =         6601.5521221
lambda = 1.6935e-05; f =          998.2408271
lambda =  5.645e-06; f =          376.2990026
lambda = 1.8817e-06; f =          307.4104539
lambda = 6.2723e-07; f =          299.8282036
lambda = 2.0908e-07; f =          299.0097422
lambda = 6.9692e-08; f =          298.9268057
lambda = 2.3231e-08; f =          298.9202584
lambda = 7.7435e-09; f =          298.9272910
lambda = 2.5812e-09; f =          298.9209260

lambda =

  -6.2723e-07

lambda = -6.2723e-07; f =          299.8479127
lambda = -2.0908e-07; f =          299.0167236
lambda = -6.9692e-08; f =          298.9288716
lambda = -2.3231e-08; f =          298.9206111
lambda = -7.7435e-09; f =          298.9278013
lambda = -2.5812e-09; f =          298.9210727
Norm of dx  2.234e+06
Predicted improvement:        0.010999836
lambda =          1; f =          298.9215686
lambda =    0.33333; f =          298.9506564
lambda =    0.11111; f =          298.9215039
lambda =   0.037037; f =          298.9197773
Norm of dx    0.22677
Predicted improvement:        0.000016725
lambda =          1; f =          298.9197606
Norm of dx 6.1681e-05
Done for param stderr obs_r =   0.2146; f = 298.9198
Predicted improvement:        0.000038843
lambda =          1; f =          298.9197217
Norm of dx 0.00010657
Done for param stderr obs_di =   0.0395; f = 298.9197
Predicted improvement:        0.000014043
lambda =          1; f =          298.9197077
Norm of dx    0.10438
Done for param phi = 144.4338; f = 298.9197
Predicted improvement:        0.000078263
lambda =          1; f =          298.9196293
Norm of dx 0.00060346
Done for param alpha_y =   0.0887; f = 298.9196
Predicted improvement:        0.000072266
lambda =          1; f =          298.9195571
Norm of dx 0.00062393
Done for param gamma_m =   0.6404; f = 298.9196
Predicted improvement:        0.000025762
lambda =          1; f =          298.9195313
Norm of dx 0.00014892
Done for param delta =   0.1928; f = 298.9195
Predicted improvement:        0.000014387
lambda =          1; f =          298.9195169
Norm of dx 3.0011e-05
Done for param rho_xi =   0.9094; f = 298.9195
Predicted improvement:        0.000146951
lambda =          1; f =          298.9193700
Norm of dx 0.00049523
Done for param rho_g =   0.0881; f = 298.9194
Predicted improvement:        0.000145108
lambda =          1; f =          298.9192238
Norm of dx  0.0039223
Done for param rho_zm =   0.1828; f = 298.9192
Predicted improvement:        0.000034805
lambda =          1; f =          298.9191890
Norm of dx 0.00035133
Done for param sigma_g =   0.8352; f = 298.9192
Predicted improvement:        0.000158996
lambda =          1; f =          298.9190286
Norm of dx  0.0004884
Done for param sigma_zm =   0.0402; f = 298.9190
Sequence of univariate steps!!
Actual dxnorm 0.10449
FVAL          298.919
Improvement   0.001153
Ftol          1e-05
Htol          1e-05
Elapsed time for iteration 0.72606 s.
 
Iteration 48
Correct for low angle: 1.19039e-05
Predicted improvement:    12725.598129555
lambda =          1; f = 2488654287741.9663086
lambda =    0.33333; f = 276517119407.9063721
lambda =    0.11111; f =  30724116666.4980621
lambda =   0.037037; f =   3413788347.7170568
lambda =   0.012346; f =    379309196.4370537
lambda =  0.0041152; f =     42145437.3044970
lambda =  0.0013717; f =      4682994.4025639
lambda = 0.00045725; f =       520566.3906332
lambda = 0.00015242; f =        58096.2616309
lambda = 5.0805e-05; f =         6717.8342974
lambda = 1.6935e-05; f =         1011.1511148
lambda =  5.645e-06; f =          377.7294786
lambda = 1.8817e-06; f =          307.5673789
lambda = 6.2723e-07; f =          299.8442841
lambda = 2.0908e-07; f =          299.0103938
lambda = 6.9692e-08; f =          298.9258165
lambda = 2.3231e-08; f =          298.9191114
lambda = 7.7435e-09; f =          298.9262889
lambda = 2.5812e-09; f =          298.9197938

lambda =

  -6.2723e-07

lambda = -6.2723e-07; f =          299.8641746
lambda = -2.0908e-07; f =          299.0174435
lambda = -6.9692e-08; f =          298.9279060
lambda = -2.3231e-08; f =          298.9194720
lambda = -7.7435e-09; f =          298.9267642
lambda = -2.5812e-09; f =          298.9199285
Norm of dx 2.2545e+06
Correct for low angle: 0.00261725
Predicted improvement:        0.007598135
lambda =          1; f =          299.2273853
lambda =    0.33333; f =          298.9448351
lambda =    0.11111; f =          298.9207242
lambda =   0.037037; f =          298.9188409
Norm of dx     1.3676
Predicted improvement:        0.000120545
lambda =          1; f =          298.9187202
Norm of dx     0.3054
Done for param phi = 144.7896; f = 298.9187
Predicted improvement:        0.000030228
lambda =          1; f =          298.9186899
Norm of dx  0.0003739
Done for param alpha_y =   0.0890; f = 298.9187
Predicted improvement:        0.000032646
lambda =          1; f =          298.9186573
Norm of dx 0.00032998
Done for param gamma_I =   0.0829; f = 298.9187
Predicted improvement:        0.000020053
lambda =          1; f =          298.9186372
Norm of dx 3.5493e-05
Done for param rho_xi =   0.9093; f = 298.9186
Predicted improvement:        0.000070938
lambda =          1; f =          298.9185663
Norm of dx 0.00034393
Done for param rho_g =   0.0876; f = 298.9186
Predicted improvement:        0.000069653
lambda =          1; f =          298.9184963
Norm of dx  0.0027317
Done for param rho_zm =   0.1808; f = 298.9185
Predicted improvement:        0.000019655
lambda =          1; f =          298.9184766
Norm of dx 0.00026413
Done for param sigma_g =   0.8356; f = 298.9185
Predicted improvement:        0.000111705
lambda =          1; f =          298.9183642
Norm of dx 0.00041469
Done for param sigma_zm =   0.0395; f = 298.9184
Sequence of univariate steps!!
Actual dxnorm 0.35583
FVAL          298.9184
Improvement   0.00066443
Ftol          1e-05
Htol          1e-05
Elapsed time for iteration 0.70106 s.
 
Iteration 49
Correct for low angle: 1.43856e-05
Predicted improvement:    10547.460296144
lambda =          1; f = 2500438562592.1943359
lambda =    0.33333; f = 277826483237.1432495
lambda =    0.11111; f =  30869601523.9508743
lambda =   0.037037; f =   3429953330.8154769
lambda =   0.012346; f =    381105305.6238067
lambda =  0.0041152; f =     42345004.9631375
lambda =  0.0013717; f =      4705168.5654945
lambda = 0.00045725; f =       523030.1787297
lambda = 0.00015242; f =        58370.0134975
lambda = 5.0805e-05; f =         6748.2466379
lambda = 1.6935e-05; f =         1014.5271814
lambda =  5.645e-06; f =          378.1032327
lambda = 1.8817e-06; f =          307.6080586
lambda = 6.2723e-07; f =          299.8481275
lambda = 2.0908e-07; f =          299.0102016
lambda = 6.9692e-08; f =          298.9251950
lambda = 2.3231e-08; f =          298.9184485
lambda = 7.7435e-09; f =          298.9256721
lambda = 2.5812e-09; f =          298.9191422

lambda =

  -6.2723e-07

lambda = -6.2723e-07; f =          299.8681350
lambda = -2.0908e-07; f =          299.0172766
lambda = -6.9692e-08; f =          298.9272914
lambda = -2.3231e-08; f =          298.9188113
lambda = -7.7435e-09; f =          298.9260822
lambda = -2.5812e-09; f =          298.9192545
Norm of dx 2.2599e+06
Predicted improvement:        0.005335991
lambda =          1; f =          298.9199361
lambda =    0.33333; f =          298.9156770
lambda =    0.64439; f =          298.9153800
Norm of dx    0.16497
Predicted improvement:        0.000063250
lambda =          1; f =          298.9153167
Norm of dx 0.00011983
Done for param stderr obs_r =   0.2147; f = 298.9153
Predicted improvement:        0.000030757
lambda =          1; f =          298.9152860
Norm of dx 9.4752e-05
Done for param stderr obs_di =   0.0394; f = 298.9153
Predicted improvement:        0.000208884
lambda =          1; f =          298.9150767
Norm of dx    0.39574
Done for param phi = 145.2872; f = 298.9151
Predicted improvement:        0.000023993
lambda =          1; f =          298.9150527
Norm of dx  0.0011682
Done for param alpha_pi =   2.4483; f = 298.9151
Predicted improvement:        0.000011721
lambda =          1; f =          298.9150410
Norm of dx 0.00022416
Done for param alpha_y =   0.0868; f = 298.9150
Predicted improvement:        0.000024151
lambda =          1; f =          298.9150169
Norm of dx 0.00035569
Done for param gamma_m =   0.6408; f = 298.9150
Predicted improvement:        0.000190629
lambda =          1; f =          298.9148263
Norm of dx 0.00077583
Done for param gamma_I =   0.0719; f = 298.9148
Predicted improvement:        0.000061247
lambda =          1; f =          298.9147650
Norm of dx 0.00022776
Done for param delta =   0.1925; f = 298.9148
Predicted improvement:        0.000083820
lambda =          1; f =          298.9146811
Norm of dx 7.1208e-05
Done for param rho_xi =   0.9091; f = 298.9147
Predicted improvement:        0.000108084
lambda =          1; f =          298.9145730
Norm of dx 0.00042128
Done for param rho_g =   0.0840; f = 298.9146
Predicted improvement:        0.000066560
lambda =          1; f =          298.9145060
Norm of dx  0.0026972
Done for param rho_zm =   0.1578; f = 298.9145
Predicted improvement:        0.000026359
lambda =          1; f =          298.9144796
Norm of dx 0.00030661
Done for param sigma_g =   0.8395; f = 298.9145
Predicted improvement:        0.000036623
lambda =          1; f =          298.9144428
Norm of dx 0.00029036
Done for param sigma_zm =   0.0297; f = 298.9144
Predicted improvement:        0.000028760
lambda =          1; f =          298.9144141
Norm of dx 0.00013463
Done for param sigma_zm2 =   0.1492; f = 298.9144
Sequence of univariate steps!!
Actual dxnorm 0.49839
FVAL          298.9144
Improvement   0.0039501
Ftol          1e-05
Htol          1e-05
Elapsed time for iteration 0.82557 s.
 
Iteration 50
Correct for low angle: 2.07629e-05
Predicted improvement:     7502.348128564
lambda =          1; f = 2682899782035.1440430
lambda =    0.33333; f = 298099951681.9262085
lambda =    0.11111; f =  33122208997.9602394
lambda =   0.037037; f =   3680243003.3537760
lambda =   0.012346; f =    408915253.3052018
lambda =  0.0041152; f =     45434993.8245932
lambda =  0.0013717; f =      5048498.8720477
lambda = 0.00045725; f =       561177.3814503
lambda = 0.00015242; f =        62608.3774433
lambda = 5.0805e-05; f =         7219.0641661
lambda = 1.6935e-05; f =         1066.8010905
lambda =  5.645e-06; f =          383.8961798
lambda = 1.8817e-06; f =          308.2442902
lambda = 6.2723e-07; f =          299.9140027
lambda = 2.0908e-07; f =          299.0135745
lambda = 6.9692e-08; f =          298.9219134
lambda = 2.3231e-08; f =          298.9145243
lambda = 7.7435e-09; f =          298.9222954
lambda = 2.5812e-09; f =          298.9152667

lambda =

  -6.2723e-07

lambda = -6.2723e-07; f =          299.9347503
lambda = -2.0908e-07; f =          299.0209217
lambda = -6.9692e-08; f =          298.9241034
lambda = -2.3231e-08; f =          298.9149186
lambda = -7.7435e-09; f =          298.9226266
lambda = -2.5812e-09; f =          298.9153482
Norm of dx  2.341e+06
Correct for low angle: 0.00263328
Predicted improvement:        0.006704416
lambda =          1; f =          298.9210687
lambda =    0.33333; f =          299.0233712
lambda =    0.11111; f =          298.9239438
lambda =   0.037037; f =          298.9151062
lambda =   0.012346; f =          298.9143795
lambda =  0.0041152; f =          298.9143734
lambda =  0.0079555; f =          298.9143617
Norm of dx     2.0967
Predicted improvement:        0.000014113
lambda =          1; f =          298.9143476
Norm of dx 0.00089717
Done for param alpha_pi =   2.4492; f = 298.9143
Predicted improvement:        0.000073551
lambda =          1; f =          298.9142739
Norm of dx 0.00056073
Done for param alpha_y =   0.0874; f = 298.9143
Predicted improvement:        0.000052832
lambda =          1; f =          298.9142211
Norm of dx 0.00040816
Done for param gamma_I =   0.0723; f = 298.9142
Predicted improvement:        0.000105629
lambda =          1; f =          298.9141153
Norm of dx 0.00029916
Done for param delta =   0.1922; f = 298.9141
Predicted improvement:        0.000038040
lambda =          1; f =          298.9140773
Norm of dx 0.00024985
Done for param rho_g =   0.0838; f = 298.9141
Predicted improvement:        0.000010895
lambda =          1; f =          298.9140664
Norm of dx 0.00056913
Done for param sigma_xi =   2.6129; f = 298.9141
Predicted improvement:        0.000018300
lambda =          1; f =          298.9140481
Norm of dx 0.00020664
Done for param sigma_zm =   0.0295; f = 298.9140
Sequence of univariate steps!!
Actual dxnorm 0.016741
FVAL          298.914
Improvement   0.000366
Ftol          1e-05
Htol          1e-05
Elapsed time for iteration 0.79496 s.
 
Iteration 51
Correct for low angle: 4.31897e-05
Predicted improvement:     3612.335684778
lambda =          1; f = 2673051503961.0659180
lambda =    0.33333; f = 297005698681.9151001
lambda =    0.11111; f =  33000625374.9195824
lambda =   0.037037; f =   3666733727.4109263
lambda =   0.012346; f =    407414228.2476556
lambda =  0.0041152; f =     45268215.5643005
lambda =  0.0013717; f =      5029969.1555231
lambda = 0.00045725; f =       559119.0594640
lambda = 0.00015242; f =        62379.8617140
lambda = 5.0805e-05; f =         7193.6894219
lambda = 1.6935e-05; f =         1063.9830013
lambda =  5.645e-06; f =          383.5833565
lambda = 1.8817e-06; f =          308.2094145
lambda = 6.2723e-07; f =          299.9098715
lambda = 2.0908e-07; f =          299.0128132
lambda = 6.9692e-08; f =          298.9215112
lambda = 2.3231e-08; f =          298.9141568
lambda = 7.7435e-09; f =          298.9219362
lambda = 2.5812e-09; f =          298.9149149

lambda =

  -6.2723e-07

lambda = -6.2723e-07; f =          299.9310983
lambda = -2.0908e-07; f =          299.0202018
lambda = -6.9692e-08; f =          298.9237018
lambda = -2.3231e-08; f =          298.9145499
lambda = -7.7435e-09; f =          298.9221484
lambda = -2.5812e-09; f =          298.9149563
Norm of dx  2.337e+06
Predicted improvement:        0.000435180
lambda =          1; f =          298.9146422
lambda =    0.33333; f =          298.9139162
Norm of dx  0.0065137
Predicted improvement:        0.000024709
lambda =          1; f =          298.9138915
Norm of dx 0.00032517
Done for param alpha_y =   0.0882; f = 298.9139
Predicted improvement:        0.000011163
lambda =          1; f =          298.9138803
Norm of dx  0.0001871
Done for param gamma_I =   0.0712; f = 298.9139
Predicted improvement:        0.000016045
lambda =          1; f =          298.9138643
Norm of dx 0.00011662
Done for param delta =   0.1918; f = 298.9139
Predicted improvement:        0.000014117
lambda =          1; f =          298.9138502
Norm of dx 0.00015193
Done for param rho_g =   0.0834; f = 298.9139
Predicted improvement:        0.000040586
lambda =          1; f =          298.9138097
Norm of dx  0.0021418
Done for param rho_zm =   0.1537; f = 298.9138
Predicted improvement:        0.000020786
lambda =          1; f =          298.9137889
Norm of dx 0.00011455
Done for param sigma_zm2 =   0.1493; f = 298.9138
Sequence of univariate steps!!
Actual dxnorm 0.0030658
FVAL          298.9138
Improvement   0.00025915
Ftol          1e-05
Htol          1e-05
Elapsed time for iteration 0.68923 s.
 
Iteration 52
Correct for low angle: 4.27829e-05
Predicted improvement:     3655.241477950
lambda =          1; f = 2691815260305.4643555
lambda =    0.33333; f = 299090559166.0087891
lambda =    0.11111; f =  33232276095.9917908
lambda =   0.037037; f =   3692472551.5195718
lambda =   0.012346; f =    410274052.8658885
lambda =  0.0041152; f =     45585961.0610722
lambda =  0.0013717; f =      5065270.0192801
lambda = 0.00045725; f =       563040.2571383
lambda = 0.00015242; f =        62815.2292800
lambda = 5.0805e-05; f =         7242.0401073
lambda = 1.6935e-05; f =         1069.3522984
lambda =  5.645e-06; f =          384.1785283
lambda = 1.8817e-06; f =          308.2749188
lambda = 6.2723e-07; f =          299.9167876
lambda = 2.0908e-07; f =          299.0133074
lambda = 6.9692e-08; f =          298.9213211
lambda = 2.3231e-08; f =          298.9139005
lambda = 7.7435e-09; f =          298.9217829
lambda = 2.5812e-09; f =          298.9146673

lambda =

  -6.2723e-07

lambda = -6.2723e-07; f =          299.9379626
lambda = -2.0908e-07; f =          299.0207098
lambda = -6.9692e-08; f =          298.9235198
lambda = -2.3231e-08; f =          298.9142966
lambda = -7.7435e-09; f =          298.9219945
lambda = -2.5812e-09; f =          298.9147090
Norm of dx 2.3451e+06
Predicted improvement:        0.000063732
lambda =          1; f =          298.9140891
lambda =    0.33333; f =          298.9137934
lambda =    0.11111; f =          298.9137799
Norm of dx  0.0064682
Predicted improvement:        0.000012992
lambda =          1; f =          298.9137669
Norm of dx  0.0002607
Done for param gamma_m =   0.6410; f = 298.9138
Sequence of univariate steps!!
Actual dxnorm 0.00076451
FVAL          298.9138
Improvement   2.1977e-05
Ftol          1e-05
Htol          1e-05
Elapsed time for iteration 0.6929 s.
 
Iteration 53
Correct for low angle: 0.000107766
Predicted improvement:     1452.016651414
lambda =          1; f = 2683413983941.9301758
lambda =    0.33333; f = 298157085566.6172485
lambda =    0.11111; f =  33128557324.7574539
lambda =   0.037037; f =   3680948416.2072344
lambda =   0.012346; f =    408993650.8944127
lambda =  0.0041152; f =     45443714.5380972
lambda =  0.0013717; f =      5049471.9937213
lambda = 0.00045725; f =       561287.3264840
lambda = 0.00015242; f =        62621.3653203
lambda = 5.0805e-05; f =         7220.5010527
lambda = 1.6935e-05; f =         1066.9544911
lambda =  5.645e-06; f =          383.9123173
lambda = 1.8817e-06; f =          308.2454969
lambda = 6.2723e-07; f =          299.9135578
lambda = 2.0908e-07; f =          299.0129486
lambda = 6.9692e-08; f =          298.9212682
lambda = 2.3231e-08; f =          298.9138773
lambda = 7.7435e-09; f =          298.9216518
lambda = 2.5812e-09; f =          298.9146426

lambda =

  -6.2723e-07

lambda = -6.2723e-07; f =          299.9358911
lambda = -2.0908e-07; f =          299.0204671
lambda = -6.9692e-08; f =          298.9234756
lambda = -2.3231e-08; f =          298.9142729
lambda = -7.7435e-09; f =          298.9218456
lambda = -2.5812e-09; f =          298.9146634
Norm of dx 2.3422e+06
Predicted improvement:        0.000000000
lambda =          1; f =          298.9137669
lambda =     1.9332; f =          298.9137669
Norm of dx 6.6277e-08
Sequence of univariate steps!!
Try diagonal Hessian
Predicted improvement:        0.024137153
lambda =          1; f =          303.8444279
lambda =    0.33333; f =          299.3483007
lambda =    0.11111; f =          298.9330192
lambda =   0.037037; f =          299.0692988
lambda =   0.012346; f =          298.9235791
lambda =  0.0041152; f =          298.9146074
lambda =  0.0013717; f =          298.9138121
lambda = 0.00045725; f =          298.9137570
Norm of dx      2.382
Try gradient direction
Predicted improvement:        0.000003075
lambda =          1; f =          298.9137517
lambda =     1.9332; f =          298.9137484
lambda =     3.7372; f =          298.9137465
Norm of dx 2.4798e-05
Gradient direction successful
Actual dxnorm 0.0011006
FVAL          298.9137
Improvement   2.0485e-05
Ftol          1e-05
Htol          1e-05
Elapsed time for iteration 0.75553 s.
 
Iteration 54
Correct for low angle: 0.0022768
Predicted improvement:       62.271575896
lambda =          1; f =    633469860.0346432
lambda =    0.33333; f =     70385237.5166381
lambda =    0.11111; f =      7820659.4392006
lambda =   0.037037; f =       869166.0063629
lambda =   0.012346; f =        96819.5648267
lambda =  0.0041152; f =        11017.1819404
lambda =  0.0013717; f =         1488.2093628
lambda = 0.00045725; f =          430.6356057
lambda = 0.00015242; f =          313.4092628
lambda = 5.0805e-05; f =          300.4780609
lambda = 1.6935e-05; f =          299.0725765
lambda =  5.645e-06; f =          298.9268501
lambda = 1.8817e-06; f =          298.9141378
lambda = 6.2723e-07; f =          298.9261716
lambda = 2.0908e-07; f =          298.9151118
lambda = 6.9692e-08; f =          298.9138925
lambda = 2.3231e-08; f =          298.9137608
lambda = 7.7435e-09; f =          298.9137474
lambda = 2.5812e-09; f =          298.9137464
Norm of dx      35701
Norm of dx          0
Sequence of univariate steps!!
Try diagonal Hessian
Predicted improvement:        0.002297218
lambda =          1; f =          300.3619751
lambda =    0.33333; f =          299.1333270
lambda =    0.11111; f =          298.9447469
lambda =   0.037037; f =          298.9175178
lambda =   0.012346; f =          298.9141486
lambda =  0.0041152; f =          298.9137795
lambda =  0.0013717; f =          298.9137459
lambda = 0.00045725; f =          298.9137449
Norm of dx    0.53889
Try gradient direction
Predicted improvement:        0.000024340
lambda =          1; f =          298.9137731
lambda =    0.33333; f =          298.9137373
Norm of dx 6.9772e-05
No further improvement is possible!
Actual dxnorm 0.00026155
FVAL          298.9137
Improvement   9.1282e-06
Ftol          1e-05
Htol          1e-05
Gradient norm  0.69772
Minimum Hessian eigenvalue 3.3007e-09
Maximum Hessian eigenvalue 315732.6384
No further improvement is possible! Estimation successful.

Final value of minus the log posterior (or likelihood):298.913737 

MODE CHECK

Fval obtained by the optimization routine: 298.913737

RESULTS FROM POSTERIOR ESTIMATION
parameters
              prior mean     mode    s.d.  prior pstdev

phi              50.0000 145.3038 31.5672   gamm 20.0000 
alpha_pi          1.5000   2.4488  0.2191   gamm 0.2500 
alpha_y           0.1250   0.0883  0.0874   gamm 0.1000 
gamma_m           0.5000   0.6410  0.0667   unif 0.2887 
gamma_I           0.5000   0.0712  0.1148   unif 0.2887 
delta             0.5000   0.1917  0.0435   unif 0.2887 
rho_xi            0.7000   0.9091  0.0186   beta 0.2000 
rho_theta         0.7000   0.8810  0.2210   beta 0.2000 
rho_z             0.7000   0.8794  0.2201   beta 0.2000 
rho_g             0.3000   0.0834  0.0738   beta 0.2000 
rho_zm            0.3000   0.1530  0.3405   beta 0.2000 
sigma_xi          1.0000   2.6119  0.3814   norm 1.0000 
sigma_theta       1.0000   0.0275  0.1699   norm 1.0000 
sigma_z           1.0000   0.0156  0.1269   norm 1.0000 
sigma_g           1.0000   0.8395  0.0729   norm 1.0000 
sigma_zm          0.2500   0.0283  0.1146   norm 0.2500 
sigma_zm2         0.2500   0.1493  0.0221   norm 0.2500 

standard deviation of measurement errors
              prior mean     mode    s.d.  prior pstdev

obs_dy            0.1943   0.1945  0.0559   norm 0.0561 
obs_r             0.1442   0.2147  0.0112   norm 0.0416 
obs_di            0.0485   0.0395  0.0124   norm 0.0140 


Log data density [Laplace approximation] is -328.896777.

Total computing time : 0h00m52s
Note: 1 warning(s) encountered in the preprocessor
Note: warning(s) encountered in MATLAB/Octave code
