Starting Dynare (version 7.0).
Calling Dynare with arguments: noclearall
Starting preprocessing of the model file ... 
WARNING: Parameter(s) meas_dy meas_r meas_di  not used in the model 
Found 28 equation(s). 
Evaluating expressions... 
Computing static model derivatives (order 1). 
Normalizing the static model... 
Finding the optimal block decomposition of the static model... 
9 block(s) found: 
  8 recursive block(s) and 1 simultaneous block(s). 
  the largest simultaneous block has 11 equation(s) 
                                 and 11 feedback variable(s). 
Computing dynamic model derivatives (order 2). 
Normalizing the dynamic model... 
Finding the optimal block decomposition of the dynamic model... 
3 block(s) found: 
  2 recursive block(s) and 1 simultaneous block(s). 
  the largest simultaneous block has 11 equation(s) 
                                 and 10 feedback variable(s). 
Preprocessing completed. 
Preprocessing time: 0h00m00s.

STEADY-STATE RESULTS:

gy             		 1.00414
irate_pai_diff 		 1.01011
girate         		 1
gpai           		 1
y              		 0.486335
h              		 0.382455
la             		 13.0469
w              		 0.794758
mu             		 1.2
paitilde       		 0
irate          		 0.0101144
pai            		 0
yback          		 0.486335
zm2back        		 0
paitildeback   		 0
paiback        		 0
irateback      		 0.0101144
xi             		 0
theta          		 0.4055
z              		 0
g              		 0.004131
zm             		 0
zm2            		 0
gm             		 0
obs_dy         		 0
obs_r          		 0
obs_di         		 0
obs_dpi        		 0


Residuals of the static equations:
Equation number  1: la             :       0.000000
Equation number  2: w              :       0.000000
Equation number  3: 3              :       0.000000
Equation number  4: y              :       0.000000
Equation number  5: 5              :       0.000000
Equation number  6: 6              :       0.000000
Equation number  7: 7              :       0.000000
Equation number  8: gpai           :       0.000000
Equation number  9: girate         :       0.000000
Equation number 10: gy             :       0.000000
Equation number 11: xi             :       0.000000
Equation number 12: theta          :       0.000000
Equation number 13: g              :       0.000000
Equation number 14: z              :       0.000000
Equation number 15: gm             :       0.000000
Equation number 16: zm             :       0.000000
Equation number 17: paiback        :       0.000000
Equation number 18: irateback      :       0.000000
Equation number 19: yback          :       0.000000
Equation number 20: 20             :       0.000000
Equation number 21: paitildeback   :       0.000000
Equation number 22: irate_pai_diff :       0.000000
Equation number 23: zm2            :       0.000000
Equation number 24: zm2back        :       0.000000
Equation number 25: obs_dy         :       0.000000
Equation number 26: obs_r          :       0.000000
Equation number 27: obs_di         :       0.000000
Equation number 28: obs_dpi        :       0.000000



EIGENVALUES:
         Modulus             Real        Imaginary
       5.218e-16        5.218e-16                0
           0.221            0.221                0
           0.248            0.248                0
          0.2893           0.2783          0.07892
          0.2893           0.2783         -0.07892
           0.306            0.306                0
             0.7              0.7                0
           0.708            0.708                0
          0.7549           0.7549                0
           0.915            0.915                0
           1.303            1.264           0.3134
           1.303            1.264          -0.3134
       1.698e+17        1.698e+17                0
       2.248e+17        2.248e+17                0
         4.1e+17          4.1e+17                0

There are 5 eigenvalue(s) larger than 1 in modulus for 5 forward-looking variable(s).
The order and rank conditions are verified.



You did not declare endogenous variables after the estimation/calib_smoother command.
[Warning: Your prior allows for negative standard deviations for measurement error. Due to working with variances, Dynare
will be able to continue, but it is recommended to change your prior!] 
[> In <a href="matlab:matlab.internal.language.introspective.errorDocCallback('check_prior_stderr_corr_skew', 'C:\dynare\7.0\matlab\utilities\estimation\check_prior_stderr_corr_skew.m', 45)" style="font-weight:bold">check_prior_stderr_corr_skew</a> (<a href="matlab: opentoline('C:\dynare\7.0\matlab\utilities\estimation\check_prior_stderr_corr_skew.m',45,0)">line 45</a>)
In <a href="matlab:matlab.internal.language.introspective.errorDocCallback('initial_estimation_checks', 'C:\dynare\7.0\matlab\estimation\initial_estimation_checks.m', 190)" style="font-weight:bold">initial_estimation_checks</a> (<a href="matlab: opentoline('C:\dynare\7.0\matlab\estimation\initial_estimation_checks.m',190,0)">line 190</a>)
In <a href="matlab:matlab.internal.language.introspective.errorDocCallback('dynare_estimation_1', 'C:\dynare\7.0\matlab\estimation\dynare_estimation_1.m', 164)" style="font-weight:bold">dynare_estimation_1</a> (<a href="matlab: opentoline('C:\dynare\7.0\matlab\estimation\dynare_estimation_1.m',164,0)">line 164</a>)
In <a href="matlab:matlab.internal.language.introspective.errorDocCallback('dynare_estimation', 'C:\dynare\7.0\matlab\estimation\dynare_estimation.m', 105)" style="font-weight:bold">dynare_estimation</a> (<a href="matlab: opentoline('C:\dynare\7.0\matlab\estimation\dynare_estimation.m',105,0)">line 105</a>)
In <a href="matlab:matlab.internal.language.introspective.errorDocCallback('uribe_A_24_mode5.driver', 'C:\Users\Pc\Desktop\uribe_tp3_point1_reproducible_v3\uribe_tp3_point1_reproducible\code\dynare\+uribe_A_24_mode5\driver.m', 1128)" style="font-weight:bold">uribe_A_24_mode5.driver</a> (<a href="matlab: opentoline('C:\Users\Pc\Desktop\uribe_tp3_point1_reproducible_v3\uribe_tp3_point1_reproducible\code\dynare\+uribe_A_24_mode5\driver.m',1128,0)">line 1128</a>)
In <a href="matlab:matlab.internal.language.introspective.errorDocCallback('dynare', 'C:\dynare\7.0\matlab\dynare.m', 300)" style="font-weight:bold">dynare</a> (<a href="matlab: opentoline('C:\dynare\7.0\matlab\dynare.m',300,0)">line 300</a>)
In <a href="matlab:matlab.internal.language.introspective.errorDocCallback('run_uribe_A_estimation_24', 'C:\Users\Pc\Desktop\uribe_tp3_point1_reproducible_v3\uribe_tp3_point1_reproducible\code\matlab\run_uribe_A_estimation_24.m', 17)" style="font-weight:bold">run_uribe_A_estimation_24</a> (<a href="matlab: opentoline('C:\Users\Pc\Desktop\uribe_tp3_point1_reproducible_v3\uribe_tp3_point1_reproducible\code\matlab\run_uribe_A_estimation_24.m',17,0)">line 17</a>)] 
Initial value of the log posterior (or likelihood): -305.7971
Gradient norm  262.8339
Minimum Hessian eigenvalue 7.7853e-09
Maximum Hessian eigenvalue 222736.5496
 
Iteration 1
Correct for low angle: 4.61692e-06
Predicted improvement:    30413.850183810
lambda =          1; f =    767414626.8310817
lambda =    0.33333; f =     85265921.7830712
lambda =    0.11111; f =      9473383.1864995
lambda =   0.037037; f =      1052577.2953227
lambda =   0.012346; f =       117127.9560356
lambda =  0.0041152; f =        13254.3503296
lambda =  0.0013717; f =         1734.5595812
lambda = 0.00045725; f =          461.8231351
lambda = 0.00015242; f =          322.4466394
lambda = 5.0805e-05; f =          307.4290171
lambda = 1.6935e-05; f =          305.9148646
lambda =  5.645e-06; f =          305.7981161
lambda = 1.8817e-06; f =          305.8906579
lambda = 6.2723e-07; f =          305.7814808
Norm of dx      46287
Predicted improvement:    34540.821602572
lambda =          1; f =         1271.9528512
lambda =    0.33333; f =          407.4662025
lambda =    0.11111; f =          315.4906612
lambda =   0.037037; f =          306.4520281
lambda =   0.012346; f =          305.8025795
lambda =  0.0041152; f =          305.8697888
lambda =  0.0013717; f =          305.7982142
lambda = 0.00045725; f =          326.2832351
lambda = 0.00015242; f =          302.7064491
lambda = 5.0805e-05; f =          303.2333925
lambda = 9.8216e-05; f =          302.3231022
Norm of dx     262.83
Gradient step!!
Predicted improvement:        0.066370471
lambda =          1; f =          302.2583869
Norm of dx  0.0040098
Done for param stderr obs_r =   0.2170; f = 302.2584
Predicted improvement:        0.059914480
lambda =          1; f =          302.1978275
Norm of dx  0.0041872
Done for param stderr obs_di =   0.0437; f = 302.1978
Predicted improvement:        0.021792589
lambda =          1; f =          302.1766328
Norm of dx     4.9716
Done for param phi = 141.0289; f = 302.1766
Predicted improvement:        0.121919990
lambda =          1; f =          302.0511713
Norm of dx   0.086448
Done for param alpha_pi =   2.4071; f = 302.0512
Predicted improvement:        0.459119546
lambda =          1; f =          301.7382335
Norm of dx    0.10796
Done for param alpha_y =   0.0788; f = 301.7382
Predicted improvement:        0.168694761
lambda =          1; f =          301.5858547
Norm of dx   0.037323
Done for param gamma_m =   0.6436; f = 301.5859
Predicted improvement:        0.080237040
lambda =          1; f =          301.5052251
Norm of dx   0.021898
Done for param gamma_I =   0.2199; f = 301.5052
Predicted improvement:        0.086027604
lambda =          1; f =          301.4170224
Norm of dx  0.0090705
Done for param delta =   0.2463; f = 301.4170
Predicted improvement:        0.004596018
lambda =          1; f =          301.4124591
Norm of dx 0.00060076
Done for param rho_xi =   0.9241; f = 301.4125
Predicted improvement:        0.312533580
lambda =          1; f =          305.8478632
lambda =    0.33333; f =          301.1682247
lambda =    0.64439; f =          305.7987945
lambda =     0.4339; f =          301.0605689
lambda =    0.55011; f =          301.2451776
Norm of dx    0.51811
Done for param rho_theta =   0.9320; f = 301.0606
Predicted improvement:        0.158788786
lambda =          1; f =          300.8388263
Norm of dx    0.23165
Done for param rho_z =   0.9305; f = 300.8388
Predicted improvement:        0.173773324
lambda =          1; f =          300.6644151
Norm of dx   0.017398
Done for param rho_g =   0.2037; f = 300.6644
Predicted improvement:        0.181151611
lambda =          1; f =          300.4895514
Norm of dx   0.089443
Done for param rho_zm =   0.2163; f = 300.4896
Predicted improvement:        0.002623621
lambda =          1; f =          300.4869034
Norm of dx  0.0064983
Done for param rho_gm =   0.2566; f = 300.4869
Predicted improvement:        0.011369029
lambda =          1; f =          300.4754359
Norm of dx   0.025653
Done for param sigma_xi =   2.8952; f = 300.4754
Predicted improvement:        0.169975692
lambda =          1; f =          300.2867165
Norm of dx    0.10937
Done for param sigma_theta =   0.0773; f = 300.2867
Predicted improvement:        0.082687386
lambda =          1; f =          300.1967166
Norm of dx   0.063216
Done for param sigma_z =   0.0427; f = 300.1967
Predicted improvement:        0.088419394
lambda =          1; f =          300.1059566
Norm of dx   0.016201
Done for param sigma_g =   0.7754; f = 300.1060
Predicted improvement:        0.202572971
lambda =          1; f =          299.9063651
Norm of dx   0.009021
Done for param sigma_zm =   0.0972; f = 299.9064
Predicted improvement:        0.002940865
lambda =          1; f =          299.9033701
Norm of dx 0.00099957
Done for param sigma_gm =   0.1073; f = 299.9034
Sequence of univariate steps!!
Actual dxnorm 4.9861
FVAL          299.9034
Improvement   5.8937
Ftol          1e-05
Htol          1e-05
Elapsed time for iteration 0.75715 s.
 
Iteration 2
Correct for low angle: 5.28249e-05
Predicted improvement:     2634.499386497
lambda =          1; f =    340099634.4025480
lambda =    0.33333; f =     37788222.4442081
lambda =    0.11111; f =      4198661.6921793
lambda =   0.037037; f =       466686.7296911
lambda =   0.012346; f =        52088.8781176
lambda =  0.0041152; f =         6044.2322472
lambda =  0.0013717; f =          935.3353864
lambda = 0.00045725; f =          369.6426987
lambda = 0.00015242; f =          307.3679042
lambda = 5.0805e-05; f =          300.6415444
lambda = 1.6935e-05; f =          299.9585251
lambda =  5.645e-06; f =          299.9040853
lambda = 1.8817e-06; f =          299.9414569
lambda = 6.2723e-07; f =          299.9053837
lambda = 2.0908e-07; f =          299.9028594
Norm of dx      26352
Predicted improvement:      799.586106760
lambda =          1; f =         1711.9897608
lambda =    0.33333; f =          449.6712462
lambda =    0.11111; f =          314.5851403
lambda =   0.037037; f =          301.1792489
lambda =   0.012346; f =          299.9973949
lambda =  0.0041152; f =          299.9087104
lambda =  0.0013717; f =          310.6351509
lambda = 0.00045725; f =          300.5554688
lambda = 0.00015242; f =          299.8114769
Norm of dx      39.99
Correct for low angle: 4.65218e-05
Predicted improvement:     2469.656413065
lambda =          1; f =    301777685.9669508
lambda =    0.33333; f =     33530326.6450669
lambda =    0.11111; f =      3725594.8639687
lambda =   0.037037; f =       414134.6063734
lambda =   0.012346; f =        46253.3397804
lambda =  0.0041152; f =         5397.0278216
lambda =  0.0013717; f =          863.7809509
lambda = 0.00045725; f =          361.7845411
lambda = 0.00015242; f =          306.5251820
lambda = 5.0805e-05; f =          300.5576861
lambda = 1.6935e-05; f =          299.9521086
lambda =  5.645e-06; f =          299.9039814
lambda = 1.8817e-06; f =          299.8624450
lambda = 6.2723e-07; f =          299.8196736
lambda = 2.0908e-07; f =          299.8132380
lambda = 6.9692e-08; f =          299.8119561
lambda = 2.3231e-08; f =          299.8116247
lambda = 7.7435e-09; f =          299.8115248
lambda = 2.5812e-09; f =          299.8114927

lambda =

  -6.2723e-07

lambda = -6.2723e-07; f =          299.8120203
lambda = -2.0908e-07; f =          299.8106864
Norm of dx      24815
Predicted improvement:        0.018493761
lambda =          1; f =          299.7920614
Norm of dx  0.0097457
Done for param stderr obs_dy =   0.2010; f = 299.7921
Predicted improvement:        0.003500540
lambda =          1; f =          299.7885421
Norm of dx  0.0008861
Done for param stderr obs_r =   0.2151; f = 299.7885
Predicted improvement:        0.001569718
lambda =          1; f =          299.7869742
Norm of dx 0.00068162
Done for param stderr obs_di =   0.0401; f = 299.7870
Predicted improvement:        0.004172662
lambda =          1; f =          299.7828443
Norm of dx     2.2378
Done for param phi = 138.7912; f = 299.7828
Predicted improvement:        0.017719393
lambda =          1; f =          299.7646424
Norm of dx   0.033494
Done for param alpha_pi =   2.4408; f = 299.7646
Predicted improvement:        0.000014428
lambda =          1; f =          299.7646280
Norm of dx 0.00038307
Done for param alpha_y =   0.0785; f = 299.7646
Predicted improvement:        0.069513054
lambda =          1; f =          299.6896337
Norm of dx   0.020276
Done for param gamma_m =   0.6218; f = 299.6896
Predicted improvement:        0.000314197
lambda =          1; f =          299.6893192
Norm of dx  0.0015335
Done for param gamma_I =   0.2225; f = 299.6893
Predicted improvement:        0.069546476
lambda =          1; f =          299.6185717
Norm of dx  0.0080721
Done for param delta =   0.2362; f = 299.6186
Predicted improvement:        0.056693101
lambda =          1; f =          299.5602051
Norm of dx  0.0019344
Done for param rho_xi =   0.9236; f = 299.5602
Predicted improvement:        0.011334149
lambda =          1; f =          299.5468219
Norm of dx   0.020497
Done for param rho_theta =   0.9113; f = 299.5468
Predicted improvement:        0.017500396
lambda =          1; f =          299.5258785
Norm of dx   0.025276
Done for param rho_z =   0.9051; f = 299.5259
Predicted improvement:        0.080545788
lambda =          1; f =          299.4453170
Norm of dx    0.01194
Done for param rho_g =   0.1911; f = 299.4453
Predicted improvement:        0.027979847
lambda =          1; f =          299.4169074
Norm of dx   0.030618
Done for param rho_zm =   0.2473; f = 299.4169
Predicted improvement:        0.000315308
lambda =          1; f =          299.4165900
Norm of dx  0.0022118
Done for param rho_gm =   0.2539; f = 299.4166
Predicted improvement:        0.002508931
lambda =          1; f =          299.4140920
Norm of dx   0.012261
Done for param sigma_xi =   2.8827; f = 299.4141
Predicted improvement:        0.023014380
lambda =          1; f =          299.3906491
Norm of dx   0.039616
Done for param sigma_theta =   0.0373; f = 299.3906
Predicted improvement:        0.013190330
lambda =          1; f =          299.3773117
Norm of dx   0.022509
Done for param sigma_z =   0.0203; f = 299.3773
Predicted improvement:        0.011575925
lambda =          1; f =          299.3656201
Norm of dx  0.0060381
Done for param sigma_g =   0.7813; f = 299.3656
Predicted improvement:        0.072068224
lambda =          1; f =          299.2937323
Norm of dx  0.0052559
Done for param sigma_zm =   0.1022; f = 299.2937
Predicted improvement:        0.006114717
lambda =          1; f =          299.2875625
Norm of dx  0.0014486
Done for param sigma_gm =   0.1088; f = 299.2876
Sequence of univariate steps!!
Actual dxnorm 2.2391
FVAL          299.2876
Improvement   0.61581
Ftol          1e-05
Htol          1e-05
Elapsed time for iteration 0.66111 s.
 
Iteration 3
Correct for low angle: 0.00151472
Predicted improvement:       84.627993825
lambda =          1; f =      2159192.7524573
lambda =    0.33333; f =       239616.3871514
lambda =    0.11111; f =        26704.0849658
lambda =   0.037037; f =         3171.6954421
lambda =   0.012346; f =          598.4483811
lambda =  0.0041152; f =          326.3486912
lambda =  0.0013717; f =          300.7209300
lambda = 0.00045725; f =          299.3307023
lambda = 0.00015242; f =          299.2895303
lambda = 5.0805e-05; f =          299.4882952
lambda = 1.6935e-05; f =          299.3062728
lambda =  5.645e-06; f =          299.2890096
lambda = 1.8817e-06; f =          299.2875118
lambda = 6.2723e-07; f =          299.2874862
lambda = 1.2125e-06; f =          299.2874686
Norm of dx     1956.8
Predicted improvement:        0.001565513
lambda =          1; f =          299.2858999
Norm of dx  0.0028638
Done for param stderr obs_dy =   0.1982; f = 299.2859
Predicted improvement:        0.005835300
lambda =          1; f =          299.2801066
Norm of dx  0.0011647
Done for param stderr obs_r =   0.2140; f = 299.2801
Predicted improvement:        0.001207339
lambda =          1; f =          299.2788979
Norm of dx 0.00059374
Done for param stderr obs_di =   0.0395; f = 299.2789
Predicted improvement:        0.000835248
lambda =          1; f =          299.2780581
Norm of dx    0.99112
Done for param phi = 139.7829; f = 299.2781
Predicted improvement:        0.000123015
lambda =          1; f =          299.2779348
Norm of dx  0.0029014
Done for param alpha_pi =   2.4437; f = 299.2779
Predicted improvement:        0.000223483
lambda =          1; f =          299.2777130
Norm of dx   0.001501
Done for param alpha_y =   0.0770; f = 299.2777
Predicted improvement:        0.021377951
lambda =          1; f =          299.2557541
Norm of dx   0.011989
Done for param gamma_m =   0.6098; f = 299.2558
Predicted improvement:        0.007506535
lambda =          1; f =          299.2482588
Norm of dx  0.0075735
Done for param gamma_I =   0.2301; f = 299.2483
Predicted improvement:        0.032854678
lambda =          1; f =          299.2146476
Norm of dx  0.0055794
Done for param delta =   0.2306; f = 299.2146
Predicted improvement:        0.008906776
lambda =          1; f =          299.2056321
Norm of dx 0.00080559
Done for param rho_xi =   0.9228; f = 299.2056
Predicted improvement:        0.009317324
lambda =          1; f =          299.1950108
Norm of dx   0.022535
Done for param rho_theta =   0.8901; f = 299.1950
Predicted improvement:        0.005418753
lambda =          1; f =          299.1890206
Norm of dx   0.018722
Done for param rho_z =   0.8847; f = 299.1890
Predicted improvement:        0.038519978
lambda =          1; f =          299.1504928
Norm of dx  0.0083811
Done for param rho_g =   0.1827; f = 299.1505
Predicted improvement:        0.005715922
lambda =          1; f =          299.1447462
Norm of dx   0.013492
Done for param rho_zm =   0.2608; f = 299.1447
Predicted improvement:        0.002009965
lambda =          1; f =          299.1427171
Norm of dx  0.0055964
Done for param rho_gm =   0.2483; f = 299.1427
Predicted improvement:        0.004490321
lambda =          1; f =          299.1382528
Norm of dx   0.016497
Done for param sigma_xi =   2.8662; f = 299.1383
Predicted improvement:        0.000827366
lambda =          1; f =          299.1374242
Norm of dx  0.0069722
Done for param sigma_theta =   0.0297; f = 299.1374
Predicted improvement:        0.000611075
lambda =          1; f =          299.1368125
Norm of dx  0.0044735
Done for param sigma_z =   0.0165; f = 299.1368
Predicted improvement:        0.000777941
lambda =          1; f =          299.1360325
Norm of dx  0.0015944
Done for param sigma_g =   0.7829; f = 299.1360
Predicted improvement:        0.031726885
lambda =          1; f =          299.1042831
Norm of dx  0.0034144
Done for param sigma_zm =   0.1056; f = 299.1043
Predicted improvement:        0.004774810
lambda =          1; f =          299.0994699
Norm of dx  0.0012982
Done for param sigma_gm =   0.1101; f = 299.0995
Sequence of univariate steps!!
Actual dxnorm 0.99261
FVAL          299.0995
Improvement   0.18809
Ftol          1e-05
Htol          1e-05
Elapsed time for iteration 0.57285 s.
 
Iteration 4
Correct for low angle: 0.000776238
Predicted improvement:      155.045436529
lambda =          1; f =     13713496.2991822
lambda =    0.33333; f =      1522651.4692594
lambda =    0.11111; f =       169005.0343168
lambda =   0.037037; f =        18896.8439103
lambda =   0.012346; f =         2316.8928424
lambda =  0.0041152; f =          507.5575449
lambda =  0.0013717; f =          317.4783646
lambda = 0.00045725; f =          300.0111473
lambda = 0.00015242; f =          299.1487759
lambda = 5.0805e-05; f =          299.1034426
lambda = 1.6935e-05; f =          299.0995704
lambda =  5.645e-06; f =          299.1053985
lambda = 1.8817e-06; f =          299.0997455
lambda = 6.2723e-07; f =          299.0993711
Norm of dx     4330.3
Predicted improvement:        0.000290322
lambda =          1; f =          299.0990806
Norm of dx   0.001237
Done for param stderr obs_dy =   0.1969; f = 299.0991
Predicted improvement:        0.000784522
lambda =          1; f =          299.0982981
Norm of dx 0.00042436
Done for param stderr obs_r =   0.2135; f = 299.0983
Predicted improvement:        0.000303427
lambda =          1; f =          299.0979955
Norm of dx     0.6068
Done for param phi = 139.1763; f = 299.0980
Predicted improvement:        0.000167627
lambda =          1; f =          299.0978283
Norm of dx   0.003406
Done for param alpha_pi =   2.4403; f = 299.0978
Predicted improvement:        0.000301086
lambda =          1; f =          299.0975263
Norm of dx  0.0014773
Done for param gamma_m =   0.6083; f = 299.0975
Predicted improvement:        0.008043406
lambda =          1; f =          299.0895129
Norm of dx  0.0079101
Done for param gamma_I =   0.2380; f = 299.0895
Predicted improvement:        0.028285856
lambda =          1; f =          299.0609285
Norm of dx  0.0052293
Done for param delta =   0.2253; f = 299.0609
Predicted improvement:        0.001940749
lambda =          1; f =          299.0589766
Norm of dx 0.00038575
Done for param rho_xi =   0.9224; f = 299.0590
Predicted improvement:        0.000996518
lambda =          1; f =          299.0579324
Norm of dx  0.0090112
Done for param rho_theta =   0.8821; f = 299.0579
Predicted improvement:        0.000107387
lambda =          1; f =          299.0578233
Norm of dx  0.0031253
Done for param rho_z =   0.8794; f = 299.0578
Predicted improvement:        0.017450012
lambda =          1; f =          299.0403703
Norm of dx   0.005716
Done for param rho_g =   0.1770; f = 299.0404
Predicted improvement:        0.002283774
lambda =          1; f =          299.0380808
Norm of dx  0.0083747
Done for param rho_zm =   0.2692; f = 299.0381
Predicted improvement:        0.004519754
lambda =          1; f =          299.0334999
Norm of dx  0.0084114
Done for param rho_gm =   0.2399; f = 299.0335
Predicted improvement:        0.004385264
lambda =          1; f =          299.0291394
Norm of dx   0.016333
Done for param sigma_xi =   2.8499; f = 299.0291
Predicted improvement:        0.000153643
lambda =          1; f =          299.0289857
Norm of dx  0.0029117
Done for param sigma_theta =   0.0278; f = 299.0290
Predicted improvement:        0.000133539
lambda =          1; f =          299.0288523
Norm of dx 0.00066645
Done for param sigma_g =   0.7823; f = 299.0289
Predicted improvement:        0.014123340
lambda =          1; f =          299.0147105
Norm of dx  0.0022572
Done for param sigma_zm =   0.1079; f = 299.0147
Predicted improvement:        0.004051065
lambda =          1; f =          299.0106295
Norm of dx  0.0012102
Done for param sigma_gm =   0.1113; f = 299.0106
Sequence of univariate steps!!
Actual dxnorm 0.60714
FVAL          299.0106
Improvement   0.08884
Ftol          1e-05
Htol          1e-05
Elapsed time for iteration 0.54476 s.
 
Iteration 5
Correct for low angle: 5.67804e-05
Predicted improvement:     2069.520370827
lambda =          1; f =   1364879146.0872960
lambda =    0.33333; f =    151652484.4768405
lambda =    0.11111; f =     16850204.0337543
lambda =   0.037037; f =      1872399.1957710
lambda =   0.012346; f =       208274.0428187
lambda =  0.0041152; f =        23396.3322118
lambda =  0.0013717; f =         2862.3055186
lambda = 0.00045725; f =          583.1397196
lambda = 0.00015242; f =          330.3729355
lambda = 5.0805e-05; f =          302.4265890
lambda = 1.6935e-05; f =          299.3677234
lambda =  5.645e-06; f =          299.0432774
lambda = 1.8817e-06; f =          299.0123705
lambda = 6.2723e-07; f =          299.0377114
lambda = 2.0908e-07; f =          299.0130634
lambda = 6.9692e-08; f =          299.0107078
lambda = 2.3231e-08; f =          299.0105741
Norm of dx      53036
Correct for low angle: 0.00063142
Predicted improvement:      121.623539943
lambda =          1; f =      1642028.2647316
lambda =    0.33333; f =       182206.7164292
lambda =    0.11111; f =        20343.1241901
lambda =   0.037037; f =         2470.9216836
lambda =   0.012346; f =          522.4061637
lambda =  0.0041152; f =          318.3176872
lambda =  0.0013717; f =          299.7788798
lambda = 0.00045725; f =          300.3896655
lambda = 0.00015242; f =          299.1073815
lambda = 5.0805e-05; f =          299.0111720
lambda = 1.6935e-05; f =          299.0433442
lambda =  5.645e-06; f =          299.0125765
lambda = 1.8817e-06; f =          299.0104474
lambda = 6.2723e-07; f =          299.0104485
lambda = 1.2125e-06; f =          299.0104060
Norm of dx     3117.6
Predicted improvement:        0.000152492
lambda =          1; f =          299.0102534
Norm of dx 0.00089768
Done for param stderr obs_dy =   0.1960; f = 299.0103
Predicted improvement:        0.000121209
lambda =          1; f =          299.0101323
Norm of dx 0.00016657
Done for param stderr obs_r =   0.2134; f = 299.0101
Predicted improvement:        0.000723525
lambda =          1; f =          299.0094122
Norm of dx    0.93798
Done for param phi = 138.2386; f = 299.0094
Predicted improvement:        0.000105618
lambda =          1; f =          299.0093068
Norm of dx  0.0027005
Done for param alpha_pi =   2.4376; f = 299.0093
Predicted improvement:        0.000212445
lambda =          1; f =          299.0090928
Norm of dx  0.0014414
Done for param alpha_y =   0.0784; f = 299.0091
Predicted improvement:        0.000647203
lambda =          1; f =          299.0084487
Norm of dx  0.0021934
Done for param gamma_m =   0.6105; f = 299.0084
Predicted improvement:        0.003140308
lambda =          1; f =          299.0053122
Norm of dx  0.0049623
Done for param gamma_I =   0.2429; f = 299.0053
Predicted improvement:        0.019699345
lambda =          1; f =          298.9854596
Norm of dx  0.0043897
Done for param delta =   0.2209; f = 298.9855
Predicted improvement:        0.000935145
lambda =          1; f =          298.9845207
Norm of dx 0.00027098
Done for param rho_xi =   0.9221; f = 298.9845
Predicted improvement:        0.000111060
lambda =          1; f =          298.9844083
Norm of dx  0.0031763
Done for param rho_z =   0.8797; f = 298.9844
Predicted improvement:        0.007316456
lambda =          1; f =          298.9770909
Norm of dx  0.0037322
Done for param rho_g =   0.1733; f = 298.9771
Predicted improvement:        0.001274077
lambda =          1; f =          298.9758152
Norm of dx  0.0061907
Done for param rho_zm =   0.2754; f = 298.9758
Predicted improvement:        0.005371929
lambda =          1; f =          298.9703605
Norm of dx   0.009219
Done for param rho_gm =   0.2307; f = 298.9704
Predicted improvement:        0.004244147
lambda =          1; f =          298.9661398
Norm of dx    0.01604
Done for param sigma_xi =   2.8339; f = 298.9661
Predicted improvement:        0.000029768
lambda =          1; f =          298.9661100
Norm of dx 0.00095641
Done for param sigma_z =   0.0154; f = 298.9661
Predicted improvement:        0.000590481
lambda =          1; f =          298.9655209
Norm of dx  0.0014048
Done for param sigma_g =   0.7808; f = 298.9655
Predicted improvement:        0.005081506
lambda =          1; f =          298.9604341
Norm of dx  0.0013518
Done for param sigma_zm =   0.1092; f = 298.9604
Predicted improvement:        0.004190013
lambda =          1; f =          298.9562128
Norm of dx  0.0012433
Done for param sigma_gm =   0.1125; f = 298.9562
Sequence of univariate steps!!
Actual dxnorm 0.93793
FVAL          298.9562
Improvement   0.054417
Ftol          1e-05
Htol          1e-05
Elapsed time for iteration 0.6971 s.
 
Iteration 6
Correct for low angle: 0.000117757
Predicted improvement:      987.712494475
lambda =          1; f =    398926081.2051786
lambda =    0.33333; f =     44317588.1207639
lambda =    0.11111; f =      4921844.1110596
lambda =   0.037037; f =       546272.3334317
lambda =   0.012346; f =        60675.3455859
lambda =  0.0041152; f =         6912.4235050
lambda =  0.0013717; f =         1002.5801046
lambda = 0.00045725; f =          367.1936982
lambda = 0.00015242; f =          303.6828287
lambda = 5.0805e-05; f =          298.9886055
lambda = 1.6935e-05; f =          298.9568879
lambda =  5.645e-06; f =          299.1468887
lambda = 1.8817e-06; f =          298.9749182
lambda = 6.2723e-07; f =          298.9575579
lambda = 2.0908e-07; f =          298.9560917
lambda = 6.9692e-08; f =          298.9561077
lambda = 1.3473e-07; f =          298.9560682
Norm of dx      23580
Correct for low angle: 0.00152491
Predicted improvement:        2.041933765
lambda =          1; f =         2544.9903482
lambda =    0.33333; f =          530.3880353
lambda =    0.11111; f =          319.0867311
lambda =   0.037037; f =          299.7875024
lambda =   0.012346; f =          298.9565060
lambda =  0.0041152; f =          299.1919432
lambda =  0.0013717; f =          298.9891147
lambda = 0.00045725; f =          298.9599139
lambda = 0.00015242; f =          298.9563837
lambda = 5.0805e-05; f =          298.9560572
lambda = 1.6935e-05; f =          298.9560513
lambda =  5.645e-06; f =          298.9560611
Norm of dx      48.75
Predicted improvement:        0.000088298
lambda =          1; f =          298.9559629
Norm of dx 0.00068372
Done for param stderr obs_dy =   0.1953; f = 298.9560
Predicted improvement:        0.000029626
lambda =          1; f =          298.9559333
Norm of dx 8.2343e-05
Done for param stderr obs_r =   0.2133; f = 298.9559
Predicted improvement:        0.000667460
lambda =          1; f =          298.9552689
Norm of dx    0.89736
Done for param phi = 137.3412; f = 298.9553
Predicted improvement:        0.000079461
lambda =          1; f =          298.9551896
Norm of dx  0.0023416
Done for param alpha_pi =   2.4353; f = 298.9552
Predicted improvement:        0.000519417
lambda =          1; f =          298.9546645
Norm of dx  0.0022678
Done for param alpha_y =   0.0807; f = 298.9547
Predicted improvement:        0.000679683
lambda =          1; f =          298.9539881
Norm of dx  0.0022524
Done for param gamma_m =   0.6128; f = 298.9540
Predicted improvement:        0.000420413
lambda =          1; f =          298.9535678
Norm of dx  0.0018221
Done for param gamma_I =   0.2448; f = 298.9536
Predicted improvement:        0.011749072
lambda =          1; f =          298.9417045
Norm of dx  0.0034008
Done for param delta =   0.2175; f = 298.9417
Predicted improvement:        0.001036692
lambda =          1; f =          298.9406634
Norm of dx 0.00028676
Done for param rho_xi =   0.9218; f = 298.9407
Predicted improvement:        0.000033609
lambda =          1; f =          298.9406296
Norm of dx  0.0017654
Done for param rho_theta =   0.8806; f = 298.9406
Predicted improvement:        0.000114812
lambda =          1; f =          298.9405165
Norm of dx  0.0033876
Done for param rho_z =   0.8796; f = 298.9405
Predicted improvement:        0.002894165
lambda =          1; f =          298.9376221
Norm of dx  0.0023572
Done for param rho_g =   0.1709; f = 298.9376
Predicted improvement:        0.000752671
lambda =          1; f =          298.9368688
Norm of dx  0.0047368
Done for param rho_zm =   0.2801; f = 298.9369
Predicted improvement:        0.005472007
lambda =          1; f =          298.9313171
Norm of dx  0.0093751
Done for param rho_gm =   0.2213; f = 298.9313
Predicted improvement:        0.003989391
lambda =          1; f =          298.9273493
Norm of dx   0.015477
Done for param sigma_xi =   2.8184; f = 298.9273
Predicted improvement:        0.000582418
lambda =          1; f =          298.9267682
Norm of dx  0.0013941
Done for param sigma_g =   0.7795; f = 298.9268
Predicted improvement:        0.001350822
lambda =          1; f =          298.9254166
Norm of dx 0.00069882
Done for param sigma_zm =   0.1099; f = 298.9254
Predicted improvement:        0.004519575
lambda =          1; f =          298.9208620
Norm of dx  0.0013047
Done for param sigma_gm =   0.1139; f = 298.9209
Sequence of univariate steps!!
Actual dxnorm 0.89766
FVAL          298.9209
Improvement   0.035351
Ftol          1e-05
Htol          1e-05
Elapsed time for iteration 0.58957 s.
 
Iteration 7
Correct for low angle: 0.000112712
Predicted improvement:     1024.726123534
lambda =          1; f =    399093698.1296042
lambda =    0.33333; f =     44336150.4036806
lambda =    0.11111; f =      4923885.9226012
lambda =   0.037037; f =       546492.3021148
lambda =   0.012346; f =        60697.4608863
lambda =  0.0041152; f =         6914.0998411
lambda =  0.0013717; f =         1002.4845295
lambda = 0.00045725; f =          367.0678139
lambda = 0.00015242; f =          303.6091000
lambda = 5.0805e-05; f =          298.9391795
lambda = 1.6935e-05; f =          298.9309447
lambda =  5.645e-06; f =          299.1003470
lambda = 1.8817e-06; f =          298.9371896
lambda = 6.2723e-07; f =          298.9218973
lambda = 2.0908e-07; f =          298.9206958
Norm of dx      23832
Correct for low angle: 5.97903e-05
Predicted improvement:     1746.855550623
lambda =          1; f =   1171456937.9777758
lambda =    0.33333; f =    130148746.0336383
lambda =    0.11111; f =     14456771.3998028
lambda =   0.037037; f =      1605086.0286882
lambda =   0.012346; f =       178113.7556652
lambda =  0.0041152; f =        19892.1492713
lambda =  0.0013717; f =         2421.8264032
lambda = 0.00045725; f =          517.2134367
lambda = 0.00015242; f =          317.7677800
lambda = 5.0805e-05; f =          299.6664870
lambda = 1.6935e-05; f =          298.9855527
lambda =  5.645e-06; f =          298.9209105
lambda = 1.8817e-06; f =          298.9801296
lambda = 6.2723e-07; f =          298.9277580
lambda = 2.0908e-07; f =          298.9216060
lambda = 6.9692e-08; f =          298.9208341
lambda = 2.3231e-08; f =          298.9207234
lambda = 7.7435e-09; f =          298.9207029
lambda = 2.5812e-09; f =          298.9206980

lambda =

  -6.2723e-07

lambda = -6.2723e-07; f =          298.9274074
lambda = -2.0908e-07; f =          298.9213011
lambda = -6.9692e-08; f =          298.9207257
lambda = -2.3231e-08; f =          298.9206870
Norm of dx      40640
Predicted improvement:        0.000050269
lambda =          1; f =          298.9206367
Norm of dx 0.00051622
Done for param stderr obs_dy =   0.1948; f = 298.9206
Predicted improvement:        0.000012368
lambda =          1; f =          298.9206243
Norm of dx 5.3211e-05
Done for param stderr obs_r =   0.2132; f = 298.9206
Predicted improvement:        0.000015104
lambda =          1; f =          298.9206092
Norm of dx 6.6475e-05
Done for param stderr obs_di =   0.0395; f = 298.9206
Predicted improvement:        0.000397242
lambda =          1; f =          298.9202134
Norm of dx    0.68841
Done for param phi = 136.6528; f = 298.9202
Predicted improvement:        0.000064404
lambda =          1; f =          298.9201491
Norm of dx  0.0021075
Done for param alpha_pi =   2.4331; f = 298.9201
Predicted improvement:        0.000617262
lambda =          1; f =          298.9195247
Norm of dx   0.002501
Done for param alpha_y =   0.0832; f = 298.9195
Predicted improvement:        0.000289448
lambda =          1; f =          298.9192361
Norm of dx  0.0014699
Done for param gamma_m =   0.6143; f = 298.9192
Predicted improvement:        0.000017276
lambda =          1; f =          298.9192188
Norm of dx 0.00037052
Done for param gamma_I =   0.2444; f = 298.9192
Predicted improvement:        0.006081606
lambda =          1; f =          298.9131062
Norm of dx   0.002461
Done for param delta =   0.2151; f = 298.9131
Predicted improvement:        0.001389437
lambda =          1; f =          298.9117099
Norm of dx 0.00033281
Done for param rho_xi =   0.9215; f = 298.9117
Predicted improvement:        0.000048944
lambda =          1; f =          298.9116605
Norm of dx   0.002124
Done for param rho_theta =   0.8806; f = 298.9117
Predicted improvement:        0.000114930
lambda =          1; f =          298.9115473
Norm of dx   0.003389
Done for param rho_z =   0.8796; f = 298.9115
Predicted improvement:        0.001161978
lambda =          1; f =          298.9103854
Norm of dx  0.0014959
Done for param rho_g =   0.1694; f = 298.9104
Predicted improvement:        0.000410981
lambda =          1; f =          298.9099741
Norm of dx  0.0034978
Done for param rho_zm =   0.2836; f = 298.9100
Predicted improvement:        0.005401287
lambda =          1; f =          298.9044875
Norm of dx  0.0093804
Done for param rho_gm =   0.2119; f = 298.9045
Predicted improvement:        0.003591555
lambda =          1; f =          298.9009143
Norm of dx   0.014586
Done for param sigma_xi =   2.8038; f = 298.9009
Predicted improvement:        0.000352534
lambda =          1; f =          298.9005624
Norm of dx  0.0010825
Done for param sigma_g =   0.7784; f = 298.9006
Predicted improvement:        0.000186800
lambda =          1; f =          298.9003756
Norm of dx 0.00026103
Done for param sigma_zm =   0.1102; f = 298.9004
Predicted improvement:        0.004681896
lambda =          1; f =          298.8956568
Norm of dx   0.001343
Done for param sigma_gm =   0.1152; f = 298.8957
Sequence of univariate steps!!
Actual dxnorm 0.68862
FVAL          298.8957
Improvement   0.025205
Ftol          1e-05
Htol          1e-05
Elapsed time for iteration 0.5932 s.
 
Iteration 8
Correct for low angle: 0.00011882
Predicted improvement:      966.057706141
lambda =          1; f =    364913709.2294086
lambda =    0.33333; f =     40538719.1816984
lambda =    0.11111; f =      4502064.2136096
lambda =   0.037037; f =       499661.5645882
lambda =   0.012346; f =        55506.8101795
lambda =  0.0041152; f =         6341.5755670
lambda =  0.0013717; f =          940.2587897
lambda = 0.00045725; f =          360.6016028
lambda = 0.00015242; f =          303.0249559
lambda = 5.0805e-05; f =          298.9041197
lambda = 1.6935e-05; f =          298.9031527
lambda =  5.645e-06; f =          299.0523439
lambda = 1.8817e-06; f =          298.9101820
lambda = 6.2723e-07; f =          298.8965365
lambda = 2.0908e-07; f =          298.8954893
Norm of dx      22657
Correct for low angle: 5.50915e-05
Predicted improvement:     1810.398112311
lambda =          1; f =   1294502876.5575693
lambda =    0.33333; f =    143819828.1078807
lambda =    0.11111; f =     15975550.8854616
lambda =   0.037037; f =      1773762.7485595
lambda =   0.012346; f =       196830.0836498
lambda =  0.0041152; f =        21963.2195967
lambda =  0.0013717; f =         2649.1044198
lambda = 0.00045725; f =          541.5048434
lambda = 0.00015242; f =          320.1315197
lambda = 5.0805e-05; f =          299.8026194
lambda = 1.6935e-05; f =          298.9658515
lambda =  5.645e-06; f =          298.8957657
lambda = 1.8817e-06; f =          298.9595304
lambda = 6.2723e-07; f =          298.9030321
lambda = 2.0908e-07; f =          298.8964334
lambda = 6.9692e-08; f =          298.8956239
lambda = 2.3231e-08; f =          298.8955139
lambda = 7.7435e-09; f =          298.8954952
lambda = 2.5812e-09; f =          298.8954910

lambda =

  -6.2723e-07

lambda = -6.2723e-07; f =          298.9030190
lambda = -2.0908e-07; f =          298.8962018
lambda = -6.9692e-08; f =          298.8955385
lambda = -2.3231e-08; f =          298.8954851
Norm of dx      42459
Predicted improvement:        0.000024559
lambda =          1; f =          298.8954605
Norm of dx 0.00036099
Done for param stderr obs_dy =   0.1945; f = 298.8955
Predicted improvement:        0.000212991
lambda =          1; f =          298.8952481
Norm of dx    0.50137
Done for param phi = 136.1515; f = 298.8952
Predicted improvement:        0.000052403
lambda =          1; f =          298.8951957
Norm of dx  0.0018998
Done for param alpha_pi =   2.4312; f = 298.8952
Predicted improvement:        0.000523928
lambda =          1; f =          298.8946664
Norm of dx  0.0023339
Done for param alpha_y =   0.0855; f = 298.8947
Predicted improvement:        0.000104632
lambda =          1; f =          298.8945620
Norm of dx 0.00088423
Done for param gamma_m =   0.6151; f = 298.8946
Predicted improvement:        0.000340371
lambda =          1; f =          298.8942216
Norm of dx  0.0016485
Done for param gamma_I =   0.2427; f = 298.8942
Predicted improvement:        0.002714078
lambda =          1; f =          298.8914948
Norm of dx  0.0016486
Done for param delta =   0.2134; f = 298.8915
Predicted improvement:        0.001747994
lambda =          1; f =          298.8897372
Norm of dx 0.00037388
Done for param rho_xi =   0.9211; f = 298.8897
Predicted improvement:        0.000041481
lambda =          1; f =          298.8896954
Norm of dx  0.0019575
Done for param rho_theta =   0.8807; f = 298.8897
Predicted improvement:        0.000098757
lambda =          1; f =          298.8895980
Norm of dx  0.0031359
Done for param rho_z =   0.8796; f = 298.8896
Predicted improvement:        0.000499538
lambda =          1; f =          298.8890985
Norm of dx 0.00098059
Done for param rho_g =   0.1684; f = 298.8891
Predicted improvement:        0.000195191
lambda =          1; f =          298.8889032
Norm of dx  0.0024139
Done for param rho_zm =   0.2861; f = 298.8889
Predicted improvement:        0.005148228
lambda =          1; f =          298.8836851
Norm of dx  0.0092388
Done for param rho_gm =   0.2027; f = 298.8837
Predicted improvement:        0.003148652
lambda =          1; f =          298.8805516
Norm of dx   0.013552
Done for param sigma_xi =   2.7902; f = 298.8806
Predicted improvement:        0.000134499
lambda =          1; f =          298.8804172
Norm of dx 0.00066723
Done for param sigma_g =   0.7777; f = 298.8804
Predicted improvement:        0.004660396
lambda =          1; f =          298.8757201
Norm of dx  0.0013557
Done for param sigma_gm =   0.1165; f = 298.8757
Sequence of univariate steps!!
Actual dxnorm 0.50162
FVAL          298.8757
Improvement   0.019937
Ftol          1e-05
Htol          1e-05
Elapsed time for iteration 0.61076 s.
 
Iteration 9
Correct for low angle: 0.000128269
Predicted improvement:      889.367851406
lambda =          1; f =    338968566.0675552
lambda =    0.33333; f =     37656203.3856030
lambda =    0.11111; f =      4181877.3053279
lambda =   0.037037; f =       464116.1145848
lambda =   0.012346; f =        51567.5864027
lambda =  0.0041152; f =         5907.2743854
lambda =  0.0013717; f =          893.1198584
lambda = 0.00045725; f =          355.7243578
lambda = 0.00015242; f =          302.5913401
lambda = 5.0805e-05; f =          298.8802026
lambda = 1.6935e-05; f =          298.8757275
lambda =  5.645e-06; f =          299.0137863
lambda = 1.8817e-06; f =          298.8888152
lambda = 6.2723e-07; f =          298.8765018
lambda = 2.0908e-07; f =          298.8755627
Norm of dx      21662
Correct for low angle: 5.26987e-05
Predicted improvement:     1382.807724751
lambda =          1; f =    836683095.5499444
lambda =    0.33333; f =     92953726.1549369
lambda =    0.11111; f =     10324682.5853158
lambda =   0.037037; f =      1146195.3883318
lambda =   0.012346; f =       127202.6430706
lambda =  0.0041152; f =        14260.8428980
lambda =  0.0013717; f =         1804.5565334
lambda = 0.00045725; f =          451.4117577
lambda = 0.00015242; f =          311.3580190
lambda = 5.0805e-05; f =          299.2283861
lambda = 1.6935e-05; f =          298.9077385
lambda =  5.645e-06; f =          299.3393340
lambda = 1.8817e-06; f =          298.9158026
lambda = 6.2723e-07; f =          298.8803859
lambda = 2.0908e-07; f =          298.8761713
lambda = 6.9692e-08; f =          298.8756511
lambda = 2.3231e-08; f =          298.8755793
lambda = 7.7435e-09; f =          298.8755668
lambda = 2.5812e-09; f =          298.8755639

lambda =

  -6.2723e-07

lambda = -6.2723e-07; f =          298.8802510
lambda = -2.0908e-07; f =          298.8760036
lambda = -6.9692e-08; f =          298.8755907
lambda = -2.3231e-08; f =          298.8755590
Norm of dx      33793
Predicted improvement:        0.000010177
lambda =          1; f =          298.8755488
Norm of dx 0.00023245
Done for param stderr obs_dy =   0.1942; f = 298.8755
Predicted improvement:        0.000027796
lambda =          1; f =          298.8755210
Norm of dx  7.981e-05
Done for param stderr obs_r =   0.2132; f = 298.8755
Predicted improvement:        0.000014747
lambda =          1; f =          298.8755063
Norm of dx 6.5702e-05
Done for param stderr obs_di =   0.0396; f = 298.8755
Predicted improvement:        0.000064252
lambda =          1; f =          298.8754421
Norm of dx      0.274
Done for param phi = 135.8775; f = 298.8754
Predicted improvement:        0.000029005
lambda =          1; f =          298.8754132
Norm of dx  0.0014119
Done for param alpha_pi =   2.4298; f = 298.8754
Predicted improvement:        0.000356076
lambda =          1; f =          298.8750541
Norm of dx  0.0019457
Done for param alpha_y =   0.0875; f = 298.8751
Predicted improvement:        0.000029628
lambda =          1; f =          298.8750245
Norm of dx 0.00047085
Done for param gamma_m =   0.6156; f = 298.8750
Predicted improvement:        0.000644243
lambda =          1; f =          298.8743803
Norm of dx  0.0022722
Done for param gamma_I =   0.2405; f = 298.8744
Predicted improvement:        0.001055580
lambda =          1; f =          298.8733223
Norm of dx  0.0010309
Done for param delta =   0.2124; f = 298.8733
Predicted improvement:        0.002019711
lambda =          1; f =          298.8712905
Norm of dx 0.00040255
Done for param rho_xi =   0.9207; f = 298.8713
Predicted improvement:        0.000038772
lambda =          1; f =          298.8712515
Norm of dx  0.0018932
Done for param rho_theta =   0.8808; f = 298.8713
Predicted improvement:        0.000098686
lambda =          1; f =          298.8711542
Norm of dx  0.0031345
Done for param rho_z =   0.8795; f = 298.8712
Predicted improvement:        0.000261058
lambda =          1; f =          298.8708931
Norm of dx 0.00070825
Done for param rho_g =   0.1677; f = 298.8709
Predicted improvement:        0.000092121
lambda =          1; f =          298.8708010
Norm of dx  0.0016622
Done for param rho_zm =   0.2877; f = 298.8708
Predicted improvement:        0.004894890
lambda =          1; f =          298.8658406
Norm of dx   0.009077
Done for param rho_gm =   0.1936; f = 298.8658
Predicted improvement:        0.002659585
lambda =          1; f =          298.8631927
Norm of dx   0.012355
Done for param sigma_xi =   2.7779; f = 298.8632
Predicted improvement:        0.000027944
lambda =          1; f =          298.8631648
Norm of dx 0.00030364
Done for param sigma_g =   0.7774; f = 298.8632
Predicted improvement:        0.000113784
lambda =          1; f =          298.8630510
Norm of dx 0.00020567
Done for param sigma_zm =   0.1100; f = 298.8631
Predicted improvement:        0.004511587
lambda =          1; f =          298.8585043
Norm of dx  0.0013498
Done for param sigma_gm =   0.1179; f = 298.8585
Sequence of univariate steps!!
Actual dxnorm 0.27443
FVAL          298.8585
Improvement   0.017216
Ftol          1e-05
Htol          1e-05
Elapsed time for iteration 0.679 s.
 
Iteration 10
Correct for low angle: 0.00012592
Predicted improvement:      899.093874876
lambda =          1; f =    370394040.8776413
lambda =    0.33333; f =     41148019.0505511
lambda =    0.11111; f =      4569888.8947824
lambda =   0.037037; f =       507239.1819188
lambda =   0.012346; f =        56362.5691238
lambda =  0.0041152; f =         6441.2397863
lambda =  0.0013717; f =          952.8378494
lambda = 0.00045725; f =          362.4789469
lambda = 0.00015242; f =          303.3713583
lambda = 5.0805e-05; f =          298.9664635
lambda = 1.6935e-05; f =          298.8682322
lambda =  5.645e-06; f =          298.8590179
lambda = 1.8817e-06; f =          298.8762600
lambda = 6.2723e-07; f =          298.8597682
lambda = 2.0908e-07; f =          298.8583961
lambda = 6.9692e-08; f =          298.8584089
lambda = 1.3473e-07; f =          298.8583734
Norm of dx      22781
Correct for low angle: 5.57057e-05
Predicted improvement:     1632.505880872
lambda =          1; f =   1280321529.9941370
lambda =    0.33333; f =    142244176.4129279
lambda =    0.11111; f =     15800497.1822842
lambda =   0.037037; f =      1754318.5678415
lambda =   0.012346; f =       194671.6611308
lambda =  0.0041152; f =        21724.0335891
lambda =  0.0013717; f =         2622.7153926
lambda = 0.00045725; f =          538.6146759
lambda = 0.00015242; f =          319.8039201
lambda = 5.0805e-05; f =          299.7436108
lambda = 1.6935e-05; f =          298.9130627
lambda =  5.645e-06; f =          300.2490408
lambda = 1.8817e-06; f =          298.9147125
lambda = 6.2723e-07; f =          298.8645223
lambda = 2.0908e-07; f =          298.8589379
lambda = 6.9692e-08; f =          298.8583897
lambda = 2.3231e-08; f =          298.8583594
lambda = 7.7435e-09; f =          298.8583666
lambda = 2.5812e-09; f =          298.8583709
Norm of dx      41365
Predicted improvement:        0.000024131
lambda =          1; f =          298.8583353
Norm of dx    0.16724
Done for param phi = 135.7103; f = 298.8583
Predicted improvement:        0.000018915
lambda =          1; f =          298.8583164
Norm of dx  0.0011388
Done for param alpha_pi =   2.4287; f = 298.8583
Predicted improvement:        0.000238997
lambda =          1; f =          298.8580758
Norm of dx  0.0016073
Done for param alpha_y =   0.0891; f = 298.8581
Predicted improvement:        0.000018573
lambda =          1; f =          298.8580573
Norm of dx  0.0003731
Done for param gamma_m =   0.6160; f = 298.8581
Predicted improvement:        0.000829960
lambda =          1; f =          298.8572274
Norm of dx  0.0025807
Done for param gamma_I =   0.2379; f = 298.8572
Predicted improvement:        0.000331080
lambda =          1; f =          298.8568958
Norm of dx 0.00057812
Done for param delta =   0.2118; f = 298.8569
Predicted improvement:        0.002079791
lambda =          1; f =          298.8548035
Norm of dx 0.00040919
Done for param rho_xi =   0.9202; f = 298.8548
Predicted improvement:        0.000028478
lambda =          1; f =          298.8547749
Norm of dx  0.0016254
Done for param rho_theta =   0.8810; f = 298.8548
Predicted improvement:        0.000094681
lambda =          1; f =          298.8546814
Norm of dx  0.0030688
Done for param rho_z =   0.8793; f = 298.8547
Predicted improvement:        0.000194366
lambda =          1; f =          298.8544871
Norm of dx 0.00061034
Done for param rho_g =   0.1671; f = 298.8545
Predicted improvement:        0.000032978
lambda =          1; f =          298.8544541
Norm of dx 0.00099779
Done for param rho_zm =   0.2887; f = 298.8545
Predicted improvement:        0.004609579
lambda =          1; f =          298.8497870
Norm of dx  0.0088732
Done for param rho_gm =   0.1847; f = 298.8498
Predicted improvement:        0.002216183
lambda =          1; f =          298.8475797
Norm of dx   0.011187
Done for param sigma_xi =   2.7667; f = 298.8476
Predicted improvement:        0.000026331
lambda =          1; f =          298.8475534
Norm of dx   0.001183
Done for param sigma_theta =   0.0267; f = 298.8476
Predicted improvement:        0.000014700
lambda =          1; f =          298.8475387
Norm of dx 0.00066517
Done for param sigma_z =   0.0151; f = 298.8475
Predicted improvement:        0.000278311
lambda =          1; f =          298.8472604
Norm of dx  0.0003231
Done for param sigma_zm =   0.1096; f = 298.8473
Predicted improvement:        0.004221684
lambda =          1; f =          298.8430068
Norm of dx  0.0013211
Done for param sigma_gm =   0.1192; f = 298.8430
Sequence of univariate steps!!
Actual dxnorm 0.16788
FVAL          298.843
Improvement   0.015498
Ftol          1e-05
Htol          1e-05
Elapsed time for iteration 0.64799 s.
 
Iteration 11
Correct for low angle: 8.77683e-06
Predicted improvement:    12580.045024292
lambda =          1; f =  56614063380.7983627
lambda =    0.33333; f =   6290432128.1865873
lambda =    0.11111; f =    698930628.9984845
lambda =   0.037037; f =     77657046.1102072
lambda =   0.012346; f =      8628101.8065870
lambda =  0.0041152; f =       958703.6773214
lambda =  0.0013717; f =       106709.7619816
lambda = 0.00045725; f =        12097.5075373
lambda = 0.00015242; f =         1602.5357840
lambda = 5.0805e-05; f =          441.9839296
lambda = 1.6935e-05; f =          314.5675482
lambda =  5.645e-06; f =          300.5637036
lambda = 1.8817e-06; f =          299.0255053
lambda = 6.2723e-07; f =          298.8605225
lambda = 2.0908e-07; f =          298.8441671
lambda = 6.9692e-08; f =          298.8430085
lambda = 2.3231e-08; f =          298.8439860
lambda = 7.7435e-09; f =          298.8429853
lambda = 2.5812e-09; f =          298.8429611
lambda = 4.9899e-09; f =          298.8429532
Norm of dx 3.3516e+05
[Warning: Matrix is close to singular or badly scaled. Results may be inaccurate. RCOND =  7.611718e-17.] 
[> In <a href="matlab:matlab.internal.language.introspective.errorDocCallback('newrat', 'C:\dynare\7.0\matlab\optimization\newrat.m', 189)" style="font-weight:bold">newrat</a> (<a href="matlab: opentoline('C:\dynare\7.0\matlab\optimization\newrat.m',189,0)">line 189</a>)
In <a href="matlab:matlab.internal.language.introspective.errorDocCallback('dynare_minimize_objective', 'C:\dynare\7.0\matlab\optimization\dynare_minimize_objective.m', 372)" style="font-weight:bold">dynare_minimize_objective</a> (<a href="matlab: opentoline('C:\dynare\7.0\matlab\optimization\dynare_minimize_objective.m',372,0)">line 372</a>)
In <a href="matlab:matlab.internal.language.introspective.errorDocCallback('dynare_estimation_1', 'C:\dynare\7.0\matlab\estimation\dynare_estimation_1.m', 246)" style="font-weight:bold">dynare_estimation_1</a> (<a href="matlab: opentoline('C:\dynare\7.0\matlab\estimation\dynare_estimation_1.m',246,0)">line 246</a>)
In <a href="matlab:matlab.internal.language.introspective.errorDocCallback('dynare_estimation', 'C:\dynare\7.0\matlab\estimation\dynare_estimation.m', 105)" style="font-weight:bold">dynare_estimation</a> (<a href="matlab: opentoline('C:\dynare\7.0\matlab\estimation\dynare_estimation.m',105,0)">line 105</a>)
In <a href="matlab:matlab.internal.language.introspective.errorDocCallback('uribe_A_24_mode5.driver', 'C:\Users\Pc\Desktop\uribe_tp3_point1_reproducible_v3\uribe_tp3_point1_reproducible\code\dynare\+uribe_A_24_mode5\driver.m', 1128)" style="font-weight:bold">uribe_A_24_mode5.driver</a> (<a href="matlab: opentoline('C:\Users\Pc\Desktop\uribe_tp3_point1_reproducible_v3\uribe_tp3_point1_reproducible\code\dynare\+uribe_A_24_mode5\driver.m',1128,0)">line 1128</a>)
In <a href="matlab:matlab.internal.language.introspective.errorDocCallback('dynare', 'C:\dynare\7.0\matlab\dynare.m', 300)" style="font-weight:bold">dynare</a> (<a href="matlab: opentoline('C:\dynare\7.0\matlab\dynare.m',300,0)">line 300</a>)
In <a href="matlab:matlab.internal.language.introspective.errorDocCallback('run_uribe_A_estimation_24', 'C:\Users\Pc\Desktop\uribe_tp3_point1_reproducible_v3\uribe_tp3_point1_reproducible\code\matlab\run_uribe_A_estimation_24.m', 17)" style="font-weight:bold">run_uribe_A_estimation_24</a> (<a href="matlab: opentoline('C:\Users\Pc\Desktop\uribe_tp3_point1_reproducible_v3\uribe_tp3_point1_reproducible\code\matlab\run_uribe_A_estimation_24.m',17,0)">line 17</a>)
] 
Correct for low angle: 1.60378e-05
Predicted improvement:     4624.230421166
lambda =          1; f =   7637941518.5550890
lambda =    0.33333; f =    848653730.8718287
lambda =    0.11111; f =     94292891.6990038
lambda =   0.037037; f =     10476510.8618692
lambda =   0.012346; f =      1164076.3619376
lambda =  0.0041152; f =       129526.9125396
lambda =  0.0013717; f =        14632.0874532
lambda = 0.00045725; f =         1883.9616729
lambda = 0.00015242; f =          473.3633020
lambda = 5.0805e-05; f =          318.0938016
lambda = 1.6935e-05; f =          300.9549523
lambda =  5.645e-06; f =          299.0687715
lambda = 1.8817e-06; f =          298.8652411
lambda = 6.2723e-07; f =          298.8446417
lambda = 2.0908e-07; f =          298.8430245
lambda = 6.9692e-08; f =          298.8449715
lambda = 2.3231e-08; f =          298.8431986
lambda = 7.7435e-09; f =          298.8429877
lambda = 2.5812e-09; f =          298.8429595

lambda =

  -6.2723e-07

lambda = -6.2723e-07; f =          298.8437193
lambda = -2.0908e-07; f =          298.8597295
lambda = -6.9692e-08; f =          298.8447636
lambda = -2.3231e-08; f =          298.8431332
lambda = -7.7435e-09; f =          298.8429660
lambda = -2.5812e-09; f =          298.8429523
Norm of dx 1.2331e+05
Predicted improvement:        0.000015202
lambda =          1; f =          298.8429371
Norm of dx 5.9014e-05
Done for param stderr obs_r =   0.2131; f = 298.8429
Predicted improvement:        0.000010591
lambda =          1; f =          298.8429265
Norm of dx 5.5694e-05
Done for param stderr obs_di =   0.0397; f = 298.8429
Predicted improvement:        0.000012890
lambda =          1; f =          298.8429136
Norm of dx 0.00093891
Done for param alpha_pi =   2.4278; f = 298.8429
Predicted improvement:        0.000136079
lambda =          1; f =          298.8427768
Norm of dx  0.0012199
Done for param alpha_y =   0.0903; f = 298.8428
Predicted improvement:        0.000021269
lambda =          1; f =          298.8427556
Norm of dx 0.00039944
Done for param gamma_m =   0.6164; f = 298.8428
Predicted improvement:        0.000953870
lambda =          1; f =          298.8418019
Norm of dx  0.0027671
Done for param gamma_I =   0.2351; f = 298.8418
Predicted improvement:        0.000098924
lambda =          1; f =          298.8417029
Norm of dx 0.00031612
Done for param delta =   0.2115; f = 298.8417
Predicted improvement:        0.002146970
lambda =          1; f =          298.8395428
Norm of dx 0.00041639
Done for param rho_xi =   0.9198; f = 298.8395
Predicted improvement:        0.000202667
lambda =          1; f =          298.8393402
Norm of dx 0.00062244
Done for param rho_g =   0.1665; f = 298.8393
Predicted improvement:        0.000013816
lambda =          1; f =          298.8393263
Norm of dx 0.00064818
Done for param rho_zm =   0.2894; f = 298.8393
Predicted improvement:        0.004317825
lambda =          1; f =          298.8349578
Norm of dx  0.0086448
Done for param rho_gm =   0.1761; f = 298.8350
Predicted improvement:        0.001796689
lambda =          1; f =          298.8331676
Norm of dx  0.0099934
Done for param sigma_xi =   2.7567; f = 298.8332
Predicted improvement:        0.000017793
lambda =          1; f =          298.8331498
Norm of dx 0.00097216
Done for param sigma_theta =   0.0267; f = 298.8331
Predicted improvement:        0.000028719
lambda =          1; f =          298.8331211
Norm of dx 0.00092916
Done for param sigma_z =   0.0151; f = 298.8331
Predicted improvement:        0.000024051
lambda =          1; f =          298.8330970
Norm of dx 0.00028124
Done for param sigma_g =   0.7777; f = 298.8331
Predicted improvement:        0.000432899
lambda =          1; f =          298.8326642
Norm of dx 0.00040465
Done for param sigma_zm =   0.1092; f = 298.8327
Predicted improvement:        0.003904239
lambda =          1; f =          298.8287315
Norm of dx   0.001285
Done for param sigma_gm =   0.1205; f = 298.8287
Sequence of univariate steps!!
Actual dxnorm 0.013704
FVAL          298.8287
Improvement   0.014275
Ftol          1e-05
Htol          1e-05
[Warning: Matrix is close to singular or badly scaled. Results may be inaccurate. RCOND =  4.805403e-18.] 
[> In <a href="matlab:matlab.internal.language.introspective.errorDocCallback('mr_hessian', 'C:\dynare\7.0\matlab\optimization\mr_hessian.m', 268)" style="font-weight:bold">mr_hessian</a> (<a href="matlab: opentoline('C:\dynare\7.0\matlab\optimization\mr_hessian.m',268,0)">line 268</a>)
In <a href="matlab:matlab.internal.language.introspective.errorDocCallback('newrat', 'C:\dynare\7.0\matlab\optimization\newrat.m', 298)" style="font-weight:bold">newrat</a> (<a href="matlab: opentoline('C:\dynare\7.0\matlab\optimization\newrat.m',298,0)">line 298</a>)
In <a href="matlab:matlab.internal.language.introspective.errorDocCallback('dynare_minimize_objective', 'C:\dynare\7.0\matlab\optimization\dynare_minimize_objective.m', 372)" style="font-weight:bold">dynare_minimize_objective</a> (<a href="matlab: opentoline('C:\dynare\7.0\matlab\optimization\dynare_minimize_objective.m',372,0)">line 372</a>)
In <a href="matlab:matlab.internal.language.introspective.errorDocCallback('dynare_estimation_1', 'C:\dynare\7.0\matlab\estimation\dynare_estimation_1.m', 246)" style="font-weight:bold">dynare_estimation_1</a> (<a href="matlab: opentoline('C:\dynare\7.0\matlab\estimation\dynare_estimation_1.m',246,0)">line 246</a>)
In <a href="matlab:matlab.internal.language.introspective.errorDocCallback('dynare_estimation', 'C:\dynare\7.0\matlab\estimation\dynare_estimation.m', 105)" style="font-weight:bold">dynare_estimation</a> (<a href="matlab: opentoline('C:\dynare\7.0\matlab\estimation\dynare_estimation.m',105,0)">line 105</a>)
In <a href="matlab:matlab.internal.language.introspective.errorDocCallback('uribe_A_24_mode5.driver', 'C:\Users\Pc\Desktop\uribe_tp3_point1_reproducible_v3\uribe_tp3_point1_reproducible\code\dynare\+uribe_A_24_mode5\driver.m', 1128)" style="font-weight:bold">uribe_A_24_mode5.driver</a> (<a href="matlab: opentoline('C:\Users\Pc\Desktop\uribe_tp3_point1_reproducible_v3\uribe_tp3_point1_reproducible\code\dynare\+uribe_A_24_mode5\driver.m',1128,0)">line 1128</a>)
In <a href="matlab:matlab.internal.language.introspective.errorDocCallback('dynare', 'C:\dynare\7.0\matlab\dynare.m', 300)" style="font-weight:bold">dynare</a> (<a href="matlab: opentoline('C:\dynare\7.0\matlab\dynare.m',300,0)">line 300</a>)
In <a href="matlab:matlab.internal.language.introspective.errorDocCallback('run_uribe_A_estimation_24', 'C:\Users\Pc\Desktop\uribe_tp3_point1_reproducible_v3\uribe_tp3_point1_reproducible\code\matlab\run_uribe_A_estimation_24.m', 17)" style="font-weight:bold">run_uribe_A_estimation_24</a> (<a href="matlab: opentoline('C:\Users\Pc\Desktop\uribe_tp3_point1_reproducible_v3\uribe_tp3_point1_reproducible\code\matlab\run_uribe_A_estimation_24.m',17,0)">line 17</a>)
] 
Elapsed time for iteration 0.8084 s.
 
Iteration 12
Correct for low angle: 1.4436e-07
Predicted improvement:  2019128.077112367
lambda =          1; f = 1605092500197708.2500000
lambda =    0.33333; f = 178343610537139.4687500
lambda =    0.11111; f = 19815956527883.6718750
lambda =   0.037037; f = 2201772881568.8554688
lambda =   0.012346; f = 244641409475.4487915
lambda =  0.0041152; f =  27182371740.6703529
lambda =  0.0013717; f =   3020261341.3029990
lambda = 0.00045725; f =    335584042.7842144
lambda = 0.00015242; f =     37287110.0692486
lambda = 5.0805e-05; f =      4143188.0397258
lambda = 1.6935e-05; f =       460590.5176299
lambda =  5.645e-06; f =        51433.0991556
lambda = 1.8817e-06; f =         5977.6829369
lambda = 6.2723e-07; f =          928.9194211
lambda = 2.0908e-07; f =          368.5415261
lambda = 6.9692e-08; f =          306.4759252
lambda = 2.3231e-08; f =          299.6459506
lambda = 7.7435e-09; f =          298.9091322
lambda = 2.5812e-09; f =          298.8346194

lambda =

  -6.2723e-07

lambda = -6.2723e-07; f =          929.7856471
lambda = -2.0908e-07; f =          368.2426838
lambda = -6.9692e-08; f =          306.4847693
lambda = -2.3231e-08; f =          299.6609841
lambda = -7.7435e-09; f =          298.9151990
lambda = -2.5812e-09; f =          298.8364717
Norm of dx 5.6811e+07
Correct for low angle: 0.000130139
Predicted improvement:       12.426913553
lambda =          1; f =        60841.2252737
lambda =    0.33333; f =         7024.0262805
lambda =    0.11111; f =         1045.5241217
lambda =   0.037037; f =          381.6120981
lambda =   0.012346; f =          307.9660884
lambda =  0.0041152; f =          299.8238628
lambda =  0.0013717; f =          298.9327258
lambda = 0.00045725; f =          298.8382288
lambda = 0.00015242; f =          298.8292353
lambda = 5.0805e-05; f =          298.8357181
lambda = 1.6935e-05; f =          298.8292257
lambda =  5.645e-06; f =          298.8286928
lambda = 1.8817e-06; f =          298.8286960
lambda = 3.6376e-06; f =          298.8286833
Norm of dx     349.65
Predicted improvement:        0.000059883
lambda =          1; f =          298.8286232
Norm of dx 0.00081211
Done for param alpha_y =   0.0911; f = 298.8286
Predicted improvement:        0.000018722
lambda =          1; f =          298.8286045
Norm of dx 0.00037461
Done for param gamma_m =   0.6168; f = 298.8286
Predicted improvement:        0.000973557
lambda =          1; f =          298.8276309
Norm of dx  0.0027927
Done for param gamma_I =   0.2323; f = 298.8276
Predicted improvement:        0.000025610
lambda =          1; f =          298.8276053
Norm of dx  0.0001608
Done for param delta =   0.2113; f = 298.8276
Predicted improvement:        0.002028053
lambda =          1; f =          298.8255652
Norm of dx 0.00040529
Done for param rho_xi =   0.9194; f = 298.8256
Predicted improvement:        0.000247097
lambda =          1; f =          298.8253181
Norm of dx 0.00068636
Done for param rho_g =   0.1658; f = 298.8253
Predicted improvement:        0.004116459
lambda =          1; f =          298.8211572
Norm of dx  0.0084895
Done for param rho_gm =   0.1676; f = 298.8212
Predicted improvement:        0.001485471
lambda =          1; f =          298.8196765
Norm of dx   0.009018
Done for param sigma_xi =   2.7477; f = 298.8197
Predicted improvement:        0.000016163
lambda =          1; f =          298.8196603
Norm of dx 0.00092614
Done for param sigma_theta =   0.0267; f = 298.8197
Predicted improvement:        0.000025881
lambda =          1; f =          298.8196344
Norm of dx 0.00088164
Done for param sigma_z =   0.0150; f = 298.8196
Predicted improvement:        0.000074133
lambda =          1; f =          298.8195603
Norm of dx 0.00049367
Done for param sigma_g =   0.7782; f = 298.8196
Predicted improvement:        0.000622387
lambda =          1; f =          298.8189381
Norm of dx 0.00048704
Done for param sigma_zm =   0.1087; f = 298.8189
Predicted improvement:        0.003554793
lambda =          1; f =          298.8153584
Norm of dx  0.0012396
Done for param sigma_gm =   0.1217; f = 298.8154
Sequence of univariate steps!!
Actual dxnorm 0.012835
FVAL          298.8154
Improvement   0.013373
Ftol          1e-05
Htol          1e-05
[Warning: Matrix is close to singular or badly scaled. Results may be inaccurate. RCOND =  5.344264e-17.] 
[> In <a href="matlab:matlab.internal.language.introspective.errorDocCallback('mr_hessian', 'C:\dynare\7.0\matlab\optimization\mr_hessian.m', 268)" style="font-weight:bold">mr_hessian</a> (<a href="matlab: opentoline('C:\dynare\7.0\matlab\optimization\mr_hessian.m',268,0)">line 268</a>)
In <a href="matlab:matlab.internal.language.introspective.errorDocCallback('newrat', 'C:\dynare\7.0\matlab\optimization\newrat.m', 298)" style="font-weight:bold">newrat</a> (<a href="matlab: opentoline('C:\dynare\7.0\matlab\optimization\newrat.m',298,0)">line 298</a>)
In <a href="matlab:matlab.internal.language.introspective.errorDocCallback('dynare_minimize_objective', 'C:\dynare\7.0\matlab\optimization\dynare_minimize_objective.m', 372)" style="font-weight:bold">dynare_minimize_objective</a> (<a href="matlab: opentoline('C:\dynare\7.0\matlab\optimization\dynare_minimize_objective.m',372,0)">line 372</a>)
In <a href="matlab:matlab.internal.language.introspective.errorDocCallback('dynare_estimation_1', 'C:\dynare\7.0\matlab\estimation\dynare_estimation_1.m', 246)" style="font-weight:bold">dynare_estimation_1</a> (<a href="matlab: opentoline('C:\dynare\7.0\matlab\estimation\dynare_estimation_1.m',246,0)">line 246</a>)
In <a href="matlab:matlab.internal.language.introspective.errorDocCallback('dynare_estimation', 'C:\dynare\7.0\matlab\estimation\dynare_estimation.m', 105)" style="font-weight:bold">dynare_estimation</a> (<a href="matlab: opentoline('C:\dynare\7.0\matlab\estimation\dynare_estimation.m',105,0)">line 105</a>)
In <a href="matlab:matlab.internal.language.introspective.errorDocCallback('uribe_A_24_mode5.driver', 'C:\Users\Pc\Desktop\uribe_tp3_point1_reproducible_v3\uribe_tp3_point1_reproducible\code\dynare\+uribe_A_24_mode5\driver.m', 1128)" style="font-weight:bold">uribe_A_24_mode5.driver</a> (<a href="matlab: opentoline('C:\Users\Pc\Desktop\uribe_tp3_point1_reproducible_v3\uribe_tp3_point1_reproducible\code\dynare\+uribe_A_24_mode5\driver.m',1128,0)">line 1128</a>)
In <a href="matlab:matlab.internal.language.introspective.errorDocCallback('dynare', 'C:\dynare\7.0\matlab\dynare.m', 300)" style="font-weight:bold">dynare</a> (<a href="matlab: opentoline('C:\dynare\7.0\matlab\dynare.m',300,0)">line 300</a>)
In <a href="matlab:matlab.internal.language.introspective.errorDocCallback('run_uribe_A_estimation_24', 'C:\Users\Pc\Desktop\uribe_tp3_point1_reproducible_v3\uribe_tp3_point1_reproducible\code\matlab\run_uribe_A_estimation_24.m', 17)" style="font-weight:bold">run_uribe_A_estimation_24</a> (<a href="matlab: opentoline('C:\Users\Pc\Desktop\uribe_tp3_point1_reproducible_v3\uribe_tp3_point1_reproducible\code\matlab\run_uribe_A_estimation_24.m',17,0)">line 17</a>)
] 
Elapsed time for iteration 0.59047 s.
 
Iteration 13
Correct for low angle: 3.54358e-07
Predicted improvement:   418629.001938970
lambda =          1; f = 75821907497279.3906250
lambda =    0.33333; f = 8424655673303.4931641
lambda =    0.11111; f = 936072619939.4937744
lambda =   0.037037; f = 104007991617.0362701
lambda =   0.012346; f =  11556417938.1874542
lambda =  0.0041152; f =   1284038091.3205440
lambda =  0.0013717; f =    142668295.6159274
lambda = 0.00045725; f =     15851343.6984403
lambda = 0.00015242; f =      1761209.3389164
lambda = 5.0805e-05; f =       195851.4815540
lambda = 1.6935e-05; f =        21993.6316904
lambda =  5.645e-06; f =         2699.3535722
lambda = 1.8817e-06; f =          563.1281114
lambda = 6.2723e-07; f =          327.9703185
lambda = 2.0908e-07; f =          302.0187927
lambda = 6.9692e-08; f =          299.1594278
lambda = 2.3231e-08; f =          298.8497665
lambda = 7.7435e-09; f =          298.8180417
lambda = 2.5812e-09; f =          298.8154107

lambda =

  -6.2723e-07

lambda = -6.2723e-07; f =          328.0529023
lambda = -2.0908e-07; f =          302.0002382
lambda = -6.9692e-08; f =          299.1484095
lambda = -2.3231e-08; f =          298.8458435
lambda = -7.7435e-09; f =          298.8169931
lambda = -2.5812e-09; f =          298.8432805
Norm of dx 1.2283e+07
Correct for low angle: 0.000147199
Predicted improvement:        8.456968862
lambda =          1; f =        30857.3028927
lambda =    0.33333; f =         3693.0176029
lambda =    0.11111; f =          675.5594628
lambda =   0.037037; f =          340.5461224
lambda =   0.012346; f =          303.4090134
lambda =  0.0041152; f =          299.3115331
lambda =  0.0013717; f =          298.8658792
lambda = 0.00045725; f =          298.8195694
lambda = 0.00015242; f =          298.8154929
lambda = 5.0805e-05; f =          298.8186557
lambda = 1.6935e-05; f =          298.8155333
lambda =  5.645e-06; f =          298.8153141
Norm of dx     248.38
Predicted improvement:        0.000026872
lambda =          1; f =          298.8152872
Norm of dx 0.00054456
Done for param alpha_y =   0.0917; f = 298.8153
Predicted improvement:        0.000021641
lambda =          1; f =          298.8152656
Norm of dx 0.00040246
Done for param gamma_m =   0.6172; f = 298.8153
Predicted improvement:        0.000957215
lambda =          1; f =          298.8143083
Norm of dx  0.0027643
Done for param gamma_I =   0.2296; f = 298.8143
Predicted improvement:        0.001862239
lambda =          1; f =          298.8124354
Norm of dx 0.00038885
Done for param rho_xi =   0.9190; f = 298.8124
Predicted improvement:        0.000237005
lambda =          1; f =          298.8121984
Norm of dx 0.00067122
Done for param rho_g =   0.1651; f = 298.8122
Predicted improvement:        0.003730282
lambda =          1; f =          298.8084326
Norm of dx  0.0081234
Done for param rho_gm =   0.1595; f = 298.8084
Predicted improvement:        0.001223643
lambda =          1; f =          298.8072125
Norm of dx  0.0081247
Done for param sigma_xi =   2.7396; f = 298.8072
Predicted improvement:        0.000019142
lambda =          1; f =          298.8071933
Norm of dx  0.0010076
Done for param sigma_theta =   0.0266; f = 298.8072
Predicted improvement:        0.000031954
lambda =          1; f =          298.8071614
Norm of dx  0.0009794
Done for param sigma_z =   0.0150; f = 298.8072
Predicted improvement:        0.000134953
lambda =          1; f =          298.8070263
Norm of dx 0.00066614
Done for param sigma_g =   0.7788; f = 298.8070
Predicted improvement:        0.000697146
lambda =          1; f =          298.8063294
Norm of dx 0.00051746
Done for param sigma_zm =   0.1082; f = 298.8063
Predicted improvement:        0.003152044
lambda =          1; f =          298.8031564
Norm of dx  0.0011795
Done for param sigma_gm =   0.1229; f = 298.8032
Sequence of univariate steps!!
Actual dxnorm 0.011953
FVAL          298.8032
Improvement   0.012202
Ftol          1e-05
Htol          1e-05
Elapsed time for iteration 0.56803 s.
 
Iteration 14
Correct for low angle: 1.67108e-06
Predicted improvement:    65292.317097472
lambda =          1; f = 2052084474428.4533691
lambda =    0.33333; f = 228009273231.8828735
lambda =    0.11111; f =  25334326514.2494621
lambda =   0.037037; f =   2814912954.2178006
lambda =   0.012346; f =    312764213.3355532
lambda =  0.0041152; f =     34750460.3464850
lambda =  0.0013717; f =      3860967.9237697
lambda = 0.00045725; f =       429110.2665356
lambda = 0.00015242; f =        47895.3832215
lambda = 5.0805e-05; f =         5572.1846144
lambda = 1.6935e-05; f =          880.6238929
lambda =  5.645e-06; f =          362.9173917
lambda = 1.8817e-06; f =          305.8735444
lambda = 6.2723e-07; f =          299.5710838
lambda = 2.0908e-07; f =          298.8827253
lambda = 6.9692e-08; f =          298.8102126
lambda = 2.3231e-08; f =          298.8034795
lambda = 7.7435e-09; f =          298.8085425
lambda = 2.5812e-09; f =          298.8035271

lambda =

  -6.2723e-07

lambda = -6.2723e-07; f =          299.5562622
lambda = -2.0908e-07; f =          298.8768749
lambda = -6.9692e-08; f =          298.8084480
lambda = -2.3231e-08; f =          298.8031985
lambda = -7.7435e-09; f =          298.8104881
lambda = -2.5812e-09; f =          298.8041983
Norm of dx 2.0213e+06
Correct for low angle: 0.000180045
Predicted improvement:        5.366379113
lambda =          1; f =        14021.4537615
lambda =    0.33333; f =         1822.7559200
lambda =    0.11111; f =          467.8704285
lambda =   0.037037; f =          317.5016053
lambda =   0.012346; f =          300.8519613
lambda =  0.0041152; f =          299.0213353
lambda =  0.0013717; f =          298.8243771
lambda = 0.00045725; f =          298.8046412
lambda = 0.00015242; f =          298.8031644
lambda = 5.0805e-05; f =          298.8044753
lambda = 1.6935e-05; f =          298.8031817
lambda =  5.645e-06; f =          298.8031188
Norm of dx     166.39
Predicted improvement:        0.000012298
lambda =          1; f =          298.8031065
Norm of dx 5.3082e-05
Done for param stderr obs_r =   0.2130; f = 298.8031
Predicted improvement:        0.000010346
lambda =          1; f =          298.8030962
Norm of dx 5.5061e-05
Done for param stderr obs_di =   0.0397; f = 298.8031
Predicted improvement:        0.000026963
lambda =          1; f =          298.8030692
Norm of dx    0.17449
Done for param phi = 135.8848; f = 298.8031
Predicted improvement:        0.000015601
lambda =          1; f =          298.8030536
Norm of dx 0.00041446
Done for param alpha_y =   0.0921; f = 298.8031
Predicted improvement:        0.000035837
lambda =          1; f =          298.8030178
Norm of dx  0.0005175
Done for param gamma_m =   0.6177; f = 298.8030
Predicted improvement:        0.001032036
lambda =          1; f =          298.8019859
Norm of dx   0.002864
Done for param gamma_I =   0.2267; f = 298.8020
Predicted improvement:        0.001711544
lambda =          1; f =          298.8002650
Norm of dx 0.00037321
Done for param rho_xi =   0.9186; f = 298.8003
Predicted improvement:        0.000385994
lambda =          1; f =          298.7998790
Norm of dx 0.00085563
Done for param rho_g =   0.1643; f = 298.7999
Predicted improvement:        0.003300286
lambda =          1; f =          298.7965507
Norm of dx  0.0076715
Done for param rho_gm =   0.1518; f = 298.7966
Predicted improvement:        0.000981967
lambda =          1; f =          298.7955713
Norm of dx  0.0072272
Done for param sigma_xi =   2.7323; f = 298.7956
Predicted improvement:        0.000014356
lambda =          1; f =          298.7955570
Norm of dx 0.00065631
Done for param sigma_z =   0.0150; f = 298.7956
Predicted improvement:        0.000180784
lambda =          1; f =          298.7953760
Norm of dx 0.00077143
Done for param sigma_g =   0.7796; f = 298.7954
Predicted improvement:        0.000824962
lambda =          1; f =          298.7945513
Norm of dx 0.00056507
Done for param sigma_zm =   0.1077; f = 298.7946
Predicted improvement:        0.002821873
lambda =          1; f =          298.7917116
Norm of dx  0.0011271
Done for param sigma_gm =   0.1241; f = 298.7917
Sequence of univariate steps!!
Actual dxnorm 0.17484
FVAL          298.7917
Improvement   0.011445
Ftol          1e-05
Htol          1e-05
Elapsed time for iteration 0.67362 s.
 
Iteration 15
Correct for low angle: 0.000230516
Predicted improvement:      470.853031985
lambda =          1; f =    155771457.4911802
lambda =    0.33333; f =     17303591.9286786
lambda =    0.11111; f =      1921350.1942970
lambda =   0.037037; f =       213237.7199629
lambda =   0.012346; f =        23789.2280922
lambda =  0.0041152; f =         2852.9307913
lambda =  0.0013717; f =          564.4069767
lambda = 0.00045725; f =          322.7036999
lambda = 0.00015242; f =          300.0401626
lambda = 5.0805e-05; f =          298.8350898
lambda = 1.6935e-05; f =          298.7943350
lambda =  5.645e-06; f =          298.8952285
lambda = 1.8817e-06; f =          298.8023202
lambda = 6.2723e-07; f =          298.7925133
lambda = 2.0908e-07; f =          298.7916702
lambda = 6.9692e-08; f =          298.7916633
lambda = 1.3473e-07; f =          298.7916494
Norm of dx      15189
Correct for low angle: 0.000830269
Predicted improvement:        1.210615164
lambda =          1; f =          298.8226243
lambda =    0.33333; f =          339.4337080
lambda =    0.11111; f =          303.8419405
lambda =   0.037037; f =          299.3192081
lambda =   0.012346; f =          298.8323509
lambda =  0.0041152; f =          298.7899492
lambda =  0.0013717; f =          298.7893769
Norm of dx     39.074
Predicted improvement:        0.000301380
lambda =          1; f =          298.7890747
Norm of dx    0.58082
Done for param phi = 136.5191; f = 298.7891
Predicted improvement:        0.000814195
lambda =          1; f =          298.7882608
Norm of dx  0.0025322
Done for param gamma_I =   0.2240; f = 298.7883
Predicted improvement:        0.000026138
lambda =          1; f =          298.7882347
Norm of dx 0.00016211
Done for param delta =   0.2115; f = 298.7882
Predicted improvement:        0.000683880
lambda =          1; f =          298.7875485
Norm of dx 0.00023714
Done for param rho_xi =   0.9181; f = 298.7875
Predicted improvement:        0.000016177
lambda =          1; f =          298.7875323
Norm of dx  0.0012291
Done for param rho_theta =   0.8807; f = 298.7875
Predicted improvement:        0.000074014
lambda =          1; f =          298.7874591
Norm of dx  0.0027062
Done for param rho_z =   0.8803; f = 298.7875
Predicted improvement:        0.000562501
lambda =          1; f =          298.7868966
Norm of dx  0.0010328
Done for param rho_g =   0.1632; f = 298.7869
Predicted improvement:        0.002590187
lambda =          1; f =          298.7842881
Norm of dx  0.0068248
Done for param rho_gm =   0.1445; f = 298.7843
Predicted improvement:        0.000842656
lambda =          1; f =          298.7834476
Norm of dx  0.0066493
Done for param sigma_xi =   2.7255; f = 298.7834
Predicted improvement:        0.000376496
lambda =          1; f =          298.7830708
Norm of dx  0.0033747
Done for param sigma_z =   0.0152; f = 298.7831
Predicted improvement:        0.000265001
lambda =          1; f =          298.7828055
Norm of dx 0.00093494
Done for param sigma_g =   0.7806; f = 298.7828
Predicted improvement:        0.000690703
lambda =          1; f =          298.7821149
Norm of dx 0.00051828
Done for param sigma_zm =   0.1071; f = 298.7821
Predicted improvement:        0.002270903
lambda =          1; f =          298.7798311
Norm of dx  0.0010213
Done for param sigma_gm =   0.1251; f = 298.7798
Sequence of univariate steps!!
Actual dxnorm 0.63444
FVAL          298.7798
Improvement   0.01188
Ftol          1e-05
Htol          1e-05
Elapsed time for iteration 0.50646 s.
 
Iteration 16
Correct for low angle: 0.00011309
Predicted improvement:      932.997669753
lambda =          1; f =    528954289.2135263
lambda =    0.33333; f =     58770738.0949911
lambda =    0.11111; f =      6529606.6266145
lambda =   0.037037; f =       725531.5273969
lambda =   0.012346; f =        80799.2375110
lambda =  0.0041152; f =         9217.1765682
lambda =  0.0013717; f =         1281.5108886
lambda = 0.00045725; f =          405.6978766
lambda = 0.00015242; f =          310.3408762
lambda = 5.0805e-05; f =          300.0243847
lambda = 1.6935e-05; f =          298.9052011
lambda =  5.645e-06; f =          298.7898785
lambda = 1.8817e-06; f =          298.7800752
lambda = 6.2723e-07; f =          298.7894052
lambda = 2.0908e-07; f =          298.7806293
lambda = 6.9692e-08; f =          298.7798329
lambda = 2.3231e-08; f =          298.7798024
Norm of dx      32215
Correct for low angle: 0.00130413
Predicted improvement:       44.184278935
lambda =          1; f =      1556337.6847588
lambda =    0.33333; f =       172702.7825558
lambda =    0.11111; f =        19292.5859872
lambda =   0.037037; f =         2355.6311956
lambda =   0.012346; f =          509.9208287
lambda =  0.0041152; f =          316.8997320
lambda =  0.0013717; f =          299.4722211
lambda = 0.00045725; f =          298.8557343
lambda = 0.00015242; f =          298.7799841
lambda = 5.0805e-05; f =          298.8365543
lambda = 1.6935e-05; f =          298.7853309
lambda =  5.645e-06; f =          298.7801394
lambda = 1.8817e-06; f =          298.7797427
Norm of dx     1527.1
Predicted improvement:        0.000106057
lambda =          1; f =          298.7796368
Norm of dx 0.00088731
Done for param gamma_m =   0.6186; f = 298.7796
Predicted improvement:        0.000986463
lambda =          1; f =          298.7786504
Norm of dx  0.0027792
Done for param gamma_I =   0.2212; f = 298.7787
Predicted improvement:        0.000025479
lambda =          1; f =          298.7786249
Norm of dx 0.00015965
Done for param delta =   0.2113; f = 298.7786
Predicted improvement:        0.000883920
lambda =          1; f =          298.7777375
Norm of dx 0.00026927
Done for param rho_xi =   0.9179; f = 298.7777
Predicted improvement:        0.000035591
lambda =          1; f =          298.7777017
Norm of dx   0.001815
Done for param rho_theta =   0.8806; f = 298.7777
Predicted improvement:        0.000029999
lambda =          1; f =          298.7776719
Norm of dx  0.0017113
Done for param rho_z =   0.8796; f = 298.7777
Predicted improvement:        0.000719202
lambda =          1; f =          298.7769526
Norm of dx  0.0011668
Done for param rho_g =   0.1620; f = 298.7770
Predicted improvement:        0.002534757
lambda =          1; f =          298.7744021
Norm of dx  0.0067557
Done for param rho_gm =   0.1378; f = 298.7744
Predicted improvement:        0.000645523
lambda =          1; f =          298.7737580
Norm of dx  0.0057822
Done for param sigma_xi =   2.7197; f = 298.7738
Predicted improvement:        0.000012401
lambda =          1; f =          298.7737456
Norm of dx 0.00061117
Done for param sigma_z =   0.0151; f = 298.7737
Predicted improvement:        0.000285985
lambda =          1; f =          298.7734592
Norm of dx 0.00097211
Done for param sigma_g =   0.7815; f = 298.7735
Predicted improvement:        0.000959321
lambda =          1; f =          298.7725001
Norm of dx 0.00061345
Done for param sigma_zm =   0.1065; f = 298.7725
Predicted improvement:        0.002012664
lambda =          1; f =          298.7704766
Norm of dx 0.00096925
Done for param sigma_gm =   0.1261; f = 298.7705
Sequence of univariate steps!!
Actual dxnorm 0.0096054
FVAL          298.7705
Improvement   0.0093545
Ftol          1e-05
Htol          1e-05
Elapsed time for iteration 0.50342 s.
 
Iteration 17
Correct for low angle: 0.000159288
Predicted improvement:      670.078758156
lambda =          1; f =    396795194.3041079
lambda =    0.33333; f =     44080783.5350375
lambda =    0.11111; f =      4895519.2011391
lambda =   0.037037; f =       543342.8025103
lambda =   0.012346; f =        60348.2028793
lambda =  0.0041152; f =         6875.4177149
lambda =  0.0013717; f =          998.1388708
lambda = 0.00045725; f =          366.4802250
lambda = 0.00015242; f =          303.4200433
lambda = 5.0805e-05; f =          298.7880605
lambda = 1.6935e-05; f =          298.7783663
lambda =  5.645e-06; f =          298.9459396
lambda = 1.8817e-06; f =          298.7879978
lambda = 6.2723e-07; f =          298.7719542
lambda = 2.0908e-07; f =          298.7704589
lambda = 6.9692e-08; f =          298.7704126
Norm of dx      23424
Correct for low angle: 0.00021945
Predicted improvement:      252.337989622
lambda =          1; f =     56688647.8913829
lambda =    0.33333; f =      6296048.8721264
lambda =    0.11111; f =       698842.4775934
lambda =   0.037037; f =        77587.7048533
lambda =   0.012346; f =         8778.2166701
lambda =  0.0041152; f =         1205.3321422
lambda =  0.0013717; f =          388.0903547
lambda = 0.00045725; f =          305.3488811
lambda = 0.00015242; f =          298.8430962
lambda = 5.0805e-05; f =          298.7838068
lambda = 1.6935e-05; f =          299.0028602
lambda =  5.645e-06; f =          298.7939672
lambda = 1.8817e-06; f =          298.7729023
lambda = 6.2723e-07; f =          298.7706152
lambda = 2.0908e-07; f =          298.7704085
lambda = 6.9692e-08; f =          298.7704032
lambda = 2.3231e-08; f =          298.7704086
Norm of dx     8826.8
Predicted improvement:        0.000053262
lambda =          1; f =          298.7703500
Norm of dx 0.00062681
Done for param gamma_m =   0.6193; f = 298.7704
Predicted improvement:        0.001115027
lambda =          1; f =          298.7692361
Norm of dx  0.0029439
Done for param gamma_I =   0.2182; f = 298.7692
Predicted improvement:        0.000046123
lambda =          1; f =          298.7691899
Norm of dx 0.00021448
Done for param delta =   0.2111; f = 298.7692
Predicted improvement:        0.000844980
lambda =          1; f =          298.7683417
Norm of dx 0.00026302
Done for param rho_xi =   0.9176; f = 298.7683
Predicted improvement:        0.000015470
lambda =          1; f =          298.7683262
Norm of dx  0.0012023
Done for param rho_theta =   0.8806; f = 298.7683
Predicted improvement:        0.000032780
lambda =          1; f =          298.7682936
Norm of dx  0.0017899
Done for param rho_z =   0.8795; f = 298.7683
Predicted improvement:        0.000846459
lambda =          1; f =          298.7674471
Norm of dx  0.0012645
Done for param rho_g =   0.1608; f = 298.7674
Predicted improvement:        0.002192069
lambda =          1; f =          298.7652438
Norm of dx  0.0062837
Done for param rho_gm =   0.1315; f = 298.7652
Predicted improvement:        0.000544014
lambda =          1; f =          298.7647009
Norm of dx  0.0052749
Done for param sigma_xi =   2.7144; f = 298.7647
Predicted improvement:        0.000324556
lambda =          1; f =          298.7643759
Norm of dx  0.0010364
Done for param sigma_g =   0.7826; f = 298.7644
Predicted improvement:        0.001115544
lambda =          1; f =          298.7632605
Norm of dx 0.00066463
Done for param sigma_zm =   0.1058; f = 298.7633
Predicted improvement:        0.001767806
lambda =          1; f =          298.7614838
Norm of dx  0.0009153
Done for param sigma_gm =   0.1270; f = 298.7615
Sequence of univariate steps!!
Actual dxnorm 0.0089707
FVAL          298.7615
Improvement   0.0089928
Ftol          1e-05
Htol          1e-05
Elapsed time for iteration 0.52893 s.
 
Iteration 18
Correct for low angle: 0.000182562
Predicted improvement:      580.743428932
lambda =          1; f =    309717497.7566208
lambda =    0.33333; f =     34406414.4500933
lambda =    0.11111; f =      3820899.4628553
lambda =   0.037037; f =       424043.9810684
lambda =   0.012346; f =        47127.2255015
lambda =  0.0041152; f =         5417.8428914
lambda =  0.0013717; f =          839.9831440
lambda = 0.00045725; f =          350.1673180
lambda = 0.00015242; f =          302.0217563
lambda = 5.0805e-05; f =          298.7650558
lambda = 1.6935e-05; f =          298.7615728
lambda =  5.645e-06; f =          298.8890231
lambda = 1.8817e-06; f =          298.7743115
lambda = 6.2723e-07; f =          298.7624850
lambda = 2.0908e-07; f =          298.7614363
lambda = 6.9692e-08; f =          298.7614247
lambda = 1.3473e-07; f =          298.7614087
Norm of dx      20722
Correct for low angle: 2.49169e-05
Predicted improvement:     1016.258353522
lambda =          1; f =    972571835.0144658
lambda =    0.33333; f =    108051570.5983910
lambda =    0.11111; f =     12001919.2768268
lambda =   0.037037; f =      1332454.4085789
lambda =   0.012346; f =       147864.4899069
lambda =  0.0041152; f =        16545.3630070
lambda =  0.0013717; f =         2054.5936672
lambda = 0.00045725; f =          477.8612466
lambda = 0.00015242; f =          313.7864426
lambda = 5.0805e-05; f =          299.2618046
lambda = 1.6935e-05; f =          298.7999582
lambda =  5.645e-06; f =          299.3299070
lambda = 1.8817e-06; f =          298.8068864
lambda = 6.2723e-07; f =          298.7667224
lambda = 2.0908e-07; f =          298.7620259
lambda = 6.9692e-08; f =          298.7614816
lambda = 2.3231e-08; f =          298.7614181
lambda = 7.7435e-09; f =          298.7614101
lambda = 2.5812e-09; f =          298.7614090

lambda =

  -6.2723e-07

lambda = -6.2723e-07; f =          298.7671810
lambda = -2.0908e-07; f =          298.7620131
lambda = -6.9692e-08; f =          298.7614714
lambda = -2.3231e-08; f =          298.7614144
lambda = -7.7435e-09; f =          298.7614089
lambda = -2.5812e-09; f =          298.7614086
Norm of dx      36285
Predicted improvement:        0.000021668
lambda =          1; f =          298.7613869
Norm of dx    0.15496
Done for param phi = 136.6744; f = 298.7614
Predicted improvement:        0.000054616
lambda =          1; f =          298.7613324
Norm of dx  0.0006331
Done for param gamma_m =   0.6199; f = 298.7613
Predicted improvement:        0.001242520
lambda =          1; f =          298.7600906
Norm of dx  0.0030924
Done for param gamma_I =   0.2151; f = 298.7601
Predicted improvement:        0.000045485
lambda =          1; f =          298.7600451
Norm of dx  0.0002127
Done for param delta =   0.2109; f = 298.7600
Predicted improvement:        0.000837718
lambda =          1; f =          298.7592042
Norm of dx 0.00026158
Done for param rho_xi =   0.9173; f = 298.7592
Predicted improvement:        0.000019992
lambda =          1; f =          298.7591841
Norm of dx   0.001365
Done for param rho_theta =   0.8806; f = 298.7592
Predicted improvement:        0.000051539
lambda =          1; f =          298.7591330
Norm of dx  0.0022515
Done for param rho_z =   0.8794; f = 298.7591
Predicted improvement:        0.001010315
lambda =          1; f =          298.7581227
Norm of dx  0.0013803
Done for param rho_g =   0.1594; f = 298.7581
Predicted improvement:        0.001865122
lambda =          1; f =          298.7562499
Norm of dx  0.0057909
Done for param rho_gm =   0.1257; f = 298.7562
Predicted improvement:        0.000464389
lambda =          1; f =          298.7557864
Norm of dx  0.0048436
Done for param sigma_xi =   2.7096; f = 298.7558
Predicted improvement:        0.000360669
lambda =          1; f =          298.7554251
Norm of dx  0.0010936
Done for param sigma_g =   0.7837; f = 298.7554
Predicted improvement:        0.001292833
lambda =          1; f =          298.7541325
Norm of dx 0.00071893
Done for param sigma_zm =   0.1051; f = 298.7541
Predicted improvement:        0.001558812
lambda =          1; f =          298.7525663
Norm of dx  0.0008656
Done for param sigma_gm =   0.1279; f = 298.7526
Sequence of univariate steps!!
Actual dxnorm 0.15521
FVAL          298.7526
Improvement   0.0089175
Ftol          1e-05
Htol          1e-05
Elapsed time for iteration 0.57826 s.
 
Iteration 19
Correct for low angle: 0.000179753
Predicted improvement:      585.091570956
lambda =          1; f =    315729115.2830648
lambda =    0.33333; f =     35074730.3452703
lambda =    0.11111; f =      3895276.2408257
lambda =   0.037037; f =       432347.8849338
lambda =   0.012346; f =        48063.1514667
lambda =  0.0041152; f =         5526.2612037
lambda =  0.0013717; f =          853.5003811
lambda = 0.00045725; f =          352.1541656
lambda = 0.00015242; f =          302.3988410
lambda = 5.0805e-05; f =          298.8521917
lambda = 1.6935e-05; f =          298.7616363
lambda =  5.645e-06; f =          298.7530402
lambda = 1.8817e-06; f =          298.7689101
lambda = 6.2723e-07; f =          298.7539233
lambda = 2.0908e-07; f =          298.7525553
lambda = 6.9692e-08; f =          298.7525108
Norm of dx      21135
Correct for low angle: 4.35718e-05
Predicted improvement:      947.004710210
lambda =          1; f =    882788354.9851891
lambda =    0.33333; f =     98076192.0466687
lambda =    0.11111; f =     10893731.7670110
lambda =   0.037037; f =      1209385.0848862
lambda =   0.012346; f =       134210.9892953
lambda =  0.0041152; f =        15035.2407015
lambda =  0.0013717; f =         1889.0971773
lambda = 0.00045725; f =          460.2336496
lambda = 0.00015242; f =          312.0773974
lambda = 5.0805e-05; f =          299.1510456
lambda = 1.6935e-05; f =          298.7812168
lambda =  5.645e-06; f =          299.1743920
lambda = 1.8817e-06; f =          298.7908146
lambda = 6.2723e-07; f =          298.7565922
lambda = 2.0908e-07; f =          298.7528385
lambda = 6.9692e-08; f =          298.7525009
lambda = 2.3231e-08; f =          298.7524940
Norm of dx      34235
Predicted improvement:        0.000029858
lambda =          1; f =          298.7524642
Norm of dx    0.18137
Done for param phi = 136.8558; f = 298.7525
Predicted improvement:        0.000044847
lambda =          1; f =          298.7524194
Norm of dx 0.00057193
Done for param gamma_m =   0.6205; f = 298.7524
Predicted improvement:        0.001298175
lambda =          1; f =          298.7511219
Norm of dx  0.0031439
Done for param gamma_I =   0.2120; f = 298.7511
Predicted improvement:        0.000066157
lambda =          1; f =          298.7510557
Norm of dx 0.00025611
Done for param delta =   0.2106; f = 298.7511
Predicted improvement:        0.000802151
lambda =          1; f =          298.7502505
Norm of dx 0.00025564
Done for param rho_xi =   0.9170; f = 298.7503
Predicted improvement:        0.000030626
lambda =          1; f =          298.7502200
Norm of dx  0.0017294
Done for param rho_z =   0.8793; f = 298.7502
Predicted improvement:        0.001173705
lambda =          1; f =          298.7490463
Norm of dx  0.0014866
Done for param rho_g =   0.1579; f = 298.7490
Predicted improvement:        0.001592489
lambda =          1; f =          298.7474490
Norm of dx  0.0053406
Done for param rho_gm =   0.1204; f = 298.7474
Predicted improvement:        0.000398752
lambda =          1; f =          298.7470509
Norm of dx  0.0044609
Done for param sigma_xi =   2.7051; f = 298.7471
Predicted improvement:        0.000398333
lambda =          1; f =          298.7466519
Norm of dx  0.0011505
Done for param sigma_g =   0.7848; f = 298.7467
Predicted improvement:        0.001430271
lambda =          1; f =          298.7452217
Norm of dx 0.00076005
Done for param sigma_zm =   0.1043; f = 298.7452
Predicted improvement:        0.001352510
lambda =          1; f =          298.7438632
Norm of dx 0.00081163
Done for param sigma_gm =   0.1287; f = 298.7439
Sequence of univariate steps!!
Actual dxnorm 0.18156
FVAL          298.7439
Improvement   0.0087031
Ftol          1e-05
Htol          1e-05
Elapsed time for iteration 0.51596 s.
 
Iteration 20
Correct for low angle: 0.000385944
Predicted improvement:      271.148535520
lambda =          1; f =     62363656.5537928
lambda =    0.33333; f =      6926743.0853832
lambda =    0.11111; f =       768965.5035131
lambda =   0.037037; f =        85394.4452338
lambda =   0.012346; f =         9650.7516085
lambda =  0.0041152; f =         1303.9792759
lambda =  0.0013717; f =          399.6031204
lambda = 0.00045725; f =          306.7978784
lambda = 0.00015242; f =          299.0465173
lambda = 5.0805e-05; f =          298.7674222
lambda = 1.6935e-05; f =          298.7449734
lambda =  5.645e-06; f =          298.7929749
lambda = 1.8817e-06; f =          298.7486829
lambda = 6.2723e-07; f =          298.7441741
lambda = 2.0908e-07; f =          298.7438223
Norm of dx     9926.2
Correct for low angle: 0.00129618
Predicted improvement:        0.783789458
lambda =          1; f =          954.4888040
lambda =    0.33333; f =          361.9526605
lambda =    0.11111; f =          303.0076825
lambda =   0.037037; f =          298.7544867
lambda =   0.012346; f =          299.3059850
lambda =  0.0041152; f =          298.8277220
lambda =  0.0013717; f =          298.7548181
lambda = 0.00045725; f =          298.7449794
lambda = 0.00015242; f =          298.7438914
lambda = 5.0805e-05; f =          298.7438084
lambda = 1.6935e-05; f =          298.7438135
Norm of dx     28.727
Predicted improvement:        0.000041010
lambda =          1; f =          298.7437674
Norm of dx    0.21194
Done for param phi = 137.0683; f = 298.7438
Predicted improvement:        0.000039213
lambda =          1; f =          298.7437282
Norm of dx 0.00053309
Done for param gamma_m =   0.6210; f = 298.7437
Predicted improvement:        0.001325655
lambda =          1; f =          298.7424040
Norm of dx  0.0031595
Done for param gamma_I =   0.2088; f = 298.7424
Predicted improvement:        0.000087059
lambda =          1; f =          298.7423169
Norm of dx 0.00029333
Done for param delta =   0.2104; f = 298.7423
Predicted improvement:        0.000739626
lambda =          1; f =          298.7415745
Norm of dx 0.00024513
Done for param rho_xi =   0.9168; f = 298.7416
Predicted improvement:        0.000047096
lambda =          1; f =          298.7415269
Norm of dx  0.0020836
Done for param rho_theta =   0.8806; f = 298.7415
Predicted improvement:        0.000092359
lambda =          1; f =          298.7414358
Norm of dx  0.0030302
Done for param rho_z =   0.8795; f = 298.7414
Predicted improvement:        0.001329480
lambda =          1; f =          298.7401063
Norm of dx   0.001581
Done for param rho_g =   0.1563; f = 298.7401
Predicted improvement:        0.001343375
lambda =          1; f =          298.7387603
Norm of dx  0.0048912
Done for param rho_gm =   0.1155; f = 298.7388
Predicted improvement:        0.000349148
lambda =          1; f =          298.7384117
Norm of dx  0.0041491
Done for param sigma_xi =   2.7010; f = 298.7384
Predicted improvement:        0.000431373
lambda =          1; f =          298.7379795
Norm of dx  0.0011985
Done for param sigma_g =   0.7860; f = 298.7380
Predicted improvement:        0.001545791
lambda =          1; f =          298.7364337
Norm of dx 0.00079441
Done for param sigma_zm =   0.1035; f = 298.7364
Predicted improvement:        0.001160436
lambda =          1; f =          298.7352685
Norm of dx 0.00075641
Done for param sigma_gm =   0.1295; f = 298.7353
Sequence of univariate steps!!
Actual dxnorm 0.21265
FVAL          298.7353
Improvement   0.0085947
Ftol          1e-05
Htol          1e-05
Elapsed time for iteration 0.55376 s.
 
Iteration 21
Correct for low angle: 0.000213043
Predicted improvement:      488.715949848
lambda =          1; f =    232760956.5380336
lambda =    0.33333; f =     25856597.3728365
lambda =    0.11111; f =      2871222.9990056
lambda =   0.037037; f =       318625.4219894
lambda =   0.012346; f =        35447.7200561
lambda =  0.0041152; f =         4131.2684917
lambda =  0.0013717; f =          700.7284027
lambda = 0.00045725; f =          335.9117607
lambda = 0.00015242; f =          300.8280713
lambda = 5.0805e-05; f =          298.7359247
lambda = 1.6935e-05; f =          298.7373346
lambda =  5.645e-06; f =          298.8332047
lambda = 1.8817e-06; f =          298.7450762
lambda = 6.2723e-07; f =          298.7359907
lambda = 2.0908e-07; f =          298.7352145
lambda = 6.9692e-08; f =          298.7352171
lambda = 1.3473e-07; f =          298.7351994
Norm of dx      18118
Correct for low angle: 6.43527e-05
Predicted improvement:      801.379399684
lambda =          1; f =    644530128.9616852
lambda =    0.33333; f =     71604762.3374279
lambda =    0.11111; f =      7953030.6222275
lambda =   0.037037; f =       882830.1050660
lambda =   0.012346; f =        97990.2847461
lambda =  0.0041152; f =        11031.7152630
lambda =  0.0013717; f =         1451.2278165
lambda = 0.00045725; f =          413.8926775
lambda = 0.00015242; f =          307.6877063
lambda = 5.0805e-05; f =          298.9053169
lambda = 1.6935e-05; f =          298.7563260
lambda =  5.645e-06; f =          299.0525879
lambda = 1.8817e-06; f =          298.7660491
lambda = 6.2723e-07; f =          298.7387386
lambda = 2.0908e-07; f =          298.7355915
lambda = 6.9692e-08; f =          298.7352400
lambda = 2.3231e-08; f =          298.7352028
lambda = 7.7435e-09; f =          298.7351994
lambda = 2.5812e-09; f =          298.7351992
Norm of dx      29768
Predicted improvement:        0.000016204
lambda =          1; f =          298.7351830
Norm of dx 6.0882e-05
Done for param stderr obs_r =   0.2131; f = 298.7352
Predicted improvement:        0.000043270
lambda =          1; f =          298.7351397
Norm of dx    0.21709
Done for param phi = 137.2854; f = 298.7351
Predicted improvement:        0.000040486
lambda =          1; f =          298.7350993
Norm of dx 0.00053991
Done for param gamma_m =   0.6215; f = 298.7351
Predicted improvement:        0.001322108
lambda =          1; f =          298.7337777
Norm of dx  0.0031348
Done for param gamma_I =   0.2057; f = 298.7338
Predicted improvement:        0.000114632
lambda =          1; f =          298.7336630
Norm of dx 0.00033604
Done for param delta =   0.2100; f = 298.7337
Predicted improvement:        0.000696956
lambda =          1; f =          298.7329636
Norm of dx 0.00023758
Done for param rho_xi =   0.9165; f = 298.7330
Predicted improvement:        0.000019694
lambda =          1; f =          298.7329439
Norm of dx  0.0013551
Done for param rho_theta =   0.8806; f = 298.7329
Predicted improvement:        0.000043187
lambda =          1; f =          298.7329011
Norm of dx  0.0020584
Done for param rho_z =   0.8795; f = 298.7329
Predicted improvement:        0.001487339
lambda =          1; f =          298.7314136
Norm of dx   0.001671
Done for param rho_g =   0.1546; f = 298.7314
Predicted improvement:        0.001152747
lambda =          1; f =          298.7302595
Norm of dx  0.0045142
Done for param rho_gm =   0.1109; f = 298.7303
Predicted improvement:        0.000303493
lambda =          1; f =          298.7299565
Norm of dx  0.0038454
Done for param sigma_xi =   2.6971; f = 298.7300
Predicted improvement:        0.000457124
lambda =          1; f =          298.7294986
Norm of dx  0.0012352
Done for param sigma_g =   0.7872; f = 298.7295
Predicted improvement:        0.001682888
lambda =          1; f =          298.7278155
Norm of dx 0.00083361
Done for param sigma_zm =   0.1027; f = 298.7278
Predicted improvement:        0.000965895
lambda =          1; f =          298.7268459
Norm of dx 0.00069407
Done for param sigma_gm =   0.1302; f = 298.7268
Sequence of univariate steps!!
Actual dxnorm 0.21721
FVAL          298.7268
Improvement   0.0084225
Ftol          1e-05
Htol          1e-05
Elapsed time for iteration 0.50057 s.
 
Iteration 22
Correct for low angle: 0.000239438
Predicted improvement:      433.106662933
lambda =          1; f =    187616295.4692468
lambda =    0.33333; f =     20841153.9163317
lambda =    0.11111; f =      2314161.4858216
lambda =   0.037037; f =       256799.6812648
lambda =   0.012346; f =        28601.5132881
lambda =  0.0041152; f =         3378.3008928
lambda =  0.0013717; f =          619.6335799
lambda = 0.00045725; f =          327.7522507
lambda = 0.00015242; f =          300.2000789
lambda = 5.0805e-05; f =          298.7300315
lambda = 1.6935e-05; f =          298.7269216
lambda =  5.645e-06; f =          298.8028141
lambda = 1.8817e-06; f =          298.7344678
lambda = 6.2723e-07; f =          298.7273615
lambda = 2.0908e-07; f =          298.7267839
Norm of dx      16188
Correct for low angle: 3.50912e-05
Predicted improvement:     1040.453561249
lambda =          1; f =   1117046396.8090897
lambda =    0.33333; f =    124103429.4821982
lambda =    0.11111; f =     13785169.0545652
lambda =   0.037037; f =      1530496.5432798
lambda =   0.012346; f =       169836.9142687
lambda =  0.0041152; f =        18975.9930415
lambda =  0.0013717; f =         2321.0742786
lambda = 0.00045725; f =          506.2527140
lambda = 0.00015242; f =          316.5141951
lambda = 5.0805e-05; f =          299.4015779
lambda = 1.6935e-05; f =          298.7752323
lambda =  5.645e-06; f =          299.5672675
lambda = 1.8817e-06; f =          298.7800234
lambda = 6.2723e-07; f =          298.7332101
lambda = 2.0908e-07; f =          298.7276052
lambda = 6.9692e-08; f =          298.7269056
lambda = 2.3231e-08; f =          298.7268073
lambda = 7.7435e-09; f =          298.7267898
lambda = 2.5812e-09; f =          298.7267856

lambda =

  -6.2723e-07

lambda = -6.2723e-07; f =          298.7330854
lambda = -2.0908e-07; f =          298.7273634
lambda = -6.9692e-08; f =          298.7268177
lambda = -2.3231e-08; f =          298.7267777
Norm of dx      38917
Predicted improvement:        0.000046422
lambda =          1; f =          298.7267313
Norm of dx    0.22421
Done for param phi = 137.5096; f = 298.7267
Predicted improvement:        0.000010554
lambda =          1; f =          298.7267207
Norm of dx 0.00032717
Done for param alpha_y =   0.0918; f = 298.7267
Predicted improvement:        0.000046498
lambda =          1; f =          298.7266743
Norm of dx 0.00057653
Done for param gamma_m =   0.6221; f = 298.7267
Predicted improvement:        0.001430120
lambda =          1; f =          298.7252452
Norm of dx  0.0032392
Done for param gamma_I =   0.2025; f = 298.7252
Predicted improvement:        0.000123130
lambda =          1; f =          298.7251219
Norm of dx 0.00034773
Done for param delta =   0.2097; f = 298.7251
Predicted improvement:        0.000633261
lambda =          1; f =          298.7244865
Norm of dx 0.00022608
Done for param rho_xi =   0.9163; f = 298.7245
Predicted improvement:        0.000016755
lambda =          1; f =          298.7244698
Norm of dx  0.0012508
Done for param rho_theta =   0.8806; f = 298.7245
Predicted improvement:        0.000041012
lambda =          1; f =          298.7244291
Norm of dx  0.0020052
Done for param rho_z =   0.8794; f = 298.7244
Predicted improvement:        0.001639825
lambda =          1; f =          298.7227893
Norm of dx  0.0017538
Done for param rho_g =   0.1529; f = 298.7228
Predicted improvement:        0.000989906
lambda =          1; f =          298.7217990
Norm of dx  0.0041638
Done for param rho_gm =   0.1068; f = 298.7218
Predicted improvement:        0.000262477
lambda =          1; f =          298.7215369
Norm of dx  0.0035552
Done for param sigma_xi =   2.6936; f = 298.7215
Predicted improvement:        0.000513931
lambda =          1; f =          298.7210219
Norm of dx  0.0013112
Done for param sigma_g =   0.7886; f = 298.7210
Predicted improvement:        0.001747685
lambda =          1; f =          298.7192738
Norm of dx 0.00085432
Done for param sigma_zm =   0.1018; f = 298.7193
Predicted improvement:        0.000805093
lambda =          1; f =          298.7184660
Norm of dx 0.00063686
Done for param sigma_gm =   0.1308; f = 298.7185
Sequence of univariate steps!!
Actual dxnorm 0.22432
FVAL          298.7185
Improvement   0.0083799
Ftol          1e-05
Htol          1e-05
Elapsed time for iteration 0.55975 s.
 
Iteration 23
Correct for low angle: 0.000245961
Predicted improvement:      420.928460341
lambda =          1; f =    160304776.7987383
lambda =    0.33333; f =     17807581.7201244
lambda =    0.11111; f =      1977444.8955479
lambda =   0.037037; f =       219502.3816575
lambda =   0.012346; f =        24495.9176161
lambda =  0.0041152; f =         2934.9624582
lambda =  0.0013717; f =          574.6485994
lambda = 0.00045725; f =          324.1741101
lambda = 0.00015242; f =          300.2711467
lambda = 5.0805e-05; f =          298.8147079
lambda = 1.6935e-05; f =          298.7258245
lambda =  5.645e-06; f =          298.7185862
lambda = 1.8817e-06; f =          298.7331627
lambda = 6.2723e-07; f =          298.7197509
lambda = 2.0908e-07; f =          298.7184915
lambda = 6.9692e-08; f =          298.7184297
Norm of dx      15982
Correct for low angle: 3.6123e-05
Predicted improvement:     1038.796539217
lambda =          1; f =   1188405585.8516536
lambda =    0.33333; f =    132031786.3343268
lambda =    0.11111; f =     14665950.2836261
lambda =   0.037037; f =      1628312.0199094
lambda =   0.012346; f =       180688.9282035
lambda =  0.0041152; f =        20176.3173403
lambda =  0.0013717; f =         2452.6262573
lambda = 0.00045725; f =          520.2609500
lambda = 0.00015242; f =          317.8649276
lambda = 5.0805e-05; f =          299.4802253
lambda = 1.6935e-05; f =          298.7618990
lambda =  5.645e-06; f =          299.3989490
lambda = 1.8817e-06; f =          298.7691784
lambda = 6.2723e-07; f =          298.7239270
lambda = 2.0908e-07; f =          298.7188971
lambda = 6.9692e-08; f =          298.7184270
lambda = 2.3231e-08; f =          298.7184109
Norm of dx      39521
Predicted improvement:        0.000015978
lambda =          1; f =          298.7183949
Norm of dx 6.0454e-05
Done for param stderr obs_r =   0.2132; f = 298.7184
Predicted improvement:        0.000052086
lambda =          1; f =          298.7183428
Norm of dx    0.23675
Done for param phi = 137.7464; f = 298.7183
Predicted improvement:        0.000013452
lambda =          1; f =          298.7183294
Norm of dx 0.00094346
Done for param alpha_pi =   2.4287; f = 298.7183
Predicted improvement:        0.000010699
lambda =          1; f =          298.7183187
Norm of dx  0.0003267
Done for param alpha_y =   0.0915; f = 298.7183
Predicted improvement:        0.000048657
lambda =          1; f =          298.7182701
Norm of dx  0.0005875
Done for param gamma_m =   0.6227; f = 298.7183
Predicted improvement:        0.001434745
lambda =          1; f =          298.7168366
Norm of dx  0.0032222
Done for param gamma_I =   0.1992; f = 298.7168
Predicted improvement:        0.000150172
lambda =          1; f =          298.7166862
Norm of dx 0.00038336
Done for param delta =   0.2093; f = 298.7167
Predicted improvement:        0.000641469
lambda =          1; f =          298.7160426
Norm of dx 0.00022708
Done for param rho_xi =   0.9161; f = 298.7160
Predicted improvement:        0.000011857
lambda =          1; f =          298.7160308
Norm of dx  0.0010539
Done for param rho_theta =   0.8805; f = 298.7160
Predicted improvement:        0.000027718
lambda =          1; f =          298.7160033
Norm of dx  0.0016443
Done for param rho_z =   0.8795; f = 298.7160
Predicted improvement:        0.001798612
lambda =          1; f =          298.7142046
Norm of dx  0.0018358
Done for param rho_g =   0.1511; f = 298.7142
Predicted improvement:        0.000872920
lambda =          1; f =          298.7133319
Norm of dx  0.0038893
Done for param rho_gm =   0.1029; f = 298.7133
Predicted improvement:        0.000226544
lambda =          1; f =          298.7131056
Norm of dx  0.0032838
Done for param sigma_xi =   2.6903; f = 298.7131
Predicted improvement:        0.000542321
lambda =          1; f =          298.7125622
Norm of dx  0.0013486
Done for param sigma_g =   0.7899; f = 298.7126
Predicted improvement:        0.001911346
lambda =          1; f =          298.7106502
Norm of dx 0.00089887
Done for param sigma_zm =   0.1009; f = 298.7107
Predicted improvement:        0.000643808
lambda =          1; f =          298.7100044
Norm of dx 0.00057218
Done for param sigma_gm =   0.1314; f = 298.7100
Sequence of univariate steps!!
Actual dxnorm 0.23685
FVAL          298.71
Improvement   0.0084616
Ftol          1e-05
Htol          1e-05
Elapsed time for iteration 0.63389 s.
 
Iteration 24
Correct for low angle: 0.000275062
Predicted improvement:      374.560661019
lambda =          1; f =    141452732.1063899
lambda =    0.33333; f =     15712566.2681813
lambda =    0.11111; f =      1744550.7734944
lambda =   0.037037; f =       193587.0382514
lambda =   0.012346; f =        21603.6769116
lambda =  0.0041152; f =         2609.3040089
lambda =  0.0013717; f =          537.0263409
lambda = 0.00045725; f =          319.5093367
lambda = 0.00015242; f =          299.5861374
lambda = 5.0805e-05; f =          298.7108928
lambda = 1.6935e-05; f =          298.7101419
lambda =  5.645e-06; f =          298.7691116
lambda = 1.8817e-06; f =          298.7158135
lambda = 6.2723e-07; f =          298.7103568
lambda = 2.0908e-07; f =          298.7099401
Norm of dx      14225
Correct for low angle: 2.32146e-05
Predicted improvement:     1234.668888556
lambda =          1; f =   1594193419.5227506
lambda =    0.33333; f =    177117206.6924882
lambda =    0.11111; f =     19674735.8535939
lambda =   0.037037; f =      2184608.5480950
lambda =   0.012346; f =       242421.2458232
lambda =  0.0041152; f =        27009.3457252
lambda =  0.0013717; f =         3203.1961861
lambda = 0.00045725; f =          600.7657772
lambda = 0.00015242; f =          325.8392478
lambda = 5.0805e-05; f =          300.0359907
lambda = 1.6935e-05; f =          298.7998262
lambda =  5.645e-06; f =          298.7104599
lambda = 1.8817e-06; f =          298.7875459
lambda = 6.2723e-07; f =          298.7189844
lambda = 2.0908e-07; f =          298.7110358
lambda = 6.9692e-08; f =          298.7100839
lambda = 2.3231e-08; f =          298.7099630
lambda = 7.7435e-09; f =          298.7099449
lambda = 2.5812e-09; f =          298.7099414

lambda =

  -6.2723e-07

lambda = -6.2723e-07; f =          298.7195614
lambda = -2.0908e-07; f =          298.7108901
lambda = -6.9692e-08; f =          298.7100232
lambda = -2.3231e-08; f =          298.7099423
lambda = -7.7435e-09; f =          298.7099380
Norm of dx      46927
Predicted improvement:        0.000046297
lambda =          1; f =          298.7098916
Norm of dx    0.22252
Done for param phi = 137.9689; f = 298.7099
Predicted improvement:        0.000010721
lambda =          1; f =          298.7098809
Norm of dx 0.00032415
Done for param alpha_y =   0.0911; f = 298.7099
Predicted improvement:        0.000036960
lambda =          1; f =          298.7098440
Norm of dx 0.00050991
Done for param gamma_m =   0.6232; f = 298.7098
Predicted improvement:        0.001448052
lambda =          1; f =          298.7083973
Norm of dx  0.0032133
Done for param gamma_I =   0.1960; f = 298.7084
Predicted improvement:        0.000178703
lambda =          1; f =          298.7082184
Norm of dx 0.00041751
Done for param delta =   0.2089; f = 298.7082
Predicted improvement:        0.000556534
lambda =          1; f =          298.7076601
Norm of dx 0.00021109
Done for param rho_xi =   0.9158; f = 298.7077
Predicted improvement:        0.000020485
lambda =          1; f =          298.7076397
Norm of dx  0.0013818
Done for param rho_theta =   0.8806; f = 298.7076
Predicted improvement:        0.000046674
lambda =          1; f =          298.7075934
Norm of dx  0.0021412
Done for param rho_z =   0.8795; f = 298.7076
Predicted improvement:        0.001918814
lambda =          1; f =          298.7056744
Norm of dx  0.0018951
Done for param rho_g =   0.1492; f = 298.7057
Predicted improvement:        0.000648600
lambda =          1; f =          298.7050263
Norm of dx  0.0033335
Done for param rho_gm =   0.0996; f = 298.7050
Predicted improvement:        0.000212437
lambda =          1; f =          298.7048141
Norm of dx  0.0031619
Done for param sigma_xi =   2.6871; f = 298.7048
Predicted improvement:        0.000576994
lambda =          1; f =          298.7042359
Norm of dx  0.0013928
Done for param sigma_g =   0.7913; f = 298.7042
Predicted improvement:        0.001929442
lambda =          1; f =          298.7023055
Norm of dx 0.00090882
Done for param sigma_zm =   0.1000; f = 298.7023
Predicted improvement:        0.000539860
lambda =          1; f =          298.7017642
Norm of dx 0.00052605
Done for param sigma_gm =   0.1319; f = 298.7018
Sequence of univariate steps!!
Actual dxnorm 0.22261
FVAL          298.7018
Improvement   0.0082403
Ftol          1e-05
Htol          1e-05
Elapsed time for iteration 0.57337 s.
 
Iteration 25
Correct for low angle: 0.000323039
Predicted improvement:      318.775178274
lambda =          1; f =    107810381.6438956
lambda =    0.33333; f =     11975152.5888631
lambda =    0.11111; f =      1329490.9824631
lambda =   0.037037; f =       147538.7410582
lambda =   0.012346; f =        16510.3054885
lambda =  0.0041152; f =         2051.0349460
lambda =  0.0013717; f =          477.5452263
lambda = 0.00045725; f =          313.7450006
lambda = 0.00015242; f =          299.2222973
lambda = 5.0805e-05; f =          298.7061300
lambda = 1.6935e-05; f =          298.7019063
lambda =  5.645e-06; f =          298.7455193
lambda = 1.8817e-06; f =          298.7060118
lambda = 6.2723e-07; f =          298.7019829
lambda = 2.0908e-07; f =          298.7017002
Norm of dx      12327
Correct for low angle: 3.97966e-05
Predicted improvement:     1098.275155492
lambda =          1; f =   1339496462.5960004
lambda =    0.33333; f =    148818846.5987177
lambda =    0.11111; f =     16530907.5434030
lambda =   0.037037; f =      1835438.9239744
lambda =   0.012346; f =       203672.8237288
lambda =  0.0041152; f =        22720.0218543
lambda =  0.0013717; f =         2731.9159810
lambda = 0.00045725; f =          550.1671553
lambda = 0.00015242; f =          320.8012281
lambda = 5.0805e-05; f =          299.6663281
lambda = 1.6935e-05; f =          298.7644577
lambda =  5.645e-06; f =          298.7017867
lambda = 1.8817e-06; f =          298.7640230
lambda = 6.2723e-07; f =          298.7089325
lambda = 2.0908e-07; f =          298.7025314
lambda = 6.9692e-08; f =          298.7017947
lambda = 2.3231e-08; f =          298.7017110
lambda = 7.7435e-09; f =          298.7017015
lambda = 2.5812e-09; f =          298.7017003

lambda =

  -6.2723e-07

lambda = -6.2723e-07; f =          298.7098213
lambda = -2.0908e-07; f =          298.7025553
lambda = -6.9692e-08; f =          298.7017928
lambda = -2.3231e-08; f =          298.7017101
lambda = -7.7435e-09; f =          298.7017011
lambda = -2.5812e-09; f =          298.7017002
Norm of dx      42578
Predicted improvement:        0.000019698
lambda =          1; f =          298.7016805
Norm of dx 6.7112e-05
Done for param stderr obs_r =   0.2132; f = 298.7017
Predicted improvement:        0.000058986
lambda =          1; f =          298.7016214
Norm of dx    0.25032
Done for param phi = 138.2192; f = 298.7016
Predicted improvement:        0.000011621
lambda =          1; f =          298.7016098
Norm of dx  0.0008749
Done for param alpha_pi =   2.4296; f = 298.7016
Predicted improvement:        0.000011878
lambda =          1; f =          298.7015980
Norm of dx 0.00033818
Done for param alpha_y =   0.0908; f = 298.7016
Predicted improvement:        0.000043192
lambda =          1; f =          298.7015548
Norm of dx 0.00054902
Done for param gamma_m =   0.6238; f = 298.7016
Predicted improvement:        0.001431652
lambda =          1; f =          298.7001244
Norm of dx  0.0031716
Done for param gamma_I =   0.1928; f = 298.7001
Predicted improvement:        0.000202995
lambda =          1; f =          298.6999212
Norm of dx 0.00044422
Done for param delta =   0.2084; f = 298.6999
Predicted improvement:        0.000562080
lambda =          1; f =          298.6993573
Norm of dx 0.00021167
Done for param rho_xi =   0.9156; f = 298.6994
Predicted improvement:        0.000017401
lambda =          1; f =          298.6993400
Norm of dx  0.0012746
Done for param rho_theta =   0.8807; f = 298.6993
Predicted improvement:        0.000043598
lambda =          1; f =          298.6992967
Norm of dx  0.0020684
Done for param rho_z =   0.8794; f = 298.6993
Predicted improvement:        0.002050671
lambda =          1; f =          298.6972461
Norm of dx  0.0019584
Done for param rho_g =   0.1472; f = 298.6972
Predicted improvement:        0.000579392
lambda =          1; f =          298.6966674
Norm of dx  0.0031315
Done for param rho_gm =   0.0964; f = 298.6967
Predicted improvement:        0.000183119
lambda =          1; f =          298.6964845
Norm of dx  0.0029191
Done for param sigma_xi =   2.6842; f = 298.6965
Predicted improvement:        0.000588675
lambda =          1; f =          298.6958946
Norm of dx  0.0014087
Done for param sigma_g =   0.7927; f = 298.6959
Predicted improvement:        0.002058397
lambda =          1; f =          298.6938349
Norm of dx  0.0009449
Done for param sigma_zm =   0.0991; f = 298.6938
Predicted improvement:        0.000424482
lambda =          1; f =          298.6934093
Norm of dx 0.00046822
Done for param sigma_gm =   0.1324; f = 298.6934
Sequence of univariate steps!!
Actual dxnorm 0.2504
FVAL          298.6934
Improvement   0.0083548
Ftol          1e-05
Htol          1e-05
Elapsed time for iteration 0.57518 s.
 
Iteration 26
Correct for low angle: 0.000379521
Predicted improvement:      271.316066528
lambda =          1; f =     74151279.3682593
lambda =    0.33333; f =      8236089.8622437
lambda =    0.11111; f =       914318.7321660
lambda =   0.037037; f =       101501.5376972
lambda =   0.012346; f =        11426.0070566
lambda =  0.0041152; f =         1496.3985577
lambda =  0.0013717; f =          419.3427639
lambda = 0.00045725; f =          308.4145777
lambda = 0.00015242; f =          299.0041170
lambda = 5.0805e-05; f =          298.7095391
lambda = 1.6935e-05; f =          298.6940172
lambda =  5.645e-06; f =          298.7410574
lambda = 1.8817e-06; f =          298.6981369
lambda = 6.2723e-07; f =          298.6937137
lambda = 2.0908e-07; f =          298.6933677
Norm of dx      10518
Correct for low angle: 4.05047e-05
Predicted improvement:     1123.254474044
lambda =          1; f =   1453001965.0616310
lambda =    0.33333; f =    161429968.2012629
lambda =    0.11111; f =     17931942.9722289
lambda =   0.037037; f =      1991042.7496101
lambda =   0.012346; f =       220939.8724071
lambda =  0.0041152; f =        24631.1609702
lambda =  0.0013717; f =         2941.7936736
lambda = 0.00045725; f =          572.6586463
lambda = 0.00015242; f =          323.0196451
lambda = 5.0805e-05; f =          299.8147197
lambda = 1.6935e-05; f =          298.7508837
lambda =  5.645e-06; f =          298.6934105
lambda = 1.8817e-06; f =          298.7567696
lambda = 6.2723e-07; f =          298.7007504
lambda = 2.0908e-07; f =          298.6941897
lambda = 6.9692e-08; f =          298.6934509
lambda = 2.3231e-08; f =          298.6933738
lambda = 7.7435e-09; f =          298.6933674
lambda = 2.5812e-09; f =          298.6933673
Norm of dx      43588
Predicted improvement:        0.000010241
lambda =          1; f =          298.6933571
Norm of dx 0.00023317
Done for param stderr obs_dy =   0.1945; f = 298.6934
Predicted improvement:        0.000047018
lambda =          1; f =          298.6933100
Norm of dx    0.22278
Done for param phi = 138.4420; f = 298.6933
Predicted improvement:        0.000012330
lambda =          1; f =          298.6932977
Norm of dx 0.00034132
Done for param alpha_y =   0.0905; f = 298.6933
Predicted improvement:        0.000033493
lambda =          1; f =          298.6932642
Norm of dx  0.0004814
Done for param gamma_m =   0.6243; f = 298.6933
Predicted improvement:        0.001439596
lambda =          1; f =          298.6918261
Norm of dx  0.0031563
Done for param gamma_I =   0.1897; f = 298.6918
Predicted improvement:        0.000211072
lambda =          1; f =          298.6916148
Norm of dx 0.00045232
Done for param delta =   0.2080; f = 298.6916
Predicted improvement:        0.000494481
lambda =          1; f =          298.6911189
Norm of dx 0.00019811
Done for param rho_xi =   0.9154; f = 298.6911
Predicted improvement:        0.000017672
lambda =          1; f =          298.6911012
Norm of dx  0.0012846
Done for param rho_theta =   0.8805; f = 298.6911
Predicted improvement:        0.000037625
lambda =          1; f =          298.6910639
Norm of dx  0.0019196
Done for param rho_z =   0.8795; f = 298.6911
Predicted improvement:        0.002144325
lambda =          1; f =          298.6889197
Norm of dx   0.002002
Done for param rho_g =   0.1452; f = 298.6889
Predicted improvement:        0.000019676
lambda =          1; f =          298.6889000
Norm of dx 0.00085777
Done for param rho_zm =   0.2885; f = 298.6889
Predicted improvement:        0.000447041
lambda =          1; f =          298.6884536
Norm of dx  0.0027328
Done for param rho_gm =   0.0937; f = 298.6885
Predicted improvement:        0.000203147
lambda =          1; f =          298.6882507
Norm of dx  0.0030582
Done for param sigma_xi =   2.6811; f = 298.6883
Predicted improvement:        0.000568603
lambda =          1; f =          298.6876810
Norm of dx  0.0013865
Done for param sigma_g =   0.7941; f = 298.6877
Predicted improvement:        0.002280027
lambda =          1; f =          298.6853991
Norm of dx  0.0010006
Done for param sigma_zm =   0.0981; f = 298.6854
Predicted improvement:        0.000388812
lambda =          1; f =          298.6850094
Norm of dx 0.00044949
Done for param sigma_gm =   0.1328; f = 298.6850
Sequence of univariate steps!!
Actual dxnorm 0.22287
FVAL          298.685
Improvement   0.0084
Ftol          1e-05
Htol          1e-05
Elapsed time for iteration 0.59401 s.
 
Iteration 27
Correct for low angle: 0.000368344
Predicted improvement:      279.692190693
lambda =          1; f =     79420248.8110276
lambda =    0.33333; f =      8821239.8916581
lambda =    0.11111; f =       979238.3887159
lambda =   0.037037; f =       108682.4900224
lambda =   0.012346; f =        12213.1167284
lambda =  0.0041152; f =         1580.2617739
lambda =  0.0013717; f =          427.4579823
lambda = 0.00045725; f =          308.9101843
lambda = 0.00015242; f =          298.9187108
lambda = 5.0805e-05; f =          298.6854195
lambda = 1.6935e-05; f =          299.1323449
lambda =  5.645e-06; f =          298.7186492
lambda = 1.8817e-06; f =          298.6881516
lambda = 6.2723e-07; f =          298.6851331
lambda = 2.0908e-07; f =          298.6849455
Norm of dx      10792
Correct for low angle: 3.04636e-05
Predicted improvement:     1344.991018645
lambda =          1; f =   1936085987.2131343
lambda =    0.33333; f =    215103657.4811206
lambda =    0.11111; f =     23894915.2079372
lambda =   0.037037; f =      2653338.2590646
lambda =   0.012346; f =       294442.6205096
lambda =  0.0041152; f =        32769.5921611
lambda =  0.0013717; f =         3836.6140273
lambda = 0.00045725; f =          668.9288042
lambda = 0.00015242; f =          332.6598718
lambda = 5.0805e-05; f =          300.5286879
lambda = 1.6935e-05; f =          298.8092622
lambda =  5.645e-06; f =          298.6865061
lambda = 1.8817e-06; f =          298.7804413
lambda = 6.2723e-07; f =          298.6956117
lambda = 2.0908e-07; f =          298.6861340
lambda = 6.9692e-08; f =          298.6850684
lambda = 2.3231e-08; f =          298.6849556
lambda = 7.7435e-09; f =          298.6849454
lambda = 2.5812e-09; f =          298.6849451
Norm of dx      52045
Predicted improvement:        0.000029259
lambda =          1; f =          298.6849158
Norm of dx 8.1772e-05
Done for param stderr obs_r =   0.2133; f = 298.6849
Predicted improvement:        0.000067126
lambda =          1; f =          298.6848486
Norm of dx    0.26522
Done for param phi = 138.7073; f = 298.6848
Predicted improvement:        0.000010787
lambda =          1; f =          298.6848379
Norm of dx 0.00084094
Done for param alpha_pi =   2.4304; f = 298.6848
Predicted improvement:        0.000013084
lambda =          1; f =          298.6848248
Norm of dx 0.00034822
Done for param alpha_y =   0.0901; f = 298.6848
Predicted improvement:        0.000046433
lambda =          1; f =          298.6847784
Norm of dx 0.00056449
Done for param gamma_m =   0.6248; f = 298.6848
Predicted improvement:        0.001383052
lambda =          1; f =          298.6833967
Norm of dx  0.0030707
Done for param gamma_I =   0.1866; f = 298.6834
Predicted improvement:        0.000276105
lambda =          1; f =          298.6831203
Norm of dx 0.00051639
Done for param delta =   0.2074; f = 298.6831
Predicted improvement:        0.000550863
lambda =          1; f =          298.6825676
Norm of dx 0.00020859
Done for param rho_xi =   0.9152; f = 298.6826
Predicted improvement:        0.000018199
lambda =          1; f =          298.6825495
Norm of dx  0.0013034
Done for param rho_theta =   0.8806; f = 298.6825
Predicted improvement:        0.000038295
lambda =          1; f =          298.6825115
Norm of dx  0.0019369
Done for param rho_z =   0.8795; f = 298.6825
Predicted improvement:        0.002260374
lambda =          1; f =          298.6802511
Norm of dx  0.0020548
Done for param rho_g =   0.1431; f = 298.6803
Predicted improvement:        0.000011315
lambda =          1; f =          298.6802397
Norm of dx 0.00065708
Done for param rho_zm =   0.2878; f = 298.6802
Predicted improvement:        0.000414186
lambda =          1; f =          298.6798263
Norm of dx  0.0026134
Done for param rho_gm =   0.0911; f = 298.6798
Predicted improvement:        0.000162715
lambda =          1; f =          298.6796638
Norm of dx  0.0027216
Done for param sigma_xi =   2.6784; f = 298.6797
Predicted improvement:        0.000593146
lambda =          1; f =          298.6790694
Norm of dx  0.0014179
Done for param sigma_g =   0.7955; f = 298.6791
Predicted improvement:        0.002358993
lambda =          1; f =          298.6767081
Norm of dx  0.0010245
Done for param sigma_zm =   0.0971; f = 298.6767
Predicted improvement:        0.000297116
lambda =          1; f =          298.6764103
Norm of dx 0.00039414
Done for param sigma_gm =   0.1332; f = 298.6764
Sequence of univariate steps!!
Actual dxnorm 0.26529
FVAL          298.6764
Improvement   0.008599
Ftol          1e-05
Htol          1e-05
Elapsed time for iteration 0.65874 s.
 
Iteration 28
Correct for low angle: 0.000440593
Predicted improvement:      234.222465961
lambda =          1; f =     57420010.8811645
lambda =    0.33333; f =      6377307.6680807
lambda =    0.11111; f =       707869.9081231
lambda =   0.037037; f =        78590.2758920
lambda =   0.012346; f =         8889.4008733
lambda =  0.0041152; f =         1217.5591632
lambda =  0.0013717; f =          389.3522750
lambda = 0.00045725; f =          305.4026103
lambda = 0.00015242; f =          298.7659774
lambda = 5.0805e-05; f =          298.6777047
lambda = 1.6935e-05; f =          298.6764135
lambda =  5.645e-06; f =          298.7000519
lambda = 1.8817e-06; f =          298.6785343
lambda = 6.2723e-07; f =          298.6764557
lambda = 2.0908e-07; f =          298.6763503
Norm of dx     9131.6
Correct for low angle: 3.28321e-05
Predicted improvement:     1332.071867361
lambda =          1; f =   1963301728.6177561
lambda =    0.33333; f =    218127503.9182028
lambda =    0.11111; f =     24230856.5273399
lambda =   0.037037; f =      2690651.1907059
lambda =   0.012346; f =       298583.8661016
lambda =  0.0041152; f =        33228.1808046
lambda =  0.0013717; f =         3887.0459507
lambda = 0.00045725; f =          674.3533609
lambda = 0.00015242; f =          333.1981043
lambda = 5.0805e-05; f =          300.5621603
lambda = 1.6935e-05; f =          298.7929175
lambda =  5.645e-06; f =          298.6776242
lambda = 1.8817e-06; f =          298.7694659
lambda = 6.2723e-07; f =          298.6867004
lambda = 2.0908e-07; f =          298.6774515
lambda = 6.9692e-08; f =          298.6764451
lambda = 2.3231e-08; f =          298.6763511
lambda = 7.7435e-09; f =          298.6763471
lambda = 2.5812e-09; f =          298.6763488
Norm of dx      51965
Predicted improvement:        0.000060233
lambda =          1; f =          298.6762868
Norm of dx    0.25037
Done for param phi = 138.9576; f = 298.6763
Predicted improvement:        0.000010238
lambda =          1; f =          298.6762766
Norm of dx 0.00030491
Done for param alpha_y =   0.0898; f = 298.6763
Predicted improvement:        0.000032782
lambda =          1; f =          298.6762438
Norm of dx 0.00047218
Done for param gamma_m =   0.6253; f = 298.6762
Predicted improvement:        0.001380801
lambda =          1; f =          298.6748646
Norm of dx  0.0030444
Done for param gamma_I =   0.1836; f = 298.6749
Predicted improvement:        0.000298521
lambda =          1; f =          298.6745657
Norm of dx  0.0005361
Done for param delta =   0.2069; f = 298.6746
Predicted improvement:        0.000485986
lambda =          1; f =          298.6740783
Norm of dx 0.00019551
Done for param rho_xi =   0.9150; f = 298.6741
Predicted improvement:        0.000015631
lambda =          1; f =          298.6740627
Norm of dx  0.0012088
Done for param rho_theta =   0.8806; f = 298.6741
Predicted improvement:        0.000035473
lambda =          1; f =          298.6740274
Norm of dx  0.0018632
Done for param rho_z =   0.8794; f = 298.6740
Predicted improvement:        0.002312572
lambda =          1; f =          298.6717150
Norm of dx  0.0020777
Done for param rho_g =   0.1411; f = 298.6717
Predicted improvement:        0.000013354
lambda =          1; f =          298.6717017
Norm of dx 0.00072135
Done for param rho_zm =   0.2871; f = 298.6717
Predicted improvement:        0.000288260
lambda =          1; f =          298.6714139
Norm of dx  0.0021658
Done for param rho_gm =   0.0889; f = 298.6714
Predicted improvement:        0.000155680
lambda =          1; f =          298.6712584
Norm of dx  0.0026478
Done for param sigma_xi =   2.6758; f = 298.6713
Predicted improvement:        0.000613990
lambda =          1; f =          298.6706433
Norm of dx  0.0014444
Done for param sigma_g =   0.7970; f = 298.6706
Predicted improvement:        0.002316455
lambda =          1; f =          298.6683241
Norm of dx  0.0010222
Done for param sigma_zm =   0.0960; f = 298.6683
Predicted improvement:        0.000260551
lambda =          1; f =          298.6680631
Norm of dx 0.00036999
Done for param sigma_gm =   0.1336; f = 298.6681
Sequence of univariate steps!!
Actual dxnorm 0.25044
FVAL          298.6681
Improvement   0.0083473
Ftol          1e-05
Htol          1e-05
Elapsed time for iteration 0.66276 s.
 
Iteration 29
Correct for low angle: 0.00048608
Predicted improvement:      212.438731332
lambda =          1; f =     48839603.0218544
lambda =    0.33333; f =      5424304.6617549
lambda =    0.11111; f =       602105.8930637
lambda =   0.037037; f =        66880.4475012
lambda =   0.012346; f =         7602.1749558
lambda =  0.0041152; f =         1079.1459892
lambda =  0.0013717; f =          375.5053401
lambda = 0.00045725; f =          304.3698282
lambda = 0.00015242; f =          298.8148099
lambda = 5.0805e-05; f =          298.6805334
lambda = 1.6935e-05; f =          298.6688007
lambda =  5.645e-06; f =          298.6918705
lambda = 1.8817e-06; f =          298.6702183
lambda = 6.2723e-07; f =          298.6681269
lambda = 2.0908e-07; f =          298.6680110
Norm of dx     8471.6
Correct for low angle: 3.26159e-05
Predicted improvement:     1070.984005395
lambda =          1; f =   1371897533.2333422
lambda =    0.33333; f =    152418780.0178285
lambda =    0.11111; f =     16930838.3193396
lambda =   0.037037; f =      1879855.0860764
lambda =   0.012346; f =       208601.0719297
lambda =  0.0041152; f =        23265.2978253
lambda =  0.0013717; f =         2791.7163050
lambda = 0.00045725; f =          556.5304842
lambda = 0.00015242; f =          321.3953609
lambda = 5.0805e-05; f =          299.6755217
lambda = 1.6935e-05; f =          298.7295235
lambda =  5.645e-06; f =          298.6680760
lambda = 1.8817e-06; f =          298.7295176
lambda = 6.2723e-07; f =          298.6748584
lambda = 2.0908e-07; f =          298.6686874
lambda = 6.9692e-08; f =          298.6680503
lambda = 2.3231e-08; f =          298.6680030
lambda = 7.7435e-09; f =          298.6680060
Norm of dx      42898
Predicted improvement:        0.000037736
lambda =          1; f =          298.6679653
Norm of dx 9.2839e-05
Done for param stderr obs_r =   0.2134; f = 298.6680
Predicted improvement:        0.000018328
lambda =          1; f =          298.6679470
Norm of dx 7.3237e-05
Done for param stderr obs_di =   0.0397; f = 298.6679
Predicted improvement:        0.000067423
lambda =          1; f =          298.6678794
Norm of dx    0.26392
Done for param phi = 139.2216; f = 298.6679
Predicted improvement:        0.000017160
lambda =          1; f =          298.6678623
Norm of dx   0.001058
Done for param alpha_pi =   2.4315; f = 298.6679
Predicted improvement:        0.000011455
lambda =          1; f =          298.6678508
Norm of dx 0.00031933
Done for param alpha_y =   0.0895; f = 298.6679
Predicted improvement:        0.000040780
lambda =          1; f =          298.6678101
Norm of dx  0.0005244
Done for param gamma_m =   0.6258; f = 298.6678
Predicted improvement:        0.001337911
lambda =          1; f =          298.6664731
Norm of dx  0.0029731
Done for param gamma_I =   0.1806; f = 298.6665
Predicted improvement:        0.000304960
lambda =          1; f =          298.6661677
Norm of dx 0.00054099
Done for param delta =   0.2064; f = 298.6662
Predicted improvement:        0.000497436
lambda =          1; f =          298.6656688
Norm of dx 0.00019732
Done for param rho_xi =   0.9148; f = 298.6657
Predicted improvement:        0.000016348
lambda =          1; f =          298.6656525
Norm of dx  0.0012359
Done for param rho_theta =   0.8807; f = 298.6657
Predicted improvement:        0.000045671
lambda =          1; f =          298.6656072
Norm of dx  0.0021179
Done for param rho_z =   0.8793; f = 298.6656
Predicted improvement:        0.002379920
lambda =          1; f =          298.6632273
Norm of dx  0.0021068
Done for param rho_g =   0.1390; f = 298.6632
Predicted improvement:        0.000013308
lambda =          1; f =          298.6632140
Norm of dx  0.0007278
Done for param rho_zm =   0.2864; f = 298.6632
Predicted improvement:        0.000261159
lambda =          1; f =          298.6629534
Norm of dx   0.002048
Done for param rho_gm =   0.0869; f = 298.6630
Predicted improvement:        0.000134410
lambda =          1; f =          298.6628191
Norm of dx   0.002447
Done for param sigma_xi =   2.6733; f = 298.6628
Predicted improvement:        0.000621269
lambda =          1; f =          298.6621966
Norm of dx  0.0014548
Done for param sigma_g =   0.7984; f = 298.6622
Predicted improvement:        0.002394483
lambda =          1; f =          298.6597989
Norm of dx  0.0010465
Done for param sigma_zm =   0.0950; f = 298.6598
Predicted improvement:        0.000203599
lambda =          1; f =          298.6595949
Norm of dx 0.00032779
Done for param sigma_gm =   0.1339; f = 298.6596
Sequence of univariate steps!!
Actual dxnorm 0.26399
FVAL          298.6596
Improvement   0.0084681
Ftol          1e-05
Htol          1e-05
Elapsed time for iteration 0.53185 s.
 
Iteration 30
Correct for low angle: 0.000721041
Predicted improvement:      143.853936566
lambda =          1; f =     23455928.9484914
lambda =    0.33333; f =      2604605.6204008
lambda =    0.11111; f =       289042.3877405
lambda =   0.037037; f =        32174.3911325
lambda =   0.012346; f =         3772.0203998
lambda =  0.0041152; f =          662.2514912
lambda =  0.0013717; f =          332.0716330
lambda = 0.00045725; f =          300.5016556
lambda = 0.00015242; f =          298.6749244
lambda = 5.0805e-05; f =          298.6601428
lambda = 1.6935e-05; f =          298.7691234
lambda =  5.645e-06; f =          298.6709896
lambda = 1.8817e-06; f =          298.6605358
lambda = 6.2723e-07; f =          298.6595808
lambda = 2.0908e-07; f =          298.6595533
Norm of dx     5796.2
Correct for low angle: 4.81292e-05
Predicted improvement:     1071.065151299
lambda =          1; f =   1460696428.2124960
lambda =    0.33333; f =    162284858.7816814
lambda =    0.11111; f =     18026914.2435443
lambda =   0.037037; f =      2001589.6086526
lambda =   0.012346; f =       222109.8920980
lambda =  0.0041152; f =        24760.5279159
lambda =  0.0013717; f =         2955.9323026
lambda = 0.00045725; f =          574.1317386
lambda = 0.00015242; f =          323.1313254
lambda = 5.0805e-05; f =          299.7904219
lambda = 1.6935e-05; f =          298.7083340
lambda =  5.645e-06; f =          299.5348274
lambda = 1.8817e-06; f =          298.7193721
lambda = 6.2723e-07; f =          298.6662880
lambda = 2.0908e-07; f =          298.6601945
lambda = 6.9692e-08; f =          298.6595793
lambda = 2.3231e-08; f =          298.6595407
lambda = 7.7435e-09; f =          298.6595467
Norm of dx      43157
Predicted improvement:        0.000063166
lambda =          1; f =          298.6594775
Norm of dx    0.25455
Done for param phi = 139.4761; f = 298.6595
Predicted improvement:        0.000010227
lambda =          1; f =          298.6594672
Norm of dx 0.00029859
Done for param alpha_y =   0.0892; f = 298.6595
Predicted improvement:        0.000027344
lambda =          1; f =          298.6594399
Norm of dx 0.00042745
Done for param gamma_m =   0.6262; f = 298.6594
Predicted improvement:        0.001316473
lambda =          1; f =          298.6581242
Norm of dx  0.0029262
Done for param gamma_I =   0.1777; f = 298.6581
Predicted improvement:        0.000329672
lambda =          1; f =          298.6577941
Norm of dx  0.0005616
Done for param delta =   0.2058; f = 298.6578
Predicted improvement:        0.000437236
lambda =          1; f =          298.6573556
Norm of dx  0.0001846
Done for param rho_xi =   0.9146; f = 298.6574
Predicted improvement:        0.000014043
lambda =          1; f =          298.6573416
Norm of dx  0.0011463
Done for param rho_theta =   0.8807; f = 298.6573
Predicted improvement:        0.000037536
lambda =          1; f =          298.6573044
Norm of dx  0.0019174
Done for param rho_z =   0.8794; f = 298.6573
Predicted improvement:        0.002389845
lambda =          1; f =          298.6549145
Norm of dx  0.0021104
Done for param rho_g =   0.1368; f = 298.6549
Predicted improvement:        0.000016698
lambda =          1; f =          298.6548978
Norm of dx 0.00082418
Done for param rho_zm =   0.2856; f = 298.6549
Predicted improvement:        0.000192688
lambda =          1; f =          298.6547055
Norm of dx  0.0017479
Done for param rho_gm =   0.0851; f = 298.6547
Predicted improvement:        0.000126821
lambda =          1; f =          298.6545788
Norm of dx  0.0023646
Done for param sigma_xi =   2.6710; f = 298.6546
Predicted improvement:        0.000618950
lambda =          1; f =          298.6539586
Norm of dx   0.001454
Done for param sigma_g =   0.7999; f = 298.6540
Predicted improvement:        0.002327338
lambda =          1; f =          298.6516277
Norm of dx   0.001039
Done for param sigma_zm =   0.0940; f = 298.6516
Predicted improvement:        0.000182913
lambda =          1; f =          298.6514445
Norm of dx 0.00031129
Done for param sigma_gm =   0.1342; f = 298.6514
Sequence of univariate steps!!
Actual dxnorm 0.25462
FVAL          298.6514
Improvement   0.0081504
Ftol          1e-05
Htol          1e-05
Elapsed time for iteration 0.60562 s.
 
Iteration 31
Correct for low angle: 0.000693506
Predicted improvement:      150.021851257
lambda =          1; f =     23817079.7137069
lambda =    0.33333; f =      2644892.5535594
lambda =    0.11111; f =       293571.7318153
lambda =   0.037037; f =        32695.3227903
lambda =   0.012346; f =         3835.8144195
lambda =  0.0041152; f =          671.3059179
lambda =  0.0013717; f =          333.7282845
lambda = 0.00045725; f =          300.8977993
lambda = 0.00015242; f =          298.7586821
lambda = 5.0805e-05; f =          298.6598042
lambda = 1.6935e-05; f =          298.6516071
lambda =  5.645e-06; f =          298.6703936
lambda = 1.8817e-06; f =          298.6531822
lambda = 6.2723e-07; f =          298.6515125
lambda = 2.0908e-07; f =          298.6514103
Norm of dx     6193.1
Correct for low angle: 3.89574e-05
Predicted improvement:      969.206151050
lambda =          1; f =   1242426372.8189914
lambda =    0.33333; f =    138033794.2577867
lambda =    0.11111; f =     15332739.4623534
lambda =   0.037037; f =      1702366.1615068
lambda =   0.012346; f =       188905.9370782
lambda =  0.0041152; f =        21085.5475762
lambda =  0.0013717; f =         2552.3583675
lambda = 0.00045725; f =          530.8712358
lambda = 0.00015242; f =          318.8469257
lambda = 5.0805e-05; f =          299.4837927
lambda = 1.6935e-05; f =          298.6945523
lambda =  5.645e-06; f =          299.3383717
lambda = 1.8817e-06; f =          298.7041000
lambda = 6.2723e-07; f =          298.6572930
lambda = 2.0908e-07; f =          298.6519671
lambda = 6.9692e-08; f =          298.6514324
lambda = 2.3231e-08; f =          298.6513992
lambda = 7.7435e-09; f =          298.6514045
Norm of dx      40172
Predicted improvement:        0.000040644
lambda =          1; f =          298.6513585
Norm of dx 9.6324e-05
Done for param stderr obs_r =   0.2135; f = 298.6514
Predicted improvement:        0.000076136
lambda =          1; f =          298.6512823
Norm of dx    0.27845
Done for param phi = 139.7546; f = 298.6513
Predicted improvement:        0.000014913
lambda =          1; f =          298.6512673
Norm of dx 0.00098431
Done for param alpha_pi =   2.4325; f = 298.6513
Predicted improvement:        0.000010642
lambda =          1; f =          298.6512567
Norm of dx 0.00030148
Done for param alpha_y =   0.0889; f = 298.6513
Predicted improvement:        0.000034823
lambda =          1; f =          298.6512219
Norm of dx 0.00048037
Done for param gamma_m =   0.6267; f = 298.6512
Predicted improvement:        0.001248043
lambda =          1; f =          298.6499749
Norm of dx  0.0028283
Done for param gamma_I =   0.1748; f = 298.6500
Predicted improvement:        0.000337013
lambda =          1; f =          298.6496374
Norm of dx 0.00056694
Done for param delta =   0.2052; f = 298.6496
Predicted improvement:        0.000451972
lambda =          1; f =          298.6491841
Norm of dx 0.00018725
Done for param rho_xi =   0.9144; f = 298.6492
Predicted improvement:        0.000015012
lambda =          1; f =          298.6491692
Norm of dx   0.001185
Done for param rho_theta =   0.8805; f = 298.6492
Predicted improvement:        0.000033803
lambda =          1; f =          298.6491356
Norm of dx  0.0018184
Done for param rho_z =   0.8795; f = 298.6491
Predicted improvement:        0.002405888
lambda =          1; f =          298.6467299
Norm of dx  0.0021169
Done for param rho_g =   0.1347; f = 298.6467
Predicted improvement:        0.000016307
lambda =          1; f =          298.6467136
Norm of dx 0.00082342
Done for param rho_zm =   0.2847; f = 298.6467
Predicted improvement:        0.000198028
lambda =          1; f =          298.6465160
Norm of dx  0.0017611
Done for param rho_gm =   0.0834; f = 298.6465
Predicted improvement:        0.000106453
lambda =          1; f =          298.6464096
Norm of dx  0.0021553
Done for param sigma_xi =   2.6688; f = 298.6464
Predicted improvement:        0.000597916
lambda =          1; f =          298.6458106
Norm of dx   0.001431
Done for param sigma_g =   0.8013; f = 298.6458
Predicted improvement:        0.002391374
lambda =          1; f =          298.6434151
Norm of dx  0.0010609
Done for param sigma_zm =   0.0929; f = 298.6434
Predicted improvement:        0.000137523
lambda =          1; f =          298.6432476
Norm of dx 0.00027046
Done for param sigma_gm =   0.1345; f = 298.6432
Sequence of univariate steps!!
Actual dxnorm 0.27851
FVAL          298.6432
Improvement   0.0081969
Ftol          1e-05
Htol          1e-05
Elapsed time for iteration 0.51747 s.
 
Iteration 32
Correct for low angle: 0.000781923
Predicted improvement:      133.890922386
lambda =          1; f =     20663729.8478629
lambda =    0.33333; f =      2294504.1629802
lambda =    0.11111; f =       254634.2875158
lambda =   0.037037; f =        28367.1264267
lambda =   0.012346; f =         3354.2494401
lambda =  0.0041152; f =          617.5754846
lambda =  0.0013717; f =          327.6788002
lambda = 0.00045725; f =          300.1941240
lambda = 0.00015242; f =          298.6711396
lambda = 5.0805e-05; f =          298.6453164
lambda = 1.6935e-05; f =          298.6432724
lambda =  5.645e-06; f =          298.6522350
lambda = 1.8817e-06; f =          298.6439276
lambda = 6.2723e-07; f =          298.6432120
lambda = 2.0908e-07; f =          298.6432064
lambda = 4.0418e-07; f =          298.6431944
Norm of dx     5583.3
Correct for low angle: 3.21341e-05
Predicted improvement:     1225.330502516
lambda =          1; f =   1909571001.2978556
lambda =    0.33333; f =    212157667.6629030
lambda =    0.11111; f =     23567622.8732306
lambda =   0.037037; f =      2616985.6914495
lambda =   0.012346; f =       290407.8234049
lambda =  0.0041152; f =        32322.7159365
lambda =  0.0013717; f =         3787.4073009
lambda = 0.00045725; f =          663.5852078
lambda = 0.00015242; f =          332.0826979
lambda = 5.0805e-05; f =          300.4453636
lambda = 1.6935e-05; f =          298.7526721
lambda =  5.645e-06; f =          298.6442360
lambda = 1.8817e-06; f =          298.7335544
lambda = 6.2723e-07; f =          298.6534216
lambda = 2.0908e-07; f =          298.6443335
lambda = 6.9692e-08; f =          298.6433109
lambda = 2.3231e-08; f =          298.6432034
lambda = 7.7435e-09; f =          298.6431941
lambda = 2.5812e-09; f =          298.6431939
Norm of dx      51115
Predicted improvement:        0.000061659
lambda =          1; f =          298.6431322
Norm of dx    0.24972
Done for param phi = 140.0044; f = 298.6431
Predicted improvement:        0.000010119
lambda =          1; f =          298.6431519
lambda =    0.33333; f =          298.6431266
lambda =    0.64439; f =          298.6431233
Norm of dx 0.00029088
Done for param alpha_y =   0.0887; f = 298.6431
Predicted improvement:        0.000016928
lambda =          1; f =          298.6431074
Norm of dx 0.00016263
Done for param gamma_m =   0.6269; f = 298.6431
Predicted improvement:        0.001319467
lambda =          1; f =          298.6417889
Norm of dx  0.0028855
Done for param gamma_I =   0.1720; f = 298.6418
Predicted improvement:        0.000388990
lambda =          1; f =          298.6413993
Norm of dx 0.00060811
Done for param delta =   0.2046; f = 298.6414
Predicted improvement:        0.000404048
lambda =          1; f =          298.6409942
Norm of dx 0.00017664
Done for param rho_xi =   0.9142; f = 298.6410
Predicted improvement:        0.000014668
lambda =          1; f =          298.6409796
Norm of dx  0.0011714
Done for param rho_theta =   0.8807; f = 298.6410
Predicted improvement:        0.000032335
lambda =          1; f =          298.6409475
Norm of dx   0.001778
Done for param rho_z =   0.8794; f = 298.6409
Predicted improvement:        0.002343790
lambda =          1; f =          298.6386039
Norm of dx  0.0020884
Done for param rho_g =   0.1326; f = 298.6386
Predicted improvement:        0.000020050
lambda =          1; f =          298.6385838
Norm of dx  0.0009233
Done for param rho_zm =   0.2838; f = 298.6386
Predicted improvement:        0.000115311
lambda =          1; f =          298.6384687
Norm of dx  0.0013357
Done for param rho_gm =   0.0820; f = 298.6385
Predicted improvement:        0.000109221
lambda =          1; f =          298.6383893
Norm of dx  0.0021723
Done for param sigma_xi =   2.6666; f = 298.6384
Predicted improvement:        0.000567852
lambda =          1; f =          298.6378204
Norm of dx  0.0013962
Done for param sigma_g =   0.8027; f = 298.6378
Predicted improvement:        0.002310104
lambda =          1; f =          298.6354767
Norm of dx  0.0010504
Done for param sigma_zm =   0.0918; f = 298.6355
Predicted improvement:        0.000130031
lambda =          1; f =          298.6353465
Norm of dx  0.0002634
Done for param sigma_gm =   0.1347; f = 298.6353
Sequence of univariate steps!!
Actual dxnorm 0.24981
FVAL          298.6353
Improvement   0.0079011
Ftol          1e-05
Htol          1e-05
Elapsed time for iteration 0.63512 s.
 
Iteration 33
Correct for low angle: 0.000838626
Predicted improvement:      124.996820976
lambda =          1; f =     16717121.1720691
lambda =    0.33333; f =      1856383.3034480
lambda =    0.11111; f =       206084.5913849
lambda =   0.037037; f =        23016.1682251
lambda =   0.012346; f =         2774.1597530
lambda =  0.0041152; f =          557.9369697
lambda =  0.0013717; f =          322.6530835
lambda = 0.00045725; f =          300.1647927
lambda = 0.00015242; f =          298.7467188
lambda = 5.0805e-05; f =          298.6440898
lambda = 1.6935e-05; f =          298.6355269
lambda =  5.645e-06; f =          298.6510986
lambda = 1.8817e-06; f =          298.6367788
lambda = 6.2723e-07; f =          298.6354009
lambda = 2.0908e-07; f =          298.6353177
Norm of dx       5339
Correct for low angle: 3.28578e-05
Predicted improvement:      895.136947672
lambda =          1; f =   1136957485.6288691
lambda =    0.33333; f =    126315626.8909602
lambda =    0.11111; f =     14030920.1454448
lambda =   0.037037; f =      1557785.9825108
lambda =   0.012346; f =       172863.5972787
lambda =  0.0041152; f =        19310.4203865
lambda =  0.0013717; f =         2357.5530928
lambda = 0.00045725; f =          510.0272278
lambda = 0.00015242; f =          316.7885950
lambda = 5.0805e-05; f =          299.3316420
lambda = 1.6935e-05; f =          298.6725282
lambda =  5.645e-06; f =          299.2026495
lambda = 1.8817e-06; f =          298.6833517
lambda = 6.2723e-07; f =          298.6406180
lambda = 2.0908e-07; f =          298.6357953
lambda = 6.9692e-08; f =          298.6353270
lambda = 2.3231e-08; f =          298.6353039
Norm of dx      38415
Predicted improvement:        0.000039155
lambda =          1; f =          298.6352647
Norm of dx 9.4521e-05
Done for param stderr obs_r =   0.2136; f = 298.6353
Predicted improvement:        0.000011098
lambda =          1; f =          298.6352536
Norm of dx 5.6973e-05
Done for param stderr obs_di =   0.0396; f = 298.6353
Predicted improvement:        0.000061365
lambda =          1; f =          298.6351921
Norm of dx    0.24823
Done for param phi = 140.2526; f = 298.6352
Predicted improvement:        0.000014267
lambda =          1; f =          298.6351779
Norm of dx 0.00096073
Done for param alpha_pi =   2.4334; f = 298.6352
Predicted improvement:        0.000013909
lambda =          1; f =          298.6351640
Norm of dx 0.00033772
Done for param alpha_y =   0.0884; f = 298.6352
Predicted improvement:        0.000061490
lambda =          1; f =          298.6351026
Norm of dx 0.00063334
Done for param gamma_m =   0.6275; f = 298.6351
Predicted improvement:        0.001121593
lambda =          1; f =          298.6339818
Norm of dx  0.0026409
Done for param gamma_I =   0.1693; f = 298.6340
Predicted improvement:        0.000336927
lambda =          1; f =          298.6336444
Norm of dx 0.00056523
Done for param delta =   0.2041; f = 298.6336
Predicted improvement:        0.000385129
lambda =          1; f =          298.6332582
Norm of dx 0.00017207
Done for param rho_xi =   0.9140; f = 298.6333
Predicted improvement:        0.000011908
lambda =          1; f =          298.6332464
Norm of dx  0.0010565
Done for param rho_theta =   0.8805; f = 298.6332
Predicted improvement:        0.000025692
lambda =          1; f =          298.6332208
Norm of dx  0.0015827
Done for param rho_z =   0.8795; f = 298.6332
Predicted improvement:        0.002325500
lambda =          1; f =          298.6308953
Norm of dx  0.0020794
Done for param rho_g =   0.1306; f = 298.6309
Predicted improvement:        0.000023942
lambda =          1; f =          298.6308714
Norm of dx  0.0010202
Done for param rho_zm =   0.2828; f = 298.6309
Predicted improvement:        0.000142648
lambda =          1; f =          298.6307290
Norm of dx  0.0014771
Done for param rho_gm =   0.0805; f = 298.6307
Predicted improvement:        0.000090113
lambda =          1; f =          298.6306390
Norm of dx  0.0019634
Done for param sigma_xi =   2.6647; f = 298.6306
Predicted improvement:        0.000580293
lambda =          1; f =          298.6300576
Norm of dx  0.0014131
Done for param sigma_g =   0.8041; f = 298.6301
Predicted improvement:        0.002310134
lambda =          1; f =          298.6277427
Norm of dx  0.0010581
Done for param sigma_zm =   0.0908; f = 298.6277
Predicted improvement:        0.000101762
lambda =          1; f =          298.6276408
Norm of dx 0.00023334
Done for param sigma_gm =   0.1350; f = 298.6276
Sequence of univariate steps!!
Actual dxnorm 0.2483
FVAL          298.6276
Improvement   0.0077057
Ftol          1e-05
Htol          1e-05
Elapsed time for iteration 0.53533 s.
 
Iteration 34
Correct for low angle: 0.000922212
Predicted improvement:      113.967737464
lambda =          1; f =     16120416.8574820
lambda =    0.33333; f =      1789907.8154931
lambda =    0.11111; f =       198640.0829449
lambda =   0.037037; f =        22169.5240129
lambda =   0.012346; f =         2673.5693565
lambda =  0.0041152; f =          544.5825788
lambda =  0.0013717; f =          320.4386278
lambda = 0.00045725; f =          299.6704562
lambda = 0.00015242; f =          298.6549676
lambda = 5.0805e-05; f =          298.6296574
lambda = 1.6935e-05; f =          298.6276636
lambda =  5.645e-06; f =          298.6348528
lambda = 1.8817e-06; f =          298.6281668
lambda = 6.2723e-07; f =          298.6276044
lambda = 2.0908e-07; f =          298.6276050
lambda = 4.0418e-07; f =          298.6275929
Norm of dx     4964.9
Correct for low angle: 2.53874e-05
Predicted improvement:     1055.570212980
lambda =          1; f =   1545725257.8362229
lambda =    0.33333; f =    171732079.5939898
lambda =    0.11111; f =     19076463.1107822
lambda =   0.037037; f =      2118158.6806080
lambda =   0.012346; f =       235046.1674183
lambda =  0.0041152; f =        26192.5969334
lambda =  0.0013717; f =         3113.2909425
lambda = 0.00045725; f =          591.0099414
lambda = 0.00015242; f =          324.7852728
lambda = 5.0805e-05; f =          299.8810128
lambda = 1.6935e-05; f =          298.7091609
lambda =  5.645e-06; f =          298.6279048
lambda = 1.8817e-06; f =          298.7002319
lambda = 6.2723e-07; f =          298.6357992
lambda = 2.0908e-07; f =          298.6284792
lambda = 6.9692e-08; f =          298.6276744
lambda = 2.3231e-08; f =          298.6275959
lambda = 7.7435e-09; f =          298.6275912
lambda = 2.5812e-09; f =          298.6275921
Norm of dx      45985
Predicted improvement:        0.000010856
lambda =          1; f =          298.6275804
Norm of dx 4.9784e-05
Done for param stderr obs_r =   0.2136; f = 298.6276
Predicted improvement:        0.000062421
lambda =          1; f =          298.6275179
Norm of dx    0.24943
Done for param phi = 140.5021; f = 298.6275
Predicted improvement:        0.000024809
lambda =          1; f =          298.6274931
Norm of dx 0.00040043
Done for param gamma_m =   0.6279; f = 298.6275
Predicted improvement:        0.001049448
lambda =          1; f =          298.6264443
Norm of dx  0.0025358
Done for param gamma_I =   0.1668; f = 298.6264
Predicted improvement:        0.000386830
lambda =          1; f =          298.6260568
Norm of dx 0.00060471
Done for param delta =   0.2035; f = 298.6261
Predicted improvement:        0.000347608
lambda =          1; f =          298.6257084
Norm of dx 0.00016312
Done for param rho_xi =   0.9138; f = 298.6257
Predicted improvement:        0.000014120
lambda =          1; f =          298.6256943
Norm of dx  0.0011496
Done for param rho_theta =   0.8806; f = 298.6257
Predicted improvement:        0.000031409
lambda =          1; f =          298.6256631
Norm of dx  0.0017521
Done for param rho_z =   0.8794; f = 298.6257
Predicted improvement:        0.002255399
lambda =          1; f =          298.6234078
Norm of dx  0.0020468
Done for param rho_g =   0.1285; f = 298.6234
Predicted improvement:        0.000027509
lambda =          1; f =          298.6233803
Norm of dx   0.001106
Done for param rho_zm =   0.2817; f = 298.6234
Predicted improvement:        0.000084263
lambda =          1; f =          298.6232961
Norm of dx  0.0011286
Done for param rho_gm =   0.0794; f = 298.6233
Predicted improvement:        0.000091330
lambda =          1; f =          298.6232049
Norm of dx  0.0019674
Done for param sigma_xi =   2.6627; f = 298.6232
Predicted improvement:        0.000525789
lambda =          1; f =          298.6226782
Norm of dx  0.0013467
Done for param sigma_g =   0.8054; f = 298.6227
Predicted improvement:        0.002251110
lambda =          1; f =          298.6204220
Norm of dx  0.0010526
Done for param sigma_zm =   0.0897; f = 298.6204
Predicted improvement:        0.000098272
lambda =          1; f =          298.6203236
Norm of dx  0.0002296
Done for param sigma_gm =   0.1352; f = 298.6203
Sequence of univariate steps!!
Actual dxnorm 0.24952
FVAL          298.6203
Improvement   0.0073172
Ftol          1e-05
Htol          1e-05
Elapsed time for iteration 0.52932 s.
 
Iteration 35
Correct for low angle: 0.000937518
Predicted improvement:      112.775090466
lambda =          1; f =     14029373.0941385
lambda =    0.33333; f =      1557984.2521887
lambda =    0.11111; f =       173009.0044864
lambda =   0.037037; f =        19367.6942939
lambda =   0.012346; f =         2377.6090223
lambda =  0.0041152; f =          516.8119608
lambda =  0.0013717; f =          319.0534620
lambda = 0.00045725; f =          300.0792056
lambda = 0.00015242; f =          298.7544070
lambda = 5.0805e-05; f =          298.6312064
lambda = 1.6935e-05; f =          298.6206138
lambda =  5.645e-06; f =          298.6360374
lambda = 1.8817e-06; f =          298.6217752
lambda = 6.2723e-07; f =          298.6203900
lambda = 2.0908e-07; f =          298.6202995
Norm of dx     5033.5
Correct for low angle: 3.2392e-05
Predicted improvement:      798.598262982
lambda =          1; f =    977867543.1569357
lambda =    0.33333; f =    108639926.8483900
lambda =    0.11111; f =     12067273.5346954
lambda =   0.037037; f =      1339709.6968880
lambda =   0.012346; f =       148668.4443899
lambda =  0.0041152; f =        16633.8868382
lambda =  0.0013717; f =         2064.0739435
lambda = 0.00045725; f =          478.7141531
lambda = 0.00015242; f =          313.7325016
lambda = 5.0805e-05; f =          299.1243525
lambda = 1.6935e-05; f =          298.6496226
lambda =  5.645e-06; f =          299.0665534
lambda = 1.8817e-06; f =          298.6617478
lambda = 6.2723e-07; f =          298.6248265
lambda = 2.0908e-07; f =          298.6206914
lambda = 6.9692e-08; f =          298.6203006
lambda = 2.3231e-08; f =          298.6202852
Norm of dx      35656
Predicted improvement:        0.000011953
lambda =          1; f =          298.6202733
Norm of dx  5.223e-05
Done for param stderr obs_r =   0.2137; f = 298.6203
Predicted improvement:        0.000068539
lambda =          1; f =          298.6202047
Norm of dx    0.26046
Done for param phi = 140.7626; f = 298.6202
Predicted improvement:        0.000013517
lambda =          1; f =          298.6201911
Norm of dx 0.00093342
Done for param alpha_pi =   2.4344; f = 298.6202
Predicted improvement:        0.000021690
lambda =          1; f =          298.6201695
Norm of dx  0.0004134
Done for param alpha_y =   0.0879; f = 298.6202
Predicted improvement:        0.000036969
lambda =          1; f =          298.6201325
Norm of dx 0.00048685
Done for param gamma_m =   0.6284; f = 298.6201
Predicted improvement:        0.001131906
lambda =          1; f =          298.6190011
Norm of dx  0.0026148
Done for param gamma_I =   0.1642; f = 298.6190
Predicted improvement:        0.000337291
lambda =          1; f =          298.6186634
Norm of dx 0.00056398
Done for param delta =   0.2029; f = 298.6187
Predicted improvement:        0.000343964
lambda =          1; f =          298.6183186
Norm of dx 0.00016191
Done for param rho_xi =   0.9137; f = 298.6183
Predicted improvement:        0.000020260
lambda =          1; f =          298.6182984
Norm of dx  0.0014038
Done for param rho_z =   0.8795; f = 298.6183
Predicted improvement:        0.002194175
lambda =          1; f =          298.6161044
Norm of dx  0.0020183
Done for param rho_g =   0.1265; f = 298.6161
Predicted improvement:        0.000026544
lambda =          1; f =          298.6160779
Norm of dx  0.0010985
Done for param rho_zm =   0.2806; f = 298.6161
Predicted improvement:        0.000115305
lambda =          1; f =          298.6159627
Norm of dx  0.0013131
Done for param rho_gm =   0.0781; f = 298.6160
Predicted improvement:        0.000071640
lambda =          1; f =          298.6158912
Norm of dx  0.0017342
Done for param sigma_xi =   2.6610; f = 298.6159
Predicted improvement:        0.000534162
lambda =          1; f =          298.6153561
Norm of dx  0.0013589
Done for param sigma_g =   0.8068; f = 298.6154
Predicted improvement:        0.002206721
lambda =          1; f =          298.6131439
Norm of dx  0.0010498
Done for param sigma_zm =   0.0887; f = 298.6131
Predicted improvement:        0.000075616
lambda =          1; f =          298.6130682
Norm of dx 0.00020166
Done for param sigma_gm =   0.1354; f = 298.6131
Sequence of univariate steps!!
Actual dxnorm 0.26053
FVAL          298.6131
Improvement   0.0072554
Ftol          1e-05
Htol          1e-05
Elapsed time for iteration 0.51871 s.
 
Iteration 36
Correct for low angle: 0.00191435
Predicted improvement:       55.361895757
lambda =          1; f =      3446819.8823555
lambda =    0.33333; f =       382741.0770664
lambda =    0.11111; f =        42625.0974711
lambda =   0.037037; f =         4946.4220568
lambda =   0.012346; f =          797.1173812
lambda =  0.0041152; f =          348.4879596
lambda =  0.0013717; f =          302.7750566
lambda = 0.00045725; f =          298.9825063
lambda = 0.00015242; f =          298.6500731
lambda = 5.0805e-05; f =          298.6159717
lambda = 1.6935e-05; f =          298.6131279
lambda =  5.645e-06; f =          298.6159962
lambda = 1.8817e-06; f =          298.6132527
lambda = 6.2723e-07; f =          298.6130424
Norm of dx     2527.5
Correct for low angle: 0.000694757
Predicted improvement:        2.134442287
lambda =          1; f =         9395.6674851
lambda =    0.33333; f =         1272.4586721
lambda =    0.11111; f =          394.9736597
lambda =   0.037037; f =          305.8294230
lambda =   0.012346; f =          298.7089547
lambda =  0.0041152; f =          299.4152412
lambda =  0.0013717; f =          298.7317726
lambda = 0.00045725; f =          298.6289540
lambda = 0.00015242; f =          298.6147331
lambda = 5.0805e-05; f =          298.6131396
lambda = 1.6935e-05; f =          298.6130199
Norm of dx     97.485
Predicted improvement:        0.000060269
lambda =          1; f =          298.6129596
Norm of dx    0.24337
Done for param phi = 141.0063; f = 298.6130
Predicted improvement:        0.000012117
lambda =          1; f =          298.6129474
Norm of dx   0.000883
Done for param alpha_pi =   2.4352; f = 298.6129
Predicted improvement:        0.000014509
lambda =          1; f =          298.6129330
Norm of dx 0.00033439
Done for param alpha_y =   0.0876; f = 298.6129
Predicted improvement:        0.000023101
lambda =          1; f =          298.6129098
Norm of dx 0.00038319
Done for param gamma_m =   0.6288; f = 298.6129
Predicted improvement:        0.001088072
lambda =          1; f =          298.6118218
Norm of dx  0.0025444
Done for param gamma_I =   0.1616; f = 298.6118
Predicted improvement:        0.000336554
lambda =          1; f =          298.6114848
Norm of dx 0.00056258
Done for param delta =   0.2023; f = 298.6115
Predicted improvement:        0.000316123
lambda =          1; f =          298.6111679
Norm of dx 0.00015488
Done for param rho_xi =   0.9135; f = 298.6112
Predicted improvement:        0.000019751
lambda =          1; f =          298.6111480
Norm of dx  0.0013575
Done for param rho_theta =   0.8807; f = 298.6111
Predicted improvement:        0.000051781
lambda =          1; f =          298.6110967
Norm of dx  0.0022576
Done for param rho_z =   0.8793; f = 298.6111
Predicted improvement:        0.002097829
lambda =          1; f =          298.6089993
Norm of dx  0.0019728
Done for param rho_g =   0.1245; f = 298.6090
Predicted improvement:        0.000028897
lambda =          1; f =          298.6089704
Norm of dx  0.0011589
Done for param rho_zm =   0.2795; f = 298.6090
Predicted improvement:        0.000082650
lambda =          1; f =          298.6088878
Norm of dx  0.0011051
Done for param rho_gm =   0.0770; f = 298.6089
Predicted improvement:        0.000069507
lambda =          1; f =          298.6088183
Norm of dx  0.0017005
Done for param sigma_xi =   2.6593; f = 298.6088
Predicted improvement:        0.000011823
lambda =          1; f =          298.6088065
Norm of dx 0.00059676
Done for param sigma_z =   0.0151; f = 298.6088
Predicted improvement:        0.000511467
lambda =          1; f =          298.6082942
Norm of dx  0.0013313
Done for param sigma_g =   0.8081; f = 298.6083
Predicted improvement:        0.002133979
lambda =          1; f =          298.6061546
Norm of dx  0.0010402
Done for param sigma_zm =   0.0876; f = 298.6062
Predicted improvement:        0.000068273
lambda =          1; f =          298.6060863
Norm of dx  0.0001918
Done for param sigma_gm =   0.1356; f = 298.6061
Sequence of univariate steps!!
Actual dxnorm 0.24376
FVAL          298.6061
Improvement   0.006982
Ftol          1e-05
Htol          1e-05
Elapsed time for iteration 0.53851 s.
 
Iteration 37
Correct for low angle: 0.000705914
Predicted improvement:      150.552026729
lambda =          1; f =     24380230.2822147
lambda =    0.33333; f =      2708607.4293550
lambda =    0.11111; f =       301031.9918257
lambda =   0.037037; f =        33651.1571628
lambda =   0.012346; f =         3984.3502145
lambda =  0.0041152; f =          701.8947632
lambda =  0.0013717; f =          341.7950693
lambda = 0.00045725; f =          303.2392574
lambda = 0.00015242; f =          299.0954167
lambda = 5.0805e-05; f =          298.6523982
lambda = 1.6935e-05; f =          298.6089766
lambda =  5.645e-06; f =          298.6456246
lambda = 1.8817e-06; f =          298.6100595
lambda = 6.2723e-07; f =          298.6064004
lambda = 2.0908e-07; f =          298.6060791
lambda = 6.9692e-08; f =          298.6060715
lambda = 1.3473e-07; f =          298.6060689
Norm of dx     7052.7
Correct for low angle: 0.000222488
Predicted improvement:      303.116650302
lambda =          1; f =     46339728.1404075
lambda =    0.33333; f =      5146431.0435482
lambda =    0.11111; f =       571194.4210873
lambda =   0.037037; f =        63433.5882047
lambda =   0.012346; f =         7215.2915257
lambda =  0.0041152; f =         1034.9081833
lambda =  0.0013717; f =          370.1379620
lambda = 0.00045725; f =          303.5875577
lambda = 0.00015242; f =          298.6306345
lambda = 5.0805e-05; f =          298.8724395
lambda = 1.6935e-05; f =          298.6144501
lambda =  5.645e-06; f =          298.7028716
lambda = 1.8817e-06; f =          298.6131182
lambda = 6.2723e-07; f =          298.6064922
lambda = 2.0908e-07; f =          298.6060122
Norm of dx      14267
Predicted improvement:        0.000031847
lambda =          1; f =          298.6059803
Norm of dx  8.521e-05
Done for param stderr obs_r =   0.2138; f = 298.6060
Predicted improvement:        0.000010561
lambda =          1; f =          298.6059698
Norm of dx 5.5559e-05
Done for param stderr obs_di =   0.0396; f = 298.6060
Predicted improvement:        0.000055900
lambda =          1; f =          298.6059138
Norm of dx    0.23353
Done for param phi = 141.2399; f = 298.6059
Predicted improvement:        0.000011798
lambda =          1; f =          298.6059020
Norm of dx 0.00027276
Done for param gamma_m =   0.6291; f = 298.6059
Predicted improvement:        0.000927393
lambda =          1; f =          298.6049750
Norm of dx  0.0023331
Done for param gamma_I =   0.1593; f = 298.6050
Predicted improvement:        0.000350708
lambda =          1; f =          298.6046238
Norm of dx 0.00057351
Done for param delta =   0.2017; f = 298.6046
Predicted improvement:        0.000268853
lambda =          1; f =          298.6043543
Norm of dx 0.00014254
Done for param rho_xi =   0.9133; f = 298.6044
Predicted improvement:        0.000011509
lambda =          1; f =          298.6043428
Norm of dx  0.0010552
Done for param rho_theta =   0.8806; f = 298.6043
Predicted improvement:        0.000051563
lambda =          1; f =          298.6042908
Norm of dx  0.0021812
Done for param rho_z =   0.8796; f = 298.6043
Predicted improvement:        0.001990811
lambda =          1; f =          298.6023004
Norm of dx  0.0019206
Done for param rho_g =   0.1226; f = 298.6023
Predicted improvement:        0.000034545
lambda =          1; f =          298.6022659
Norm of dx  0.0012813
Done for param rho_zm =   0.2782; f = 298.6023
Predicted improvement:        0.000047015
lambda =          1; f =          298.6022189
Norm of dx 0.00082926
Done for param rho_gm =   0.0762; f = 298.6022
Predicted improvement:        0.000071238
lambda =          1; f =          298.6021477
Norm of dx  0.0017141
Done for param sigma_xi =   2.6576; f = 298.6021
Predicted improvement:        0.000012146
lambda =          1; f =          298.6021355
Norm of dx 0.00060535
Done for param sigma_z =   0.0151; f = 298.6021
Predicted improvement:        0.000463812
lambda =          1; f =          298.6016710
Norm of dx  0.0012691
Done for param sigma_g =   0.8094; f = 298.6017
Predicted improvement:        0.002032966
lambda =          1; f =          298.5996324
Norm of dx  0.0010231
Done for param sigma_zm =   0.0866; f = 298.5996
Predicted improvement:        0.000064537
lambda =          1; f =          298.5995678
Norm of dx 0.00018665
Done for param sigma_gm =   0.1358; f = 298.5996
Sequence of univariate steps!!
Actual dxnorm 0.2336
FVAL          298.5996
Improvement   0.0065185
Ftol          1e-05
Htol          1e-05
Elapsed time for iteration 0.531 s.
 
Iteration 38
Correct for low angle: 0.00121099
Predicted improvement:       88.384263609
lambda =          1; f =     10508095.5937161
lambda =    0.33333; f =      1166900.1739565
lambda =    0.11111; f =       129611.5273853
lambda =   0.037037; f =        14564.4240719
lambda =   0.012346; f =         1850.0859345
lambda =  0.0041152; f =          460.2437892
lambda =  0.0013717; f =          313.4375815
lambda = 0.00045725; f =          299.6660131
lambda = 0.00015242; f =          298.7074991
lambda = 5.0805e-05; f =          298.6094522
lambda = 1.6935e-05; f =          298.6000991
lambda =  5.645e-06; f =          298.6085420
lambda = 1.8817e-06; f =          298.6003336
lambda = 6.2723e-07; f =          298.5995786
lambda = 2.0908e-07; f =          298.5995443
Norm of dx       4273
Correct for low angle: 0.000358119
Predicted improvement:      178.297187434
lambda =          1; f =     54533599.4675505
lambda =    0.33333; f =      6056653.3141494
lambda =    0.11111; f =       672260.9238953
lambda =   0.037037; f =        74640.0880482
lambda =   0.012346; f =         8452.5483993
lambda =  0.0041152; f =         1169.6569498
lambda =  0.0013717; f =          384.1960297
lambda = 0.00045725; f =          304.8390074
lambda = 0.00015242; f =          298.6603650
lambda = 5.0805e-05; f =          298.6108702
lambda = 1.6935e-05; f =          298.8139711
lambda =  5.645e-06; f =          298.6215340
lambda = 1.8817e-06; f =          298.6017659
lambda = 6.2723e-07; f =          298.5996840
lambda = 2.0908e-07; f =          298.5995222
lambda = 6.9692e-08; f =          298.5995293
Norm of dx     8621.2
Predicted improvement:        0.000010885
lambda =          1; f =          298.5995113
Norm of dx 4.9825e-05
Done for param stderr obs_r =   0.2138; f = 298.5995
Predicted improvement:        0.000055687
lambda =          1; f =          298.5994556
Norm of dx    0.23232
Done for param phi = 141.4723; f = 298.5995
Predicted improvement:        0.000011825
lambda =          1; f =          298.5994438
Norm of dx 0.00029597
Done for param alpha_y =   0.0873; f = 298.5994
Predicted improvement:        0.000019930
lambda =          1; f =          298.5994238
Norm of dx 0.00035328
Done for param gamma_m =   0.6294; f = 298.5994
Predicted improvement:        0.000963571
lambda =          1; f =          298.5984607
Norm of dx  0.0023629
Done for param gamma_I =   0.1569; f = 298.5985
Predicted improvement:        0.000307246
lambda =          1; f =          298.5981531
Norm of dx 0.00053619
Done for param delta =   0.2012; f = 298.5982
Predicted improvement:        0.000240799
lambda =          1; f =          298.5979118
Norm of dx 0.00013464
Done for param rho_xi =   0.9132; f = 298.5979
Predicted improvement:        0.000014151
lambda =          1; f =          298.5978976
Norm of dx   0.001151
Done for param rho_theta =   0.8807; f = 298.5979
Predicted improvement:        0.000032408
lambda =          1; f =          298.5978654
Norm of dx  0.0017802
Done for param rho_z =   0.8793; f = 298.5979
Predicted improvement:        0.001889409
lambda =          1; f =          298.5959761
Norm of dx  0.0018702
Done for param rho_g =   0.1207; f = 298.5960
Predicted improvement:        0.000032759
lambda =          1; f =          298.5959434
Norm of dx  0.0012611
Done for param rho_zm =   0.2769; f = 298.5959
Predicted improvement:        0.000062725
lambda =          1; f =          298.5958807
Norm of dx 0.00095354
Done for param rho_gm =   0.0752; f = 298.5959
Predicted improvement:        0.000056744
lambda =          1; f =          298.5958240
Norm of dx  0.0015233
Done for param sigma_xi =   2.6560; f = 298.5958
Predicted improvement:        0.000455550
lambda =          1; f =          298.5953677
Norm of dx   0.001259
Done for param sigma_g =   0.8107; f = 298.5954
Predicted improvement:        0.001934422
lambda =          1; f =          298.5934277
Norm of dx  0.0010054
Done for param sigma_zm =   0.0856; f = 298.5934
Predicted improvement:        0.000055060
lambda =          1; f =          298.5933726
Norm of dx 0.00017257
Done for param sigma_gm =   0.1360; f = 298.5934
Sequence of univariate steps!!
Actual dxnorm 0.23246
FVAL          298.5934
Improvement   0.0061952
Ftol          1e-05
Htol          1e-05
Elapsed time for iteration 0.49573 s.
 
Iteration 39
Correct for low angle: 0.00164732
Predicted improvement:       65.212366417
lambda =          1; f =      6350379.9595724
lambda =    0.33333; f =       704990.9549178
lambda =    0.11111; f =        78308.0019646
lambda =   0.037037; f =         8870.4325465
lambda =   0.012346; f =         1219.5251373
lambda =  0.0041152; f =          390.8794779
lambda =  0.0013717; f =          305.9594593
lambda = 0.00045725; f =          298.9078087
lambda = 0.00015242; f =          298.6205100
lambda = 5.0805e-05; f =          298.5947451
lambda = 1.6935e-05; f =          298.6437096
lambda =  5.645e-06; f =          298.5984781
lambda = 1.8817e-06; f =          298.5937765
lambda = 6.2723e-07; f =          298.5933629
lambda = 2.0908e-07; f =          298.5933533
lambda = 4.0418e-07; f =          298.5933498
Norm of dx     3270.9
Correct for low angle: 3.97932e-05
Predicted improvement:      788.759379919
lambda =          1; f =   1223863191.7263584
lambda =    0.33333; f =    135971324.1323824
lambda =    0.11111; f =     15103611.2513409
lambda =   0.037037; f =      1676919.1319140
lambda =   0.012346; f =       186082.3306588
lambda =  0.0041152; f =        20773.0547245
lambda =  0.0013717; f =         2518.0119818
lambda = 0.00045725; f =          527.1455382
lambda = 0.00015242; f =          318.4287019
lambda = 5.0805e-05; f =          299.4014578
lambda = 1.6935e-05; f =          298.6312100
lambda =  5.645e-06; f =          299.1889096
lambda = 1.8817e-06; f =          298.6446925
lambda = 6.2723e-07; f =          298.5992492
lambda = 2.0908e-07; f =          298.5939569
lambda = 6.9692e-08; f =          298.5933937
lambda = 2.3231e-08; f =          298.5933465
lambda = 7.7435e-09; f =          298.5933467
lambda = 2.5812e-09; f =          298.5933486
Norm of dx      39572
Predicted improvement:        0.000054583
lambda =          1; f =          298.5932919
Norm of dx    0.22922
Done for param phi = 141.7016; f = 298.5933
Predicted improvement:        0.000030307
lambda =          1; f =          298.5932615
Norm of dx  0.0013917
Done for param alpha_pi =   2.4366; f = 298.5933
Predicted improvement:        0.000010329
lambda =          1; f =          298.5932512
Norm of dx 0.00027387
Done for param alpha_y =   0.0870; f = 298.5933
Predicted improvement:        0.000025255
lambda =          1; f =          298.5932259
Norm of dx 0.00039626
Done for param gamma_m =   0.6298; f = 298.5932
Predicted improvement:        0.000937834
lambda =          1; f =          298.5922885
Norm of dx  0.0023159
Done for param gamma_I =   0.1546; f = 298.5923
Predicted improvement:        0.000310999
lambda =          1; f =          298.5919771
Norm of dx 0.00053876
Done for param delta =   0.2007; f = 298.5920
Predicted improvement:        0.000259813
lambda =          1; f =          298.5917167
Norm of dx 0.00013953
Done for param rho_xi =   0.9130; f = 298.5917
Predicted improvement:        0.000015425
lambda =          1; f =          298.5917013
Norm of dx  0.0012013
Done for param rho_theta =   0.8806; f = 298.5917
Predicted improvement:        0.000033358
lambda =          1; f =          298.5916681
Norm of dx  0.0018065
Done for param rho_z =   0.8794; f = 298.5917
Predicted improvement:        0.001779296
lambda =          1; f =          298.5898893
Norm of dx  0.0018141
Done for param rho_g =   0.1189; f = 298.5899
Predicted improvement:        0.000028382
lambda =          1; f =          298.5898609
Norm of dx  0.0011863
Done for param rho_zm =   0.2757; f = 298.5899
Predicted improvement:        0.000063119
lambda =          1; f =          298.5897978
Norm of dx 0.00095155
Done for param rho_gm =   0.0743; f = 298.5898
Predicted improvement:        0.000048860
lambda =          1; f =          298.5897490
Norm of dx  0.0014076
Done for param sigma_xi =   2.6546; f = 298.5897
Predicted improvement:        0.000420056
lambda =          1; f =          298.5893283
Norm of dx  0.0012102
Done for param sigma_g =   0.8119; f = 298.5893
Predicted improvement:        0.001885555
lambda =          1; f =          298.5874369
Norm of dx  0.0010002
Done for param sigma_zm =   0.0846; f = 298.5874
Predicted improvement:        0.000045886
lambda =          1; f =          298.5873910
Norm of dx 0.00015766
Done for param sigma_gm =   0.1361; f = 298.5874
Sequence of univariate steps!!
Actual dxnorm 0.22933
FVAL          298.5874
Improvement   0.0059815
Ftol          1e-05
Htol          1e-05
Elapsed time for iteration 0.53724 s.
 
Iteration 40
Correct for low angle: 0.00122239
Predicted improvement:       88.083827089
lambda =          1; f =     12331437.2610007
lambda =    0.33333; f =      1369300.6017059
lambda =    0.11111; f =       152036.0919648
lambda =   0.037037; f =        17034.5952759
lambda =   0.012346; f =         2117.3991555
lambda =  0.0041152; f =          487.5544815
lambda =  0.0013717; f =          315.6678160
lambda = 0.00045725; f =          299.6383600
lambda = 0.00015242; f =          298.6790037
lambda = 5.0805e-05; f =          298.5956304
lambda = 1.6935e-05; f =          298.5877965
lambda =  5.645e-06; f =          298.5961657
lambda = 1.8817e-06; f =          298.5881387
lambda = 6.2723e-07; f =          298.5874001
lambda = 2.0908e-07; f =          298.5873675
Norm of dx     4505.5
Correct for low angle: 3.89806e-05
Predicted improvement:      916.046419915
lambda =          1; f =   1644384628.1149888
lambda =    0.33333; f =    182693731.4826510
lambda =    0.11111; f =     20294257.6102283
lambda =   0.037037; f =      2253413.5391497
lambda =   0.012346; f =       250055.9062631
lambda =  0.0041152; f =        27854.1281849
lambda =  0.0013717; f =         3295.8187591
lambda = 0.00045725; f =          610.5723712
lambda = 0.00015242; f =          326.6965109
lambda = 5.0805e-05; f =          299.9830318
lambda = 1.6935e-05; f =          298.6689942
lambda =  5.645e-06; f =          298.5876424
lambda = 1.8817e-06; f =          298.6612623
lambda = 6.2723e-07; f =          298.5954576
lambda = 2.0908e-07; f =          298.5881282
lambda = 6.9692e-08; f =          298.5873959
lambda = 2.3231e-08; f =          298.5873515
Norm of dx      47070
Predicted improvement:        0.000028397
lambda =          1; f =          298.5873231
Norm of dx 8.0435e-05
Done for param stderr obs_r =   0.2139; f = 298.5873
Predicted improvement:        0.000040531
lambda =          1; f =          298.5872825
Norm of dx    0.19688
Done for param phi = 141.8985; f = 298.5873
Predicted improvement:        0.000881100
lambda =          1; f =          298.5864016
Norm of dx    0.00223
Done for param gamma_I =   0.1524; f = 298.5864
Predicted improvement:        0.000334116
lambda =          1; f =          298.5860670
Norm of dx  0.0005577
Done for param delta =   0.2001; f = 298.5861
Predicted improvement:        0.000235560
lambda =          1; f =          298.5858310
Norm of dx 0.00013258
Done for param rho_xi =   0.9129; f = 298.5858
Predicted improvement:        0.000020971
lambda =          1; f =          298.5858101
Norm of dx  0.0014286
Done for param rho_z =   0.8793; f = 298.5858
Predicted improvement:        0.001634254
lambda =          1; f =          298.5841761
Norm of dx  0.0017372
Done for param rho_g =   0.1172; f = 298.5842
Predicted improvement:        0.000032697
lambda =          1; f =          298.5841434
Norm of dx   0.001287
Done for param rho_zm =   0.2744; f = 298.5841
Predicted improvement:        0.000031115
lambda =          1; f =          298.5841123
Norm of dx 0.00066501
Done for param rho_gm =   0.0736; f = 298.5841
Predicted improvement:        0.000051906
lambda =          1; f =          298.5840604
Norm of dx  0.0014452
Done for param sigma_xi =   2.6532; f = 298.5841
Predicted improvement:        0.000358644
lambda =          1; f =          298.5837013
Norm of dx  0.0011194
Done for param sigma_g =   0.8130; f = 298.5837
Predicted improvement:        0.001812456
lambda =          1; f =          298.5818830
Norm of dx 0.00098828
Done for param sigma_zm =   0.0836; f = 298.5819
Predicted improvement:        0.000040431
lambda =          1; f =          298.5818425
Norm of dx 0.00014813
Done for param sigma_gm =   0.1363; f = 298.5818
Sequence of univariate steps!!
Actual dxnorm 0.19696
FVAL          298.5818
Improvement   0.0055485
Ftol          1e-05
Htol          1e-05
Elapsed time for iteration 0.47179 s.
 
Iteration 41
Correct for low angle: 0.00132449
Predicted improvement:       81.735172045
lambda =          1; f =      8680696.5976016
lambda =    0.33333; f =       964544.9016543
lambda =    0.11111; f =       107357.2833556
lambda =   0.037037; f =        12168.2676507
lambda =   0.012346; f =         1609.3463250
lambda =  0.0041152; f =          441.9844702
lambda =  0.0013717; f =          314.1997599
lambda = 0.00045725; f =          300.2705281
lambda = 0.00015242; f =          298.7543516
lambda = 5.0805e-05; f =          298.5963928
lambda = 1.6935e-05; f =          298.5823436
lambda =  5.645e-06; f =          298.5961090
lambda = 1.8817e-06; f =          298.5832182
lambda = 6.2723e-07; f =          298.5819269
lambda = 2.0908e-07; f =          298.5818291
Norm of dx     4311.6
Correct for low angle: 0.000430706
Predicted improvement:        2.116862415
lambda =          1; f =        11795.1314116
lambda =    0.33333; f =         1534.4041738
lambda =    0.11111; f =          422.5018800
lambda =   0.037037; f =          308.3443326
lambda =   0.012346; f =          298.7891879
lambda =  0.0041152; f =          299.5852627
lambda =  0.0013717; f =          298.7281754
lambda = 0.00045725; f =          298.6017569
lambda = 0.00015242; f =          298.5839847
lambda = 5.0805e-05; f =          298.5819598
lambda = 1.6935e-05; f =          298.5818031
Norm of dx     111.77
Predicted improvement:        0.000043062
lambda =          1; f =          298.5817600
Norm of dx    0.20229
Done for param phi = 142.1013; f = 298.5818
Predicted improvement:        0.000014770
lambda =          1; f =          298.5817452
Norm of dx 0.00097029
Done for param alpha_pi =   2.4376; f = 298.5817
Predicted improvement:        0.000011823
lambda =          1; f =          298.5817334
Norm of dx 0.00028774
Done for param alpha_y =   0.0868; f = 298.5817
Predicted improvement:        0.000039544
lambda =          1; f =          298.5816938
Norm of dx  0.0004928
Done for param gamma_m =   0.6303; f = 298.5817
Predicted improvement:        0.000789872
lambda =          1; f =          298.5809042
Norm of dx  0.0020986
Done for param gamma_I =   0.1502; f = 298.5809
Predicted improvement:        0.000257956
lambda =          1; f =          298.5806459
Norm of dx  0.0004896
Done for param delta =   0.1996; f = 298.5806
Predicted improvement:        0.000199168
lambda =          1; f =          298.5804464
Norm of dx 0.00012169
Done for param rho_xi =   0.9128; f = 298.5804
Predicted improvement:        0.000015454
lambda =          1; f =          298.5804309
Norm of dx  0.0012025
Done for param rho_theta =   0.8805; f = 298.5804
Predicted improvement:        0.000044348
lambda =          1; f =          298.5803869
Norm of dx   0.002087
Done for param rho_z =   0.8795; f = 298.5804
Predicted improvement:        0.001515311
lambda =          1; f =          298.5788718
Norm of dx   0.001672
Done for param rho_g =   0.1155; f = 298.5789
Predicted improvement:        0.000036473
lambda =          1; f =          298.5788354
Norm of dx  0.0013736
Done for param rho_zm =   0.2731; f = 298.5788
Predicted improvement:        0.000050693
lambda =          1; f =          298.5787847
Norm of dx 0.00084515
Done for param rho_gm =   0.0727; f = 298.5788
Predicted improvement:        0.000042686
lambda =          1; f =          298.5787421
Norm of dx  0.0013055
Done for param sigma_xi =   2.6519; f = 298.5787
Predicted improvement:        0.000368716
lambda =          1; f =          298.5783729
Norm of dx  0.0011359
Done for param sigma_g =   0.8141; f = 298.5784
Predicted improvement:        0.001692418
lambda =          1; f =          298.5766748
Norm of dx 0.00096216
Done for param sigma_zm =   0.0827; f = 298.5767
Predicted improvement:        0.000036534
lambda =          1; f =          298.5766382
Norm of dx 0.00014089
Done for param sigma_gm =   0.1364; f = 298.5766
Sequence of univariate steps!!
Actual dxnorm 0.20285
FVAL          298.5766
Improvement   0.0052043
Ftol          1e-05
Htol          1e-05
Elapsed time for iteration 0.49371 s.
 
Iteration 42
Correct for low angle: 0.00161396
Predicted improvement:       67.416912036
lambda =          1; f =      8614749.2378307
lambda =    0.33333; f =       956384.9211055
lambda =    0.11111; f =       106173.1152695
lambda =   0.037037; f =        11944.0840155
lambda =   0.012346; f =         1553.5462097
lambda =  0.0041152; f =          425.4843031
lambda =  0.0013717; f =          308.9581893
lambda = 0.00045725; f =          298.9488759
lambda = 0.00015242; f =          298.6000036
lambda = 5.0805e-05; f =          298.5782956
lambda = 1.6935e-05; f =          298.5766493
lambda =  5.645e-06; f =          298.5808850
lambda = 1.8817e-06; f =          298.5769436
lambda = 6.2723e-07; f =          298.5766159
lambda = 2.0908e-07; f =          298.5766170
lambda = 4.0418e-07; f =          298.5766096
Norm of dx     3692.8
Correct for low angle: 5.53414e-05
Predicted improvement:      913.732268780
lambda =          1; f =   1843007522.6429615
lambda =    0.33333; f =    204762015.2268074
lambda =    0.11111; f =     22745980.2079581
lambda =   0.037037; f =      2525724.1748296
lambda =   0.012346; f =       280278.3058217
lambda =  0.0041152; f =        31200.7203523
lambda =  0.0013717; f =         3663.8634279
lambda = 0.00045725; f =          650.1933378
lambda = 0.00015242; f =          330.6676891
lambda = 5.0805e-05; f =          300.2737004
lambda = 1.6935e-05; f =          298.6830713
lambda =  5.645e-06; f =          298.5775153
lambda = 1.8817e-06; f =          298.6641259
lambda = 6.2723e-07; f =          298.5864157
lambda = 2.0908e-07; f =          298.5776640
lambda = 6.9692e-08; f =          298.5767043
lambda = 2.3231e-08; f =          298.5766121
lambda = 7.7435e-09; f =          298.5766072
lambda = 2.5812e-09; f =          298.5766084
Norm of dx      50333
Predicted improvement:        0.000026334
lambda =          1; f =          298.5765808
Norm of dx 7.7442e-05
Done for param stderr obs_r =   0.2140; f = 298.5766
Predicted improvement:        0.000010646
lambda =          1; f =          298.5765702
Norm of dx 5.5766e-05
Done for param stderr obs_di =   0.0395; f = 298.5766
Predicted improvement:        0.000029620
lambda =          1; f =          298.5765406
Norm of dx    0.16723
Done for param phi = 142.2686; f = 298.5765
Predicted improvement:        0.000011956
lambda =          1; f =          298.5765286
Norm of dx 0.00026994
Done for param gamma_m =   0.6306; f = 298.5765
Predicted improvement:        0.000707246
lambda =          1; f =          298.5758216
Norm of dx   0.001974
Done for param gamma_I =   0.1483; f = 298.5758
Predicted improvement:        0.000267948
lambda =          1; f =          298.5755533
Norm of dx 0.00049841
Done for param delta =   0.1991; f = 298.5756
Predicted improvement:        0.000180519
lambda =          1; f =          298.5753724
Norm of dx 0.00011562
Done for param rho_xi =   0.9126; f = 298.5754
Predicted improvement:        0.000017778
lambda =          1; f =          298.5753547
Norm of dx  0.0013143
Done for param rho_z =   0.8794; f = 298.5754
Predicted improvement:        0.001403909
lambda =          1; f =          298.5739511
Norm of dx  0.0016082
Done for param rho_g =   0.1139; f = 298.5740
Predicted improvement:        0.000036224
lambda =          1; f =          298.5739149
Norm of dx  0.0013829
Done for param rho_zm =   0.2717; f = 298.5739
Predicted improvement:        0.000024822
lambda =          1; f =          298.5738901
Norm of dx 0.00058868
Done for param rho_gm =   0.0721; f = 298.5739
Predicted improvement:        0.000042862
lambda =          1; f =          298.5738472
Norm of dx  0.0013033
Done for param sigma_xi =   2.6506; f = 298.5738
Predicted improvement:        0.000325934
lambda =          1; f =          298.5735209
Norm of dx  0.0010688
Done for param sigma_g =   0.8152; f = 298.5735
Predicted improvement:        0.001603878
lambda =          1; f =          298.5719115
Norm of dx  0.0009438
Done for param sigma_zm =   0.0817; f = 298.5719
Predicted improvement:        0.000036175
lambda =          1; f =          298.5718753
Norm of dx 0.00014028
Done for param sigma_gm =   0.1365; f = 298.5719
Sequence of univariate steps!!
Actual dxnorm 0.16735
FVAL          298.5719
Improvement   0.0047629
Ftol          1e-05
Htol          1e-05
Elapsed time for iteration 0.50112 s.
 
Iteration 43
Correct for low angle: 0.000291826
Predicted improvement:      373.342473453
lambda =          1; f =    221536460.3763048
lambda =    0.33333; f =     24615210.2535367
lambda =    0.11111; f =      2735216.8366167
lambda =   0.037037; f =       304154.9487795
lambda =   0.012346; f =        34053.1196387
lambda =  0.0041152; f =         4046.8963981
lambda =  0.0013717; f =          714.3291490
lambda = 0.00045725; f =          344.5264707
lambda = 0.00015242; f =          303.5981414
lambda = 5.0805e-05; f =          299.1041683
lambda = 1.6935e-05; f =          298.6227109
lambda =  5.645e-06; f =          298.5751734
lambda = 1.8817e-06; f =          298.5718773
lambda = 6.2723e-07; f =          298.5758624
lambda = 2.0908e-07; f =          298.5722155
lambda = 6.9692e-08; f =          298.5718784
lambda = 2.3231e-08; f =          298.5718641
Norm of dx      21264
Correct for low angle: 0.000413202
Predicted improvement:        2.013259314
lambda =          1; f =        11984.7670822
lambda =    0.33333; f =         1555.1119570
lambda =    0.11111; f =          424.6762125
lambda =   0.037037; f =          308.5380643
lambda =   0.012346; f =          298.7890592
lambda =  0.0041152; f =          299.5936067
lambda =  0.0013717; f =          298.7205503
lambda = 0.00045725; f =          298.5920675
lambda = 0.00015242; f =          298.5740270
lambda = 5.0805e-05; f =          298.5719855
lambda = 1.6935e-05; f =          298.5718335
Norm of dx     114.69
Predicted improvement:        0.000042808
lambda =          1; f =          298.5717907
Norm of dx    0.20038
Done for param phi = 142.4696; f = 298.5718
Predicted improvement:        0.000015864
lambda =          1; f =          298.5717748
Norm of dx   0.001004
Done for param alpha_pi =   2.4386; f = 298.5718
Predicted improvement:        0.000014222
lambda =          1; f =          298.5717606
Norm of dx 0.00029356
Done for param gamma_m =   0.6309; f = 298.5718
Predicted improvement:        0.000690295
lambda =          1; f =          298.5710705
Norm of dx  0.0019393
Done for param gamma_I =   0.1463; f = 298.5711
Predicted improvement:        0.000258201
lambda =          1; f =          298.5708120
Norm of dx 0.00048873
Done for param delta =   0.1986; f = 298.5708
Predicted improvement:        0.000183121
lambda =          1; f =          298.5706285
Norm of dx 0.00011622
Done for param rho_xi =   0.9125; f = 298.5706
Predicted improvement:        0.000010500
lambda =          1; f =          298.5706179
Norm of dx 0.00099281
Done for param rho_theta =   0.8805; f = 298.5706
Predicted improvement:        0.000035806
lambda =          1; f =          298.5705824
Norm of dx  0.0018726
Done for param rho_z =   0.8794; f = 298.5706
Predicted improvement:        0.001281950
lambda =          1; f =          298.5693006
Norm of dx  0.0015356
Done for param rho_g =   0.1123; f = 298.5693
Predicted improvement:        0.000033077
lambda =          1; f =          298.5692675
Norm of dx  0.0013348
Done for param rho_zm =   0.2704; f = 298.5693
Predicted improvement:        0.000029883
lambda =          1; f =          298.5692376
Norm of dx  0.0006434
Done for param rho_gm =   0.0715; f = 298.5692
Predicted improvement:        0.000037160
lambda =          1; f =          298.5692005
Norm of dx  0.0012092
Done for param sigma_xi =   2.6494; f = 298.5692
Predicted improvement:        0.000283808
lambda =          1; f =          298.5689164
Norm of dx 0.00099813
Done for param sigma_g =   0.8162; f = 298.5689
Predicted improvement:        0.001532298
lambda =          1; f =          298.5673786
Norm of dx 0.00092963
Done for param sigma_zm =   0.0808; f = 298.5674
Predicted improvement:        0.000033455
lambda =          1; f =          298.5673451
Norm of dx 0.00013498
Done for param sigma_gm =   0.1367; f = 298.5673
Sequence of univariate steps!!
Actual dxnorm 0.20102
FVAL          298.5673
Improvement   0.0045302
Ftol          1e-05
Htol          1e-05
Elapsed time for iteration 0.47714 s.
 
Iteration 44
Correct for low angle: 0.00160944
Predicted improvement:       68.202609605
lambda =          1; f =      9913993.1808267
lambda =    0.33333; f =      1100739.5580663
lambda =    0.11111; f =       122210.5788582
lambda =   0.037037; f =        13725.4059035
lambda =   0.012346; f =         1751.2637975
lambda =  0.0041152; f =          447.3783596
lambda =  0.0013717; f =          311.3604652
lambda = 0.00045725; f =          299.2001209
lambda = 0.00015242; f =          298.6179955
lambda = 5.0805e-05; f =          298.5715498
lambda = 1.6935e-05; f =          298.5674760
lambda =  5.645e-06; f =          298.5733175
lambda = 1.8817e-06; f =          298.5678368
lambda = 6.2723e-07; f =          298.5673427
lambda = 2.0908e-07; f =          298.5673258
Norm of dx     3988.4
Correct for low angle: 4.79649e-05
Predicted improvement:      722.617043625
lambda =          1; f =   1327115391.3584533
lambda =    0.33333; f =    147443213.5406437
lambda =    0.11111; f =     16378073.1977115
lambda =   0.037037; f =      1818461.8501976
lambda =   0.012346; f =       201787.8940833
lambda =  0.0041152; f =        22510.9776667
lambda =  0.0013717; f =         2708.7401680
lambda = 0.00045725; f =          547.5311394
lambda = 0.00015242; f =          320.4099920
lambda = 5.0805e-05; f =          299.5120387
lambda = 1.6935e-05; f =          298.6299973
lambda =  5.645e-06; f =          298.5673615
lambda = 1.8817e-06; f =          298.6280861
lambda = 6.2723e-07; f =          298.5740211
lambda = 2.0908e-07; f =          298.5679690
lambda = 6.9692e-08; f =          298.5673563
lambda = 2.3231e-08; f =          298.5673152
Norm of dx      42461
Predicted improvement:        0.000023199
lambda =          1; f =          298.5672920
Norm of dx  7.267e-05
Done for param stderr obs_r =   0.2141; f = 298.5673
Predicted improvement:        0.000030556
lambda =          1; f =          298.5672614
Norm of dx    0.16883
Done for param phi = 142.6385; f = 298.5673
Predicted improvement:        0.000011447
lambda =          1; f =          298.5672500
Norm of dx 0.00027606
Done for param alpha_y =   0.0865; f = 298.5672
Predicted improvement:        0.000787331
lambda =          1; f =          298.5664628
Norm of dx  0.0020593
Done for param gamma_I =   0.1443; f = 298.5665
Predicted improvement:        0.000210124
lambda =          1; f =          298.5662524
Norm of dx 0.00044051
Done for param delta =   0.1982; f = 298.5663
Predicted improvement:        0.000159062
lambda =          1; f =          298.5660931
Norm of dx 0.00010812
Done for param rho_xi =   0.9124; f = 298.5661
Predicted improvement:        0.000018247
lambda =          1; f =          298.5660749
Norm of dx  0.0013317
Done for param rho_z =   0.8794; f = 298.5661
Predicted improvement:        0.001162170
lambda =          1; f =          298.5649129
Norm of dx  0.0014612
Done for param rho_g =   0.1109; f = 298.5649
Predicted improvement:        0.000033088
lambda =          1; f =          298.5648799
Norm of dx  0.0013479
Done for param rho_zm =   0.2690; f = 298.5649
Predicted improvement:        0.000030428
lambda =          1; f =          298.5648494
Norm of dx 0.00064678
Done for param rho_gm =   0.0709; f = 298.5648
Predicted improvement:        0.000031999
lambda =          1; f =          298.5648174
Norm of dx  0.0011181
Done for param sigma_xi =   2.6482; f = 298.5648
Predicted improvement:        0.000278699
lambda =          1; f =          298.5645385
Norm of dx 0.00098979
Done for param sigma_g =   0.8172; f = 298.5645
Predicted improvement:        0.001431269
lambda =          1; f =          298.5631020
Norm of dx 0.00090498
Done for param sigma_zm =   0.0799; f = 298.5631
Predicted improvement:        0.000024267
lambda =          1; f =          298.5630777
Norm of dx 0.00011505
Done for param sigma_gm =   0.1368; f = 298.5631
Sequence of univariate steps!!
Actual dxnorm 0.16891
FVAL          298.5631
Improvement   0.0042674
Ftol          1e-05
Htol          1e-05
Elapsed time for iteration 0.46811 s.
 
Iteration 45
Correct for low angle: 0.00025285
Predicted improvement:      434.083500602
lambda =          1; f =    345618562.9111617
lambda =    0.33333; f =     38402055.9137974
lambda =    0.11111; f =      4267070.3628916
lambda =   0.037037; f =       474354.8186284
lambda =   0.012346; f =        52962.1858311
lambda =  0.0041152; f =         6147.3236112
lambda =  0.0013717; f =          947.5220877
lambda = 0.00045725; f =          370.3689627
lambda = 0.00015242; f =          306.4417042
lambda = 5.0805e-05; f =          299.4056311
lambda = 1.6935e-05; f =          298.6461637
lambda =  5.645e-06; f =          298.5692179
lambda = 1.8817e-06; f =          298.5631482
lambda = 6.2723e-07; f =          298.5694390
lambda = 2.0908e-07; f =          298.5636660
lambda = 6.9692e-08; f =          298.5631028
lambda = 2.3231e-08; f =          298.5630670
Norm of dx      26557
Correct for low angle: 0.000470681
Predicted improvement:        1.903406865
lambda =          1; f =        12827.1010840
lambda =    0.33333; f =         1647.1949243
lambda =    0.11111; f =          434.4006113
lambda =   0.037037; f =          309.4444000
lambda =   0.012346; f =          298.8265216
lambda =  0.0041152; f =          299.6526797
lambda =  0.0013717; f =          298.7210814
lambda = 0.00045725; f =          298.5847705
lambda = 0.00015242; f =          298.5654503
lambda = 5.0805e-05; f =          298.5632221
lambda = 1.6935e-05; f =          298.5630428
Norm of dx      116.5
Predicted improvement:        0.000030276
lambda =          1; f =          298.5630125
Norm of dx    0.16754
Done for param phi = 142.8065; f = 298.5630
Predicted improvement:        0.000013218
lambda =          1; f =          298.5629993
Norm of dx 0.00091506
Done for param alpha_pi =   2.4395; f = 298.5630
Predicted improvement:        0.000022609
lambda =          1; f =          298.5629766
Norm of dx 0.00036821
Done for param gamma_m =   0.6312; f = 298.5630
Predicted improvement:        0.000559342
lambda =          1; f =          298.5624174
Norm of dx  0.0017264
Done for param gamma_I =   0.1425; f = 298.5624
Predicted improvement:        0.000202251
lambda =          1; f =          298.5622149
Norm of dx 0.00043175
Done for param delta =   0.1978; f = 298.5622
Predicted improvement:        0.000142740
lambda =          1; f =          298.5620719
Norm of dx 0.00010225
Done for param rho_xi =   0.9123; f = 298.5621
Predicted improvement:        0.000038252
lambda =          1; f =          298.5620339
Norm of dx  0.0019364
Done for param rho_z =   0.8795; f = 298.5620
Predicted improvement:        0.001056794
lambda =          1; f =          298.5609774
Norm of dx  0.0013924
Done for param rho_g =   0.1095; f = 298.5610
Predicted improvement:        0.000035053
lambda =          1; f =          298.5609424
Norm of dx  0.0014008
Done for param rho_zm =   0.2676; f = 298.5609
Predicted improvement:        0.000023110
lambda =          1; f =          298.5609193
Norm of dx 0.00056133
Done for param rho_gm =   0.0703; f = 298.5609
Predicted improvement:        0.000030897
lambda =          1; f =          298.5608884
Norm of dx  0.0010951
Done for param sigma_xi =   2.6472; f = 298.5609
Predicted improvement:        0.000015778
lambda =          1; f =          298.5608726
Norm of dx 0.00092203
Done for param sigma_theta =   0.0271; f = 298.5609
Predicted improvement:        0.000243162
lambda =          1; f =          298.5606292
Norm of dx 0.00092518
Done for param sigma_g =   0.8181; f = 298.5606
Predicted improvement:        0.001358425
lambda =          1; f =          298.5592657
Norm of dx 0.00088836
Done for param sigma_zm =   0.0790; f = 298.5593
Predicted improvement:        0.000025236
lambda =          1; f =          298.5592405
Norm of dx 0.00011737
Done for param sigma_gm =   0.1369; f = 298.5592
Sequence of univariate steps!!
Actual dxnorm 0.16808
FVAL          298.5592
Improvement   0.0038372
Ftol          1e-05
Htol          1e-05
Elapsed time for iteration 0.50865 s.
 
Iteration 46
Correct for low angle: 0.00066721
Predicted improvement:      165.679894737
lambda =          1; f =     55926553.0562242
lambda =    0.33333; f =      6213595.6030663
lambda =    0.11111; f =       690422.1551433
lambda =   0.037037; f =        76899.0433468
lambda =   0.012346; f =         8783.9241723
lambda =  0.0041152; f =         1233.2564627
lambda =  0.0013717; f =          400.1659403
lambda = 0.00045725; f =          309.5472422
lambda = 0.00015242; f =          299.7575976
lambda = 5.0805e-05; f =          298.6850205
lambda = 1.6935e-05; f =          298.5708990
lambda =  5.645e-06; f =          298.5599034
lambda = 1.8817e-06; f =          298.5682399
lambda = 6.2723e-07; f =          298.5600933
lambda = 2.0908e-07; f =          298.5592888
lambda = 6.9692e-08; f =          298.5592304
Norm of dx      10483
Correct for low angle: 0.000507709
Predicted improvement:        1.917536656
lambda =          1; f =        11684.5489758
lambda =    0.33333; f =         1522.2931844
lambda =    0.11111; f =          421.2015656
lambda =   0.037037; f =          308.2017210
lambda =   0.012346; f =          298.7607032
lambda =  0.0041152; f =          299.5663242
lambda =  0.0013717; f =          298.7059567
lambda = 0.00045725; f =          298.5791485
lambda = 0.00015242; f =          298.5613752
lambda = 5.0805e-05; f =          298.5593574
lambda = 1.6935e-05; f =          298.5592032
Norm of dx     121.93
Predicted improvement:        0.000018207
lambda =          1; f =          298.5591850
Norm of dx 6.4369e-05
Done for param stderr obs_r =   0.2141; f = 298.5592
Predicted improvement:        0.000028841
lambda =          1; f =          298.5591561
Norm of dx    0.16307
Done for param phi = 142.9706; f = 298.5592
Predicted improvement:        0.000605851
lambda =          1; f =          298.5585505
Norm of dx  0.0017877
Done for param gamma_I =   0.1407; f = 298.5586
Predicted improvement:        0.000193055
lambda =          1; f =          298.5583572
Norm of dx 0.00042142
Done for param delta =   0.1973; f = 298.5584
Predicted improvement:        0.000128906
lambda =          1; f =          298.5582281
Norm of dx    9.7e-05
Done for param rho_xi =   0.9122; f = 298.5582
Predicted improvement:        0.000034070
lambda =          1; f =          298.5581942
Norm of dx  0.0018261
Done for param rho_z =   0.8794; f = 298.5582
Predicted improvement:        0.000949068
lambda =          1; f =          298.5572454
Norm of dx  0.0013185
Done for param rho_g =   0.1082; f = 298.5572
Predicted improvement:        0.000033738
lambda =          1; f =          298.5572117
Norm of dx  0.0013872
Done for param rho_zm =   0.2662; f = 298.5572
Predicted improvement:        0.000015827
lambda =          1; f =          298.5571958
Norm of dx 0.00046296
Done for param rho_gm =   0.0698; f = 298.5572
Predicted improvement:        0.000029125
lambda =          1; f =          298.5571667
Norm of dx  0.0010598
Done for param sigma_xi =   2.6461; f = 298.5572
Predicted improvement:        0.000212946
lambda =          1; f =          298.5569536
Norm of dx 0.00086633
Done for param sigma_g =   0.8190; f = 298.5570
Predicted improvement:        0.001257694
lambda =          1; f =          298.5556912
Norm of dx 0.00086108
Done for param sigma_zm =   0.0781; f = 298.5557
Predicted improvement:        0.000021679
lambda =          1; f =          298.5556695
Norm of dx 0.00010886
Done for param sigma_gm =   0.1370; f = 298.5557
Sequence of univariate steps!!
Actual dxnorm 0.16409
FVAL          298.5557
Improvement   0.003571
Ftol          1e-05
Htol          1e-05
Elapsed time for iteration 0.51631 s.
 
Iteration 47
Correct for low angle: 0.00318422
Predicted improvement:       34.907793924
lambda =          1; f =      2653568.2297199
lambda =    0.33333; f =       294659.6632245
lambda =    0.11111; f =        32857.2358643
lambda =   0.037037; f =         3867.2962819
lambda =   0.012346; f =          679.2450681
lambda =  0.0041152; f =          336.0340603
lambda =  0.0013717; f =          301.5718055
lambda = 0.00045725; f =          298.8264777
lambda = 0.00015242; f =          298.5797088
lambda = 5.0805e-05; f =          298.5567760
lambda = 1.6935e-05; f =          298.5870445
lambda =  5.645e-06; f =          298.5588575
lambda = 1.8817e-06; f =          298.5559347
lambda = 6.2723e-07; f =          298.5556697
lambda = 2.0908e-07; f =          298.5556598
Norm of dx       2303
Correct for low angle: 0.000447513
Predicted improvement:        1.782742401
lambda =          1; f =        13043.3797307
lambda =    0.33333; f =         1670.8657488
lambda =    0.11111; f =          436.9038740
lambda =   0.037037; f =          309.6754674
lambda =   0.012346; f =          298.8317822
lambda =  0.0041152; f =          299.6669922
lambda =  0.0013717; f =          298.7170412
lambda = 0.00045725; f =          298.5780708
lambda = 0.00015242; f =          298.5582150
lambda = 5.0805e-05; f =          298.5558635
lambda = 1.6935e-05; f =          298.5556507
lambda =  5.645e-06; f =          298.5556480
Norm of dx     117.77
Predicted improvement:        0.000020558
lambda =          1; f =          298.5556274
Norm of dx    0.13732
Done for param phi = 143.1081; f = 298.5556
Predicted improvement:        0.000019877
lambda =          1; f =          298.5556075
Norm of dx 0.00034356
Done for param gamma_m =   0.6316; f = 298.5556
Predicted improvement:        0.000497980
lambda =          1; f =          298.5551095
Norm of dx  0.0016128
Done for param gamma_I =   0.1391; f = 298.5551
Predicted improvement:        0.000168658
lambda =          1; f =          298.5549407
Norm of dx 0.00039359
Done for param delta =   0.1969; f = 298.5549
Predicted improvement:        0.000104511
lambda =          1; f =          298.5548361
Norm of dx 8.7202e-05
Done for param rho_xi =   0.9121; f = 298.5548
Predicted improvement:        0.000855684
lambda =          1; f =          298.5539805
Norm of dx   0.001251
Done for param rho_g =   0.1069; f = 298.5540
Predicted improvement:        0.000034146
lambda =          1; f =          298.5539464
Norm of dx  0.0014082
Done for param rho_zm =   0.2648; f = 298.5539
Predicted improvement:        0.000017315
lambda =          1; f =          298.5539291
Norm of dx 0.00048264
Done for param rho_gm =   0.0693; f = 298.5539
Predicted improvement:        0.000025576
lambda =          1; f =          298.5539035
Norm of dx 0.00099015
Done for param sigma_xi =   2.6451; f = 298.5539
Predicted improvement:        0.000202966
lambda =          1; f =          298.5537004
Norm of dx 0.00084619
Done for param sigma_g =   0.8198; f = 298.5537
Predicted improvement:        0.001137354
lambda =          1; f =          298.5525588
Norm of dx  0.0008248
Done for param sigma_zm =   0.0773; f = 298.5526
Predicted improvement:        0.000025911
lambda =          1; f =          298.5525328
Norm of dx 0.00011906
Done for param sigma_gm =   0.1371; f = 298.5525
Sequence of univariate steps!!
Actual dxnorm 0.13759
FVAL          298.5525
Improvement   0.0031366
Ftol          1e-05
Htol          1e-05
Elapsed time for iteration 0.4899 s.
 
Iteration 48
Correct for low angle: 0.002
Predicted improvement:       55.722925894
lambda =          1; f =      6964645.6808710
lambda =    0.33333; f =       774078.5700725
lambda =    0.11111; f =        86262.5388338
lambda =   0.037037; f =         9846.5188809
lambda =   0.012346; f =         1358.2491199
lambda =  0.0041152; f =          415.9008546
lambda =  0.0013717; f =          311.4597649
lambda = 0.00045725; f =          299.9432904
lambda = 0.00015242; f =          298.6930458
lambda = 5.0805e-05; f =          298.5639176
lambda = 1.6935e-05; f =          298.5528327
lambda =  5.645e-06; f =          298.5634194
lambda = 1.8817e-06; f =          298.5536139
lambda = 6.2723e-07; f =          298.5526068
lambda = 2.0908e-07; f =          298.5525255
Norm of dx     3865.8
Predicted improvement:        0.045271463
lambda =          1; f =          298.5541341
lambda =    0.33333; f =          298.6119101
lambda =    0.11111; f =          298.5489240
Norm of dx     2.7155
Predicted improvement:        0.000019327
lambda =          1; f =          298.5489047
Norm of dx 6.6306e-05
Done for param stderr obs_r =   0.2142; f = 298.5489
Predicted improvement:        0.000029927
lambda =          1; f =          298.5488747
Norm of dx 9.3444e-05
Done for param stderr obs_di =   0.0394; f = 298.5489
Predicted improvement:        0.000278003
lambda =          1; f =          298.5485960
Norm of dx    0.49594
Done for param phi = 143.3031; f = 298.5486
Predicted improvement:        0.000011300
lambda =          1; f =          298.5485848
Norm of dx 0.00026068
Done for param alpha_y =   0.0862; f = 298.5486
Predicted improvement:        0.000078949
lambda =          1; f =          298.5485058
Norm of dx 0.00061831
Done for param gamma_I =   0.1249; f = 298.5485
Predicted improvement:        0.000012169
lambda =          1; f =          298.5484936
Norm of dx 0.00010509
Done for param delta =   0.1960; f = 298.5485
Predicted improvement:        0.000662008
lambda =          1; f =          298.5478293
Norm of dx 0.00021481
Done for param rho_xi =   0.9118; f = 298.5478
Predicted improvement:        0.000013509
lambda =          1; f =          298.5478157
Norm of dx   0.001125
Done for param rho_theta =   0.8807; f = 298.5478
Predicted improvement:        0.000952799
lambda =          1; f =          298.5468631
Norm of dx  0.0013077
Done for param rho_g =   0.1031; f = 298.5469
Predicted improvement:        0.000753527
lambda =          1; f =          298.5461135
Norm of dx   0.007064
Done for param rho_zm =   0.2615; f = 298.5461
Predicted improvement:        0.001089183
lambda =          1; f =          298.5450070
Norm of dx  0.0035023
Done for param rho_gm =   0.0607; f = 298.5450
Predicted improvement:        0.000193349
lambda =          1; f =          298.5448139
Norm of dx   0.002671
Done for param sigma_xi =   2.6369; f = 298.5448
Predicted improvement:        0.000010089
lambda =          1; f =          298.5448038
Norm of dx 0.00055148
Done for param sigma_z =   0.0151; f = 298.5448
Predicted improvement:        0.000194377
lambda =          1; f =          298.5446093
Norm of dx 0.00082849
Done for param sigma_g =   0.8231; f = 298.5446
Predicted improvement:        0.001940090
lambda =          1; f =          298.5426564
Norm of dx  0.0011358
Done for param sigma_zm =   0.0719; f = 298.5427
Predicted improvement:        0.000353102
lambda =          1; f =          298.5423042
Norm of dx 0.00044587
Done for param sigma_gm =   0.1388; f = 298.5423
Sequence of univariate steps!!
Actual dxnorm 0.19602
FVAL          298.5423
Improvement   0.010229
Ftol          1e-05
Htol          1e-05
Elapsed time for iteration 0.54024 s.
 
Iteration 49
Correct for low angle: 0.000386266
Predicted improvement:      292.504300810
lambda =          1; f =    147302138.0202702
lambda =    0.33333; f =     16366992.3173109
lambda =    0.11111; f =      1818761.5596593
lambda =   0.037037; f =       202331.0161336
lambda =   0.012346; f =        22740.7908916
lambda =  0.0041152; f =         2790.3394045
lambda =  0.0013717; f =          574.8138515
lambda = 0.00045725; f =          329.0413034
lambda = 0.00015242; f =          301.8655618
lambda = 5.0805e-05; f =          298.8901414
lambda = 1.6935e-05; f =          298.5742413
lambda =  5.645e-06; f =          298.5440420
lambda = 1.8817e-06; f =          298.5673729
lambda = 6.2723e-07; f =          298.5448661
lambda = 2.0908e-07; f =          298.5425082
lambda = 6.9692e-08; f =          298.5422997
lambda = 2.3231e-08; f =          298.5422946
lambda = 4.4909e-08; f =          298.5422930
Norm of dx      17390
Correct for low angle: 0.00100305
Predicted improvement:        0.343510698
lambda =          1; f =          298.5426902
lambda =    0.33333; f =          327.9798297
lambda =    0.11111; f =          301.5824612
lambda =   0.037037; f =          298.8433271
lambda =   0.012346; f =          298.5700238
lambda =  0.0041152; f =          298.5436771
lambda =  0.0013717; f =          298.5418877
Norm of dx     20.428
Predicted improvement:        0.000021468
lambda =          1; f =          298.5418662
Norm of dx 6.9858e-05
Done for param stderr obs_r =   0.2143; f = 298.5419
Predicted improvement:        0.000213015
lambda =          1; f =          298.5416527
Norm of dx    0.43312
Done for param phi = 143.7641; f = 298.5417
Predicted improvement:        0.000101477
lambda =          1; f =          298.5415511
Norm of dx  0.0025118
Done for param alpha_pi =   2.4420; f = 298.5416
Predicted improvement:        0.000015299
lambda =          1; f =          298.5415358
Norm of dx 0.00029705
Done for param gamma_m =   0.6323; f = 298.5415
Predicted improvement:        0.000103045
lambda =          1; f =          298.5414327
Norm of dx 0.00070531
Done for param gamma_I =   0.1243; f = 298.5414
Predicted improvement:        0.000053530
lambda =          1; f =          298.5413792
Norm of dx 0.00022018
Done for param delta =   0.1958; f = 298.5414
Predicted improvement:        0.000392908
lambda =          1; f =          298.5409852
Norm of dx 0.00016602
Done for param rho_xi =   0.9115; f = 298.5410
Predicted improvement:        0.000021309
lambda =          1; f =          298.5409640
Norm of dx  0.0014402
Done for param rho_z =   0.8802; f = 298.5410
Predicted improvement:        0.000887941
lambda =          1; f =          298.5400762
Norm of dx  0.0012624
Done for param rho_g =   0.1018; f = 298.5401
Predicted improvement:        0.000232592
lambda =          1; f =          298.5398444
Norm of dx  0.0039444
Done for param rho_zm =   0.2572; f = 298.5398
Predicted improvement:        0.000205036
lambda =          1; f =          298.5396380
Norm of dx  0.0015614
Done for param rho_gm =   0.0624; f = 298.5396
Predicted improvement:        0.000044170
lambda =          1; f =          298.5395939
Norm of dx  0.0012716
Done for param sigma_xi =   2.6356; f = 298.5396
Predicted improvement:        0.000305256
lambda =          1; f =          298.5392884
Norm of dx  0.0030567
Done for param sigma_z =   0.0154; f = 298.5393
Predicted improvement:        0.000305202
lambda =          1; f =          298.5389827
Norm of dx  0.0010381
Done for param sigma_g =   0.8241; f = 298.5390
Predicted improvement:        0.001183952
lambda =          1; f =          298.5377924
Norm of dx 0.00089324
Done for param sigma_zm =   0.0710; f = 298.5378
Predicted improvement:        0.000112374
lambda =          1; f =          298.5376801
Norm of dx 0.00025065
Done for param sigma_gm =   0.1385; f = 298.5377
Sequence of univariate steps!!
Actual dxnorm 0.46104
FVAL          298.5377
Improvement   0.004624
Ftol          1e-05
Htol          1e-05
Elapsed time for iteration 0.64499 s.
 
Iteration 50
Correct for low angle: 0.00046043
Predicted improvement:      249.012698174
lambda =          1; f =    228230816.4680754
lambda =    0.33333; f =     25354403.7416354
lambda =    0.11111; f =      2815808.5921883
lambda =   0.037037; f =       312596.3962704
lambda =   0.012346; f =        34820.4184789
lambda =  0.0041152; f =         4075.6450446
lambda =  0.0013717; f =          699.1242269
lambda = 0.00045725; f =          337.1427957
lambda = 0.00015242; f =          301.3184862
lambda = 5.0805e-05; f =          298.7304897
lambda = 1.6935e-05; f =          298.5542818
lambda =  5.645e-06; f =          298.5383268
lambda = 1.8817e-06; f =          298.5614514
lambda = 6.2723e-07; f =          298.5401127
lambda = 2.0908e-07; f =          298.5378808
lambda = 6.9692e-08; f =          298.5376793
lambda = 2.3231e-08; f =          298.5376723
Norm of dx      18969
Correct for low angle: 0.00276415
Predicted improvement:        6.846665739
lambda =          1; f =       219697.3562082
lambda =    0.33333; f =        24493.2454850
lambda =    0.11111; f =         2926.3335849
lambda =   0.037037; f =          570.8115366
lambda =   0.012346; f =          322.6814478
lambda =  0.0041152; f =          299.6428420
lambda =  0.0013717; f =          300.6486179
lambda = 0.00045725; f =          298.8092980
lambda = 0.00015242; f =          298.5775687
lambda = 5.0805e-05; f =          298.5425845
lambda = 1.6935e-05; f =          298.5381434
lambda =  5.645e-06; f =          298.5376873
lambda = 1.8817e-06; f =          298.5376610
Norm of dx     522.02
Predicted improvement:        0.000022424
lambda =          1; f =          298.5376386
Norm of dx  0.0011827
Done for param alpha_pi =   2.4432; f = 298.5376
Predicted improvement:        0.000083727
lambda =          1; f =          298.5375548
Norm of dx 0.00063433
Done for param gamma_I =   0.1236; f = 298.5376
Predicted improvement:        0.000125172
lambda =          1; f =          298.5374296
Norm of dx 0.00033635
Done for param delta =   0.1954; f = 298.5374
Predicted improvement:        0.000238426
lambda =          1; f =          298.5371906
Norm of dx 0.00012938
Done for param rho_xi =   0.9114; f = 298.5372
Predicted improvement:        0.000780343
lambda =          1; f =          298.5364105
Norm of dx  0.0011825
Done for param rho_g =   0.1006; f = 298.5364
Predicted improvement:        0.000106732
lambda =          1; f =          298.5363040
Norm of dx  0.0026892
Done for param rho_zm =   0.2545; f = 298.5363
Predicted improvement:        0.000058849
lambda =          1; f =          298.5362449
Norm of dx 0.00084527
Done for param rho_gm =   0.0632; f = 298.5362
Predicted improvement:        0.000015274
lambda =          1; f =          298.5362297
Norm of dx 0.00074566
Done for param sigma_xi =   2.6349; f = 298.5362
Predicted improvement:        0.000018002
lambda =          1; f =          298.5362117
Norm of dx 0.00098427
Done for param sigma_theta =   0.0271; f = 298.5362
Predicted improvement:        0.000243701
lambda =          1; f =          298.5359676
Norm of dx 0.00092817
Done for param sigma_g =   0.8250; f = 298.5360
Predicted improvement:        0.000891093
lambda =          1; f =          298.5350721
Norm of dx 0.00078079
Done for param sigma_zm =   0.0702; f = 298.5351
Predicted improvement:        0.000026054
lambda =          1; f =          298.5350461
Norm of dx 0.00012043
Done for param sigma_gm =   0.1384; f = 298.5350
Sequence of univariate steps!!
Actual dxnorm 0.0039382
FVAL          298.535
Improvement   0.002634
Ftol          1e-05
Htol          1e-05
Elapsed time for iteration 0.49191 s.
 
Iteration 51
Correct for low angle: 0.00187495
Predicted improvement:       61.585991012
lambda =          1; f =     18629562.1343610
lambda =    0.33333; f =      2068925.6133801
lambda =    0.11111; f =       229716.6147680
lambda =   0.037037; f =        25647.1995440
lambda =   0.012346; f =         3068.1385394
lambda =  0.0041152; f =          591.0885750
lambda =  0.0013717; f =          326.4389687
lambda = 0.00045725; f =          300.5595127
lambda = 0.00015242; f =          298.7108838
lambda = 5.0805e-05; f =          298.5517847
lambda = 1.6935e-05; f =          298.5361172
lambda =  5.645e-06; f =          298.5350464
lambda = 1.8817e-06; f =          298.5366038
lambda = 6.2723e-07; f =          298.5351669
lambda = 2.0908e-07; f =          298.5350423
lambda = 6.9692e-08; f =          298.5350400
lambda = 1.3473e-07; f =          298.5350386
Norm of dx     5562.7
Predicted improvement:        0.019897616
lambda =          1; f =          300.8456465
lambda =    0.33333; f =          298.7495072
lambda =    0.11111; f =          298.5558714
lambda =   0.037037; f =          298.5364738
lambda =   0.012346; f =          298.5349054
lambda =  0.0041152; f =          298.5349262
Norm of dx     0.3486
Predicted improvement:        0.000022083
lambda =          1; f =          298.5348833
Norm of dx 7.0819e-05
Done for param stderr obs_r =   0.2144; f = 298.5349
Predicted improvement:        0.000038457
lambda =          1; f =          298.5348448
Norm of dx    0.18323
Done for param phi = 143.9478; f = 298.5348
Predicted improvement:        0.000157992
lambda =          1; f =          298.5346868
Norm of dx 0.00086819
Done for param gamma_I =   0.1226; f = 298.5347
Predicted improvement:        0.000085356
lambda =          1; f =          298.5346014
Norm of dx 0.00027759
Done for param delta =   0.1951; f = 298.5346
Predicted improvement:        0.000157283
lambda =          1; f =          298.5344439
Norm of dx 0.00010509
Done for param rho_xi =   0.9112; f = 298.5344
Predicted improvement:        0.000021302
lambda =          1; f =          298.5344225
Norm of dx  0.0014394
Done for param rho_theta =   0.8817; f = 298.5344
Predicted improvement:        0.000697580
lambda =          1; f =          298.5337250
Norm of dx  0.0011174
Done for param rho_g =   0.0994; f = 298.5337
Predicted improvement:        0.000020982
lambda =          1; f =          298.5337041
Norm of dx  0.0012012
Done for param rho_zm =   0.2519; f = 298.5337
Predicted improvement:        0.000017391
lambda =          1; f =          298.5336866
Norm of dx 0.00046173
Done for param rho_gm =   0.0636; f = 298.5337
Predicted improvement:        0.000303517
lambda =          1; f =          298.5333829
Norm of dx  0.0040571
Done for param sigma_theta =   0.0274; f = 298.5334
Predicted improvement:        0.000208248
lambda =          1; f =          298.5331743
Norm of dx 0.00085848
Done for param sigma_g =   0.8259; f = 298.5332
Predicted improvement:        0.000641224
lambda =          1; f =          298.5325303
Norm of dx 0.00066795
Done for param sigma_zm =   0.0694; f = 298.5325
Sequence of univariate steps!!
Actual dxnorm 0.18331
FVAL          298.5325
Improvement   0.0025158
Ftol          1e-05
Htol          1e-05
Elapsed time for iteration 0.4948 s.
 
Iteration 52
Correct for low angle: 0.000968569
Predicted improvement:      120.457311063
lambda =          1; f =     90116067.9006237
lambda =    0.33333; f =     10013023.9632709
lambda =    0.11111; f =      1112778.1837314
lambda =   0.037037; f =       123892.7920396
lambda =   0.012346; f =        14026.8180249
lambda =  0.0041152; f =         1822.4726046
lambda =  0.0013717; f =          467.3847645
lambda = 0.00045725; f =          317.1361865
lambda = 0.00015242; f =          300.5474793
lambda = 5.0805e-05; f =          298.7394826
lambda = 1.6935e-05; f =          298.5503251
lambda =  5.645e-06; f =          298.5332180
lambda = 1.8817e-06; f =          298.5489459
lambda = 6.2723e-07; f =          298.5342565
lambda = 2.0908e-07; f =          298.5326887
lambda = 6.9692e-08; f =          298.5325367
lambda = 2.3231e-08; f =          298.5325273
Norm of dx      13687
Correct for low angle: 0.00435698
Predicted improvement:        2.040625724
lambda =          1; f =        26168.3719438
lambda =    0.33333; f =         3110.2556580
lambda =    0.11111; f =          590.5105237
lambda =   0.037037; f =          324.6234872
lambda =   0.012346; f =          299.7752793
lambda =  0.0041152; f =          300.7872532
lambda =  0.0013717; f =          298.8151213
lambda = 0.00045725; f =          298.5745636
lambda = 0.00015242; f =          298.5376961
lambda = 5.0805e-05; f =          298.5330004
lambda = 1.6935e-05; f =          298.5325318
lambda =  5.645e-06; f =          298.5325112
lambda = 1.0913e-05; f =          298.5325121
Norm of dx     232.41
Predicted improvement:        0.000037132
lambda =          1; f =          298.5324740
Norm of dx    0.17972
Done for param phi = 144.1284; f = 298.5325
Predicted improvement:        0.000171430
lambda =          1; f =          298.5323026
Norm of dx 0.00090174
Done for param gamma_I =   0.1217; f = 298.5323
Predicted improvement:        0.000071098
lambda =          1; f =          298.5322314
Norm of dx 0.00025322
Done for param delta =   0.1948; f = 298.5322
Predicted improvement:        0.000069523
lambda =          1; f =          298.5321618
Norm of dx 6.9852e-05
Done for param rho_xi =   0.9111; f = 298.5322
Predicted improvement:        0.000588475
lambda =          1; f =          298.5315734
Norm of dx  0.0010257
Done for param rho_g =   0.0983; f = 298.5316
Predicted improvement:        0.000033855
lambda =          1; f =          298.5315396
Norm of dx  0.0015363
Done for param rho_zm =   0.2504; f = 298.5315
Predicted improvement:        0.000153481
lambda =          1; f =          298.5313860
Norm of dx 0.00073757
Done for param sigma_g =   0.8267; f = 298.5314
Predicted improvement:        0.000570759
lambda =          1; f =          298.5308128
Norm of dx 0.00063404
Done for param sigma_zm =   0.0687; f = 298.5308
Sequence of univariate steps!!
Actual dxnorm 0.18068
FVAL          298.5308
Improvement   0.0017175
Ftol          1e-05
Htol          1e-05
Elapsed time for iteration 0.45638 s.
 
Iteration 53
Correct for low angle: 0.00152172
Predicted improvement:       76.648012551
lambda =          1; f =     43385445.9496486
lambda =    0.33333; f =      4820352.6642975
lambda =    0.11111; f =       535688.9591433
lambda =   0.037037; f =        59730.7575292
lambda =   0.012346; f =         6884.7228689
lambda =  0.0041152; f =         1025.4540692
lambda =  0.0013717; f =          378.5311876
lambda = 0.00045725; f =          307.3572064
lambda = 0.00015242; f =          299.4912459
lambda = 5.0805e-05; f =          298.6309097
lambda = 1.6935e-05; f =          298.5398699
lambda =  5.645e-06; f =          298.5312721
lambda = 1.8817e-06; f =          298.5382932
lambda = 6.2723e-07; f =          298.5315753
lambda = 2.0908e-07; f =          298.5308760
lambda = 6.9692e-08; f =          298.5308127
lambda = 2.3231e-08; f =          298.5308104
Norm of dx       9322
Predicted improvement:        0.007801083
lambda =          1; f =          298.5319473
lambda =    0.33333; f =          298.5275123
Norm of dx    0.54951
Predicted improvement:        0.000117353
lambda =          1; f =          298.5273949
Norm of dx 0.00016304
Done for param stderr obs_r =   0.2145; f = 298.5274
Predicted improvement:        0.000021717
lambda =          1; f =          298.5273732
Norm of dx     0.1364
Done for param phi = 144.4474; f = 298.5274
Predicted improvement:        0.000052729
lambda =          1; f =          298.5273204
Norm of dx  0.0018086
Done for param alpha_pi =   2.4456; f = 298.5273
Predicted improvement:        0.000117919
lambda =          1; f =          298.5272026
Norm of dx 0.00081763
Done for param gamma_m =   0.6332; f = 298.5272
Predicted improvement:        0.000149275
lambda =          1; f =          298.5270533
Norm of dx  0.0008332
Done for param gamma_I =   0.1193; f = 298.5271
Predicted improvement:        0.000057937
lambda =          1; f =          298.5269954
Norm of dx 0.00022814
Done for param delta =   0.1937; f = 298.5270
Predicted improvement:        0.000024567
lambda =          1; f =          298.5269708
Norm of dx 4.1395e-05
Done for param rho_xi =   0.9109; f = 298.5270
Predicted improvement:        0.000312870
lambda =          1; f =          298.5266579
Norm of dx 0.00074679
Done for param rho_g =   0.0947; f = 298.5267
Predicted improvement:        0.000626201
lambda =          1; f =          298.5260279
Norm of dx  0.0066869
Done for param rho_zm =   0.2423; f = 298.5260
Predicted improvement:        0.000018535
lambda =          1; f =          298.5260093
Norm of dx 0.00081191
Done for param sigma_xi =   2.6352; f = 298.5260
Predicted improvement:        0.000050819
lambda =          1; f =          298.5259585
Norm of dx 0.00042519
Done for param sigma_g =   0.8292; f = 298.5260
Predicted improvement:        0.000097324
lambda =          1; f =          298.5258610
Norm of dx 0.00026814
Done for param sigma_zm =   0.0664; f = 298.5259
Sequence of univariate steps!!
Actual dxnorm 0.31909
FVAL          298.5259
Improvement   0.0049518
Ftol          1e-05
Htol          1e-05
Elapsed time for iteration 0.46797 s.
 
Iteration 54
Correct for low angle: 0.0016896
Predicted improvement:       70.965452780
lambda =          1; f =    101768273.3257778
lambda =    0.33333; f =     11307376.1725496
lambda =    0.11111; f =      1256483.1486998
lambda =   0.037037; f =       139823.1448757
lambda =   0.012346; f =        15784.9605811
lambda =  0.0041152; f =         2014.2924716
lambda =  0.0013717; f =          487.9751335
lambda = 0.00045725; f =          319.3993080
lambda = 0.00015242; f =          300.7899983
lambda = 5.0805e-05; f =          298.7594958
lambda = 1.6935e-05; f =          298.5462839
lambda =  5.645e-06; f =          298.5267269
lambda = 1.8817e-06; f =          298.5445704
lambda = 6.2723e-07; f =          298.5278759
lambda = 2.0908e-07; f =          298.5260650
lambda = 6.9692e-08; f =          298.5258771
lambda = 2.3231e-08; f =          298.5258606
lambda = 7.7435e-09; f =          298.5258602
lambda =  1.497e-08; f =          298.5258601
Norm of dx      14468
Correct for low angle: 0.0044839
Predicted improvement:        0.012329864
lambda =          1; f =          298.6794833
lambda =    0.33333; f =          298.5335461
lambda =    0.11111; f =          298.5247918
Norm of dx     2.5169
Predicted improvement:        0.000320000
lambda =          1; f =          298.5244710
Norm of dx    0.51911
Done for param phi = 144.6870; f = 298.5245
Predicted improvement:        0.000054144
lambda =          1; f =          298.5244169
Norm of dx 0.00022033
Done for param delta =   0.1934; f = 298.5244
Predicted improvement:        0.000233926
lambda =          1; f =          298.5241830
Norm of dx 0.00064269
Done for param rho_g =   0.0936; f = 298.5242
Predicted improvement:        0.000391223
lambda =          1; f =          298.5237938
Norm of dx  0.0055138
Done for param rho_zm =   0.2412; f = 298.5238
Predicted improvement:        0.000072559
lambda =          1; f =          298.5237212
Norm of dx 0.00050779
Done for param sigma_g =   0.8302; f = 298.5237
Predicted improvement:        0.000368781
lambda =          1; f =          298.5233508
Norm of dx   0.000536
Done for param sigma_zm =   0.0640; f = 298.5234
Predicted improvement:        0.000033993
lambda =          1; f =          298.5233168
Norm of dx 0.00013723
Done for param sigma_gm =   0.1385; f = 298.5233
Sequence of univariate steps!!
Actual dxnorm 0.23979
FVAL          298.5233
Improvement   0.0025442
Ftol          1e-05
Htol          1e-05
Elapsed time for iteration 0.44904 s.
 
Iteration 55
Correct for low angle: 0.00220202
Predicted improvement:       54.186212376
lambda =          1; f =     46233690.0213479
lambda =    0.33333; f =      5136785.2373632
lambda =    0.11111; f =       570835.1276264
lambda =   0.037037; f =        63631.5480613
lambda =   0.012346; f =         7316.6134689
lambda =  0.0041152; f =         1072.9248922
lambda =  0.0013717; f =          383.6545632
lambda = 0.00045725; f =          307.9152089
lambda = 0.00015242; f =          299.5459410
lambda = 5.0805e-05; f =          298.6301098
lambda = 1.6935e-05; f =          298.5330466
lambda =  5.645e-06; f =          298.5238271
lambda = 1.8817e-06; f =          298.5313423
lambda = 6.2723e-07; f =          298.5241582
lambda = 2.0908e-07; f =          298.5233950
lambda = 6.9692e-08; f =          298.5233205
lambda = 2.3231e-08; f =          298.5233155
Norm of dx     9618.6
Predicted improvement:        0.002257050
lambda =          1; f =          298.5255853
lambda =    0.33333; f =          298.5225568
Norm of dx    0.22676
Predicted improvement:        0.000018176
lambda =          1; f =          298.5225387
Norm of dx 6.4194e-05
Done for param stderr obs_r =   0.2145; f = 298.5225
Predicted improvement:        0.000023728
lambda =          1; f =          298.5225150
Norm of dx  0.0012146
Done for param alpha_pi =   2.4469; f = 298.5225
Predicted improvement:        0.000015645
lambda =          1; f =          298.5224993
Norm of dx 0.00028574
Done for param alpha_y =   0.0865; f = 298.5225
Predicted improvement:        0.000107696
lambda =          1; f =          298.5223918
Norm of dx 0.00077735
Done for param gamma_m =   0.6327; f = 298.5224
Predicted improvement:        0.000035646
lambda =          1; f =          298.5223561
Norm of dx 4.9539e-05
Done for param rho_xi =   0.9106; f = 298.5224
Predicted improvement:        0.000073630
lambda =          1; f =          298.5222825
Norm of dx 0.00036064
Done for param rho_g =   0.0920; f = 298.5223
Predicted improvement:        0.000218704
lambda =          1; f =          298.5220629
Norm of dx  0.0040955
Done for param rho_zm =   0.2367; f = 298.5221
Predicted improvement:        0.000053101
lambda =          1; f =          298.5220100
Norm of dx 0.00080544
Done for param rho_gm =   0.0628; f = 298.5220
Predicted improvement:        0.000019544
lambda =          1; f =          298.5219904
Norm of dx 0.00082528
Done for param sigma_xi =   2.6311; f = 298.5220
Predicted improvement:        0.000055054
lambda =          1; f =          298.5219354
Norm of dx 0.00044254
Done for param sigma_g =   0.8311; f = 298.5219
Predicted improvement:        0.000070902
lambda =          1; f =          298.5218643
Norm of dx 0.00023716
Done for param sigma_zm =   0.0632; f = 298.5219
Sequence of univariate steps!!
Actual dxnorm 0.075273
FVAL          298.5219
Improvement   0.0014525
Ftol          1e-05
Htol          1e-05
Elapsed time for iteration 0.46035 s.
 
Iteration 56
Correct for low angle: 0.00249628
Predicted improvement:       48.690061839
lambda =          1; f =     98849675.9493515
lambda =    0.33333; f =     10983093.6285230
lambda =    0.11111; f =      1220453.7314051
lambda =   0.037037; f =       135820.5262320
lambda =   0.012346; f =        15340.2777247
lambda =  0.0041152; f =         1964.8778045
lambda =  0.0013717; f =          482.4803256
lambda = 0.00045725; f =          318.7871662
lambda = 0.00015242; f =          300.7192294
lambda = 5.0805e-05; f =          298.7483467
lambda = 1.6935e-05; f =          298.5415817
lambda =  5.645e-06; f =          298.5226818
lambda = 1.8817e-06; f =          298.5400581
lambda = 6.2723e-07; f =          298.5238416
lambda = 2.0908e-07; f =          298.5220704
lambda = 6.9692e-08; f =          298.5218827
lambda = 2.3231e-08; f =          298.5218649
lambda = 7.7435e-09; f =          298.5218639
Norm of dx      14269
Predicted improvement:        0.002086259
lambda =          1; f =          298.5264541
lambda =    0.33333; f =          298.5214428
Norm of dx   0.027222
Predicted improvement:        0.000063247
lambda =          1; f =          298.5213795
Norm of dx  0.0001197
Done for param stderr obs_r =   0.2146; f = 298.5214
Predicted improvement:        0.000049086
lambda =          1; f =          298.5213303
Norm of dx    0.20203
Done for param phi = 144.9641; f = 298.5213
Predicted improvement:        0.000073109
lambda =          1; f =          298.5212571
Norm of dx 0.00060701
Done for param alpha_y =   0.0854; f = 298.5213
Predicted improvement:        0.000027380
lambda =          1; f =          298.5212297
Norm of dx 0.00038925
Done for param gamma_m =   0.6338; f = 298.5212
Predicted improvement:        0.000111305
lambda =          1; f =          298.5211184
Norm of dx 0.00070391
Done for param gamma_I =   0.1126; f = 298.5211
Predicted improvement:        0.000088823
lambda =          1; f =          298.5210295
Norm of dx 0.00028115
Done for param delta =   0.1925; f = 298.5210
Predicted improvement:        0.000015310
lambda =          1; f =          298.5210142
Norm of dx 3.2491e-05
Done for param rho_xi =   0.9105; f = 298.5210
Predicted improvement:        0.000074448
lambda =          1; f =          298.5209398
Norm of dx 0.00036259
Done for param rho_g =   0.0898; f = 298.5209
Predicted improvement:        0.000297938
lambda =          1; f =          298.5206404
Norm of dx   0.004825
Done for param rho_zm =   0.2335; f = 298.5206
Predicted improvement:        0.000014312
lambda =          1; f =          298.5206261
Norm of dx 0.00070435
Done for param sigma_xi =   2.6313; f = 298.5206
Predicted improvement:        0.000019410
lambda =          1; f =          298.5206067
Norm of dx 0.00012562
Done for param sigma_zm =   0.0621; f = 298.5206
Sequence of univariate steps!!
Actual dxnorm 0.20211
FVAL          298.5206
Improvement   0.0012577
Ftol          1e-05
Htol          1e-05
Elapsed time for iteration 0.53878 s.
 
Iteration 57
Correct for low angle: 0.000318994
Predicted improvement:      391.818357169
lambda =          1; f =  16302801731.7683353
lambda =    0.33333; f =   1811420805.3288202
lambda =    0.11111; f =    201268620.0717767
lambda =   0.037037; f =     22363238.5459131
lambda =   0.012346; f =      2485001.5520252
lambda =  0.0041152; f =       276354.4874528
lambda =  0.0013717; f =        30964.5485010
lambda = 0.00045725; f =         3703.7121430
lambda = 0.00015242; f =          676.1684634
lambda = 5.0805e-05; f =          340.2464831
lambda = 1.6935e-05; f =          303.0789229
lambda =  5.645e-06; f =          299.0015621
lambda = 1.8817e-06; f =          298.5659780
lambda = 6.2723e-07; f =          298.5233985
lambda = 2.0908e-07; f =          298.5564397
lambda = 6.9692e-08; f =          298.5245609
lambda = 2.3231e-08; f =          298.5210345
lambda = 7.7435e-09; f =          298.5206502
lambda = 2.5812e-09; f =          298.5206101

lambda =

  -6.2723e-07

lambda = -6.2723e-07; f =          298.5247780
lambda = -2.0908e-07; f =          298.5207341
lambda = -6.9692e-08; f =          298.5246933
lambda = -2.3231e-08; f =          298.5210719
lambda = -7.7435e-09; f =          298.5206624
lambda = -2.5812e-09; f =          298.5206142
Norm of dx 1.8147e+05
Predicted improvement:        0.008919120
lambda =          1; f =          298.7261249
lambda =    0.33333; f =          298.5390818
lambda =    0.11111; f =          298.5213674
lambda =   0.037037; f =          298.5202525
Norm of dx     1.0549
Predicted improvement:        0.000024296
lambda =          1; f =          298.5202282
Norm of dx    0.14209
Done for param phi = 145.0674; f = 298.5202
Predicted improvement:        0.000012211
lambda =          1; f =          298.5202159
Norm of dx 0.00025962
Done for param gamma_m =   0.6336; f = 298.5202
Predicted improvement:        0.000076587
lambda =          1; f =          298.5201394
Norm of dx 0.00058133
Done for param gamma_I =   0.1100; f = 298.5201
Predicted improvement:        0.000024264
lambda =          1; f =          298.5201151
Norm of dx 0.00020666
Done for param rho_g =   0.0895; f = 298.5201
Predicted improvement:        0.000094772
lambda =          1; f =          298.5200206
Norm of dx  0.0027779
Done for param rho_zm =   0.2346; f = 298.5200
Predicted improvement:        0.000011175
lambda =          1; f =          298.5200094
Norm of dx 0.00062143
Done for param sigma_xi =   2.6298; f = 298.5200
Predicted improvement:        0.000123136
lambda =          1; f =          298.5198860
Norm of dx 0.00031926
Done for param sigma_zm =   0.0613; f = 298.5199
Predicted improvement:        0.000022761
lambda =          1; f =          298.5198632
Norm of dx 0.00011237
Done for param sigma_gm =   0.1387; f = 298.5199
Sequence of univariate steps!!
Actual dxnorm 0.10333
FVAL          298.5199
Improvement   0.00074347
Ftol          1e-05
Htol          1e-05
Elapsed time for iteration 0.48961 s.
 
Iteration 58
Correct for low angle: 0.00018688
Predicted improvement:      665.838615583
lambda =          1; f =  16877488591.9325218
lambda =    0.33333; f =   1875274833.8402078
lambda =    0.11111; f =    208363489.0994069
lambda =   0.037037; f =     23151549.1439516
lambda =   0.012346; f =      2572588.5985936
lambda =  0.0041152; f =       286085.3685866
lambda =  0.0013717; f =        32045.4213869
lambda = 0.00045725; f =         3823.7860133
lambda = 0.00015242; f =          689.4973332
lambda = 5.0805e-05; f =          341.7226907
lambda = 1.6935e-05; f =          303.2409128
lambda =  5.645e-06; f =          299.0184426
lambda = 1.8817e-06; f =          298.5670403
lambda = 6.2723e-07; f =          298.5228048
lambda = 2.0908e-07; f =          298.5570349
lambda = 6.9692e-08; f =          298.5239377
lambda = 2.3231e-08; f =          298.5202958
lambda = 7.7435e-09; f =          298.5199044
lambda = 2.5812e-09; f =          298.5198655

lambda =

  -6.2723e-07

lambda = -6.2723e-07; f =          298.5242159
lambda = -2.0908e-07; f =          298.5200013
lambda = -6.9692e-08; f =          298.5241444
lambda = -2.3231e-08; f =          298.5203587
lambda = -7.7435e-09; f =          298.5199251
lambda = -2.5812e-09; f =          298.5198724
Norm of dx 1.8463e+05
Predicted improvement:        0.002238149
lambda =          1; f =          298.5243907
lambda =    0.33333; f =          298.5194207
lambda =    0.11111; f =          298.5194845
lambda =     0.2148; f =          298.5193416
Norm of dx    0.26723
Predicted improvement:        0.000046409
lambda =          1; f =          298.5192951
Norm of dx 0.00048062
Done for param alpha_y =   0.0858; f = 298.5193
Predicted improvement:        0.000062306
lambda =          1; f =          298.5192329
Norm of dx 0.00058687
Done for param gamma_m =   0.6329; f = 298.5192
Predicted improvement:        0.000042011
lambda =          1; f =          298.5191908
Norm of dx 0.00019303
Done for param delta =   0.1922; f = 298.5192
Predicted improvement:        0.000062946
lambda =          1; f =          298.5191279
Norm of dx 0.00033203
Done for param rho_g =   0.0893; f = 298.5191
Predicted improvement:        0.000049404
lambda =          1; f =          298.5190784
Norm of dx   0.002018
Done for param rho_zm =   0.2305; f = 298.5191
Predicted improvement:        0.000011878
lambda =          1; f =          298.5190665
Norm of dx 0.00037568
Done for param rho_gm =   0.0616; f = 298.5191
Predicted improvement:        0.000018281
lambda =          1; f =          298.5190482
Norm of dx  0.0002553
Done for param sigma_g =   0.8334; f = 298.5190
Predicted improvement:        0.000041253
lambda =          1; f =          298.5190069
Norm of dx 0.00018814
Done for param sigma_zm =   0.0599; f = 298.5190
Predicted improvement:        0.000010362
lambda =          1; f =          298.5189966
Norm of dx 7.5929e-05
Done for param sigma_gm =   0.1389; f = 298.5190
Sequence of univariate steps!!
Actual dxnorm 0.057222
FVAL          298.519
Improvement   0.00086662
Ftol          1e-05
Htol          1e-05
Elapsed time for iteration 0.46618 s.
 
Iteration 59
Correct for low angle: 0.000187787
Predicted improvement:      669.376842647
lambda =          1; f =  16680619630.4652233
lambda =    0.33333; f =   1853400520.8357427
lambda =    0.11111; f =    205933015.2236452
lambda =   0.037037; f =     22881498.2690266
lambda =   0.012346; f =      2542583.5082414
lambda =  0.0041152; f =       282751.6444821
lambda =  0.0013717; f =        31675.0628917
lambda = 0.00045725; f =         3782.6470390
lambda = 0.00015242; f =          684.9298138
lambda = 5.0805e-05; f =          341.2158207
lambda = 1.6935e-05; f =          303.1842910
lambda =  5.645e-06; f =          299.0115368
lambda = 1.8817e-06; f =          298.5655546
lambda = 6.2723e-07; f =          298.5218867
lambda = 2.0908e-07; f =          298.5557656
lambda = 6.9692e-08; f =          298.5230247
lambda = 2.3231e-08; f =          298.5194239
lambda = 7.7435e-09; f =          298.5190371
lambda = 2.5812e-09; f =          298.5189988

lambda =

  -6.2723e-07

lambda = -6.2723e-07; f =          298.5232867
lambda = -2.0908e-07; f =          298.5191310
lambda = -6.9692e-08; f =          298.5232308
lambda = -2.3231e-08; f =          298.5194870
lambda = -7.7435e-09; f =          298.5190580
lambda = -2.5812e-09; f =          298.5190057
Norm of dx 1.8355e+05
Predicted improvement:        0.001404992
lambda =          1; f =          298.5286310
lambda =    0.33333; f =          298.5193906
lambda =    0.11111; f =          298.5188306
Norm of dx   0.030873
Predicted improvement:        0.000047167
lambda =          1; f =          298.5187834
Norm of dx  0.0004524
Done for param gamma_I =   0.1067; f = 298.5188
Predicted improvement:        0.000018370
lambda =          1; f =          298.5187650
Norm of dx  0.0001276
Done for param delta =   0.1919; f = 298.5188
Predicted improvement:        0.000041943
lambda =          1; f =          298.5187231
Norm of dx 0.00027088
Done for param rho_g =   0.0887; f = 298.5187
Predicted improvement:        0.000033343
lambda =          1; f =          298.5186897
Norm of dx  0.0016663
Done for param rho_zm =   0.2291; f = 298.5187
Predicted improvement:        0.000025408
lambda =          1; f =          298.5186642
Norm of dx 0.00014857
Done for param sigma_zm =   0.0594; f = 298.5187
Sequence of univariate steps!!
Actual dxnorm 0.0022202
FVAL          298.5187
Improvement   0.00033233
Ftol          1e-05
Htol          1e-05
Elapsed time for iteration 0.49491 s.
 
Iteration 60
Correct for low angle: 0.00017062
Predicted improvement:      740.354640096
lambda =          1; f =  16809282270.3568802
lambda =    0.33333; f =   1867696360.5608380
lambda =    0.11111; f =    207521438.8089952
lambda =   0.037037; f =     23057988.7411068
lambda =   0.012346; f =      2562193.2181792
lambda =  0.0041152; f =       284930.3945961
lambda =  0.0013717; f =        31917.1125564
lambda = 0.00045725; f =         3809.5338617
lambda = 0.00015242; f =          687.9141976
lambda = 5.0805e-05; f =          341.5462059
lambda = 1.6935e-05; f =          303.2203992
lambda =  5.645e-06; f =          299.0151515
lambda = 1.8817e-06; f =          298.5656268
lambda = 6.2723e-07; f =          298.5215880
lambda = 2.0908e-07; f =          298.5556695
lambda = 6.9692e-08; f =          298.5227122
lambda = 2.3231e-08; f =          298.5190916
lambda = 7.7435e-09; f =          298.5187041
lambda = 2.5812e-09; f =          298.5186661

lambda =

  -6.2723e-07

lambda = -6.2723e-07; f =          298.5229951
lambda = -2.0908e-07; f =          298.5188011
lambda = -6.9692e-08; f =          298.5229387
lambda = -2.3231e-08; f =          298.5191613
lambda = -7.7435e-09; f =          298.5187271
lambda = -2.5812e-09; f =          298.5186738
Norm of dx 1.8425e+05
Predicted improvement:        0.000489529
lambda =          1; f =          298.5180693
Norm of dx  0.0049024
Predicted improvement:        0.000021412
lambda =          1; f =          298.5180479
Norm of dx 6.9639e-05
Done for param stderr obs_r =   0.2147; f = 298.5180
Predicted improvement:        0.000020937
lambda =          1; f =          298.5180269
Norm of dx  0.0011342
Done for param alpha_pi =   2.4502; f = 298.5180
Predicted improvement:        0.000088513
lambda =          1; f =          298.5179382
Norm of dx 0.00065709
Done for param alpha_y =   0.0866; f = 298.5179
Predicted improvement:        0.000014401
lambda =          1; f =          298.5179238
Norm of dx 3.1009e-05
Done for param rho_xi =   0.9105; f = 298.5179
Predicted improvement:        0.000083798
lambda =          1; f =          298.5178400
Norm of dx 0.00054578
Done for param sigma_g =   0.8342; f = 298.5178
Predicted improvement:        0.000028285
lambda =          1; f =          298.5178117
Norm of dx 0.00016071
Done for param sigma_zm =   0.0575; f = 298.5178
Sequence of univariate steps!!
Actual dxnorm 0.0051609
FVAL          298.5178
Improvement   0.00085258
Ftol          1e-05
Htol          1e-05
Elapsed time for iteration 0.48812 s.
 
Iteration 61
Correct for low angle: 0.000307781
Predicted improvement:      413.350709360
lambda =          1; f =  17138799506.8749409
lambda =    0.33333; f =   1904309429.5376968
lambda =    0.11111; f =    211589572.7003302
lambda =   0.037037; f =     23510008.9397892
lambda =   0.012346; f =      2612419.7076361
lambda =  0.0041152; f =       290511.8251658
lambda =  0.0013717; f =        32537.5016528
lambda = 0.00045725; f =         3878.4385250
lambda = 0.00015242; f =          695.5617946
lambda = 5.0805e-05; f =          342.3928457
lambda = 1.6935e-05; f =          303.3129340
lambda =  5.645e-06; f =          299.0244158
lambda = 1.8817e-06; f =          298.5658119
lambda = 6.2723e-07; f =          298.5208219
lambda = 2.0908e-07; f =          298.5178117
lambda = 6.9692e-08; f =          298.5219617
lambda = 2.3231e-08; f =          298.5182605
lambda = 7.7435e-09; f =          298.5178573
lambda = 2.5812e-09; f =          298.5178153

lambda =

  -6.2723e-07

lambda = -6.2723e-07; f =          298.5222488
lambda = -2.0908e-07; f =          298.5179549
lambda = -6.9692e-08; f =          298.5220987
lambda = -2.3231e-08; f =          298.5182999
lambda = -7.7435e-09; f =          298.5178702
lambda = -2.5812e-09; f =          298.5178196
Norm of dx 1.8606e+05
Predicted improvement:        0.000010371
lambda =          1; f =          298.5177983
Norm of dx 0.00025952
Predicted improvement:        0.000023579
lambda =          1; f =          298.5177747
Norm of dx 0.00014448
Done for param delta =   0.1913; f = 298.5178
Predicted improvement:        0.000027181
lambda =          1; f =          298.5177476
Norm of dx  0.0015422
Done for param rho_zm =   0.2245; f = 298.5177
Predicted improvement:        0.000016905
lambda =          1; f =          298.5177306
Norm of dx 0.00012449
Done for param sigma_zm =   0.0573; f = 298.5177
Predicted improvement:        0.000021521
lambda =          1; f =          298.5177091
Norm of dx 0.00010959
Done for param sigma_gm =   0.1393; f = 298.5177
Sequence of univariate steps!!
Actual dxnorm 0.0015853
FVAL          298.5177
Improvement   0.00010255
Ftol          1e-05
Htol          1e-05
Elapsed time for iteration 0.42765 s.
 
Iteration 62
Correct for low angle: 0.000286132
Predicted improvement:      446.434952548
lambda =          1; f =  16902692014.7126808
lambda =    0.33333; f =   1878075230.6751244
lambda =    0.11111; f =    208674651.7620628
lambda =   0.037037; f =     23186125.4904766
lambda =   0.012346; f =      2576431.3150225
lambda =  0.0041152; f =       286512.6016004
lambda =  0.0013717; f =        32092.9552374
lambda = 0.00045725; f =         3829.0624974
lambda = 0.00015242; f =          690.0807013
lambda = 5.0805e-05; f =          341.7854154
lambda = 1.6935e-05; f =          303.2459077
lambda =  5.645e-06; f =          299.0170630
lambda = 1.8817e-06; f =          298.5649656
lambda = 6.2723e-07; f =          298.5206574
lambda = 2.0908e-07; f =          298.5549903
lambda = 6.9692e-08; f =          298.5218148
lambda = 2.3231e-08; f =          298.5181519
lambda = 7.7435e-09; f =          298.5177537
lambda = 2.5812e-09; f =          298.5177125

lambda =

  -6.2723e-07

lambda = -6.2723e-07; f =          298.5220707
lambda = -2.0908e-07; f =          298.5178478
lambda = -6.9692e-08; f =          298.5219593
lambda = -2.3231e-08; f =          298.5181944
lambda = -7.7435e-09; f =          298.5177676
lambda = -2.5812e-09; f =          298.5177172
Norm of dx 1.8477e+05
Predicted improvement:        0.000042697
lambda =          1; f =          298.5178364
lambda =    0.33333; f =          298.5177042
lambda =    0.11111; f =          298.5177023
lambda =     0.2148; f =          298.5177006
Norm of dx  0.0051422
Predicted improvement:        0.000018904
lambda =          1; f =          298.5176817
Norm of dx 0.00028405
Done for param gamma_I =   0.1032; f = 298.5177
Predicted improvement:        0.000019584
lambda =          1; f =          298.5176621
Norm of dx 0.00013416
Done for param sigma_zm =   0.0571; f = 298.5177
Sequence of univariate steps!!
Actual dxnorm 0.0011549
FVAL          298.5177
Improvement   4.7049e-05
Ftol          1e-05
Htol          1e-05
Elapsed time for iteration 0.4052 s.
 
Iteration 63
Correct for low angle: 0.000278297
Predicted improvement:      460.140040985
lambda =          1; f =  16720617038.2568531
lambda =    0.33333; f =   1857844690.7045214
lambda =    0.11111; f =    206426816.9832132
lambda =   0.037037; f =     22936367.0178843
lambda =   0.012346; f =      2548680.7389917
lambda =  0.0041152; f =       283429.3263390
lambda =  0.0013717; f =        31750.4104246
lambda = 0.00045725; f =         3791.0139482
lambda = 0.00015242; f =          685.8570292
lambda = 5.0805e-05; f =          341.3173726
lambda = 1.6935e-05; f =          303.1942931
lambda =  5.645e-06; f =          299.0114302
lambda = 1.8817e-06; f =          298.5643459
lambda = 6.2723e-07; f =          298.5205627
lambda = 2.0908e-07; f =          298.5545246
lambda = 6.9692e-08; f =          298.5217196
lambda = 2.3231e-08; f =          298.5180991
lambda = 7.7435e-09; f =          298.5177059
lambda = 2.5812e-09; f =          298.5176654

lambda =

  -6.2723e-07

lambda = -6.2723e-07; f =          298.5219658
lambda = -2.0908e-07; f =          298.5177973
lambda = -6.9692e-08; f =          298.5218674
lambda = -2.3231e-08; f =          298.5181428
lambda = -7.7435e-09; f =          298.5177202
lambda = -2.5812e-09; f =          298.5176701
Norm of dx 1.8377e+05
Predicted improvement:        0.000138435
lambda =          1; f =          298.5175425
Norm of dx   0.002429
Predicted improvement:        0.000010281
lambda =          1; f =          298.5175323
Norm of dx   0.091336
Done for param phi = 145.2157; f = 298.5175
Predicted improvement:        0.000037626
lambda =          1; f =          298.5174946
Norm of dx 0.00042741
Done for param alpha_y =   0.0872; f = 298.5175
Predicted improvement:        0.000013990
lambda =          1; f =          298.5174806
Norm of dx 0.00027604
Done for param gamma_m =   0.6333; f = 298.5175
Predicted improvement:        0.000020071
lambda =          1; f =          298.5174606
Norm of dx 3.6462e-05
Done for param rho_xi =   0.9104; f = 298.5175
Predicted improvement:        0.000026576
lambda =          1; f =          298.5174340
Norm of dx 0.00021433
Done for param rho_g =   0.0875; f = 298.5174
Predicted improvement:        0.000029471
lambda =          1; f =          298.5174045
Norm of dx  0.0016267
Done for param rho_zm =   0.2218; f = 298.5174
Predicted improvement:        0.000064998
lambda =          1; f =          298.5173395
Norm of dx 0.00048044
Done for param sigma_g =   0.8348; f = 298.5173
Predicted improvement:        0.000035809
lambda =          1; f =          298.5173037
Norm of dx 0.00018446
Done for param sigma_zm =   0.0559; f = 298.5173
Predicted improvement:        0.000021522
lambda =          1; f =          298.5172822
Norm of dx 0.00010967
Done for param sigma_gm =   0.1394; f = 298.5173
Sequence of univariate steps!!
Actual dxnorm 0.091388
FVAL          298.5173
Improvement   0.00037992
Ftol          1e-05
Htol          1e-05
Elapsed time for iteration 0.48314 s.
 
Iteration 64
Correct for low angle: 0.000370101
Predicted improvement:      347.460000806
lambda =          1; f =  16999193931.1012592
lambda =    0.33333; f =   1888797715.0477753
lambda =    0.11111; f =    209866053.6592242
lambda =   0.037037; f =     23318508.3756897
lambda =   0.012346; f =      2591142.1610254
lambda =  0.0041152; f =       288147.6866552
lambda =  0.0013717; f =        32274.8147577
lambda = 0.00045725; f =         3849.2554068
lambda = 0.00015242; f =          692.3205785
lambda = 5.0805e-05; f =          342.0332108
lambda = 1.6935e-05; f =          303.2728328
lambda =  5.645e-06; f =          299.0195991
lambda = 1.8817e-06; f =          298.5648425
lambda = 6.2723e-07; f =          298.5202557
lambda = 2.0908e-07; f =          298.5172822
lambda = 6.9692e-08; f =          298.5214138
lambda = 2.3231e-08; f =          298.5177310
lambda = 7.7435e-09; f =          298.5173284
lambda = 2.5812e-09; f =          298.5172861

lambda =

  -6.2723e-07

lambda = -6.2723e-07; f =          298.5216750
lambda = -2.0908e-07; f =          298.5174227
lambda = -6.9692e-08; f =          298.5215334
lambda = -2.3231e-08; f =          298.5177643
lambda = -7.7435e-09; f =          298.5173393
lambda = -2.5812e-09; f =          298.5172897
Norm of dx  1.853e+05
Predicted improvement:        0.000791194
lambda =          1; f =          298.5212163
lambda =    0.33333; f =          298.5173629
lambda =    0.11111; f =          298.5171738
Norm of dx    0.40455
Predicted improvement:        0.000029142
lambda =          1; f =          298.5171447
Norm of dx 0.00022441
Done for param rho_g =   0.0869; f = 298.5171
Predicted improvement:        0.000017685
lambda =          1; f =          298.5171269
Norm of dx  0.0012563
Done for param rho_zm =   0.2202; f = 298.5171
Predicted improvement:        0.000016429
lambda =          1; f =          298.5171105
Norm of dx 0.00024179
Done for param sigma_g =   0.8353; f = 298.5171
Sequence of univariate steps!!
Actual dxnorm 0.044892
FVAL          298.5171
Improvement   0.00017164
Ftol          1e-05
Htol          1e-05
Elapsed time for iteration 0.48679 s.
 
Iteration 65
Correct for low angle: 0.000288145
Predicted improvement:      447.910790152
lambda =          1; f =  16842042848.7281246
lambda =    0.33333; f =   1871336455.7718394
lambda =    0.11111; f =    207925904.2459873
lambda =   0.037037; f =     23102932.8207803
lambda =   0.012346; f =      2567188.1697939
lambda =  0.0041152; f =       285485.7845990
lambda =  0.0013717; f =        31978.9512053
lambda = 0.00045725; f =         3816.4017752
lambda = 0.00015242; f =          688.6742418
lambda = 5.0805e-05; f =          341.6290358
lambda = 1.6935e-05; f =          303.2281436
lambda =  5.645e-06; f =          299.0146049
lambda = 1.8817e-06; f =          298.5641764
lambda = 6.2723e-07; f =          298.5200429
lambda = 2.0908e-07; f =          298.5542545
lambda = 6.9692e-08; f =          298.5212030
lambda = 2.3231e-08; f =          298.5175519
lambda = 7.7435e-09; f =          298.5171549
lambda = 2.5812e-09; f =          298.5171139

lambda =

  -6.2723e-07

lambda = -6.2723e-07; f =          298.5214526
lambda = -2.0908e-07; f =          298.5172480
lambda = -6.9692e-08; f =          298.5213503
lambda = -2.3231e-08; f =          298.5175946
lambda = -7.7435e-09; f =          298.5171689
lambda = -2.5812e-09; f =          298.5171186
Norm of dx 1.8444e+05
Predicted improvement:        0.000012109
lambda =          1; f =          298.5170984
Norm of dx 0.00053349
Predicted improvement:        0.000020604
lambda =          1; f =          298.5170778
Norm of dx    0.12922
Done for param phi = 145.3898; f = 298.5171
Predicted improvement:        0.000017744
lambda =          1; f =          298.5170600
Norm of dx  0.0003109
Done for param gamma_m =   0.6336; f = 298.5171
Predicted improvement:        0.000017786
lambda =          1; f =          298.5170423
Norm of dx 3.4337e-05
Done for param rho_xi =   0.9103; f = 298.5170
Predicted improvement:        0.000012931
lambda =          1; f =          298.5170293
Norm of dx 0.00038607
Done for param rho_gm =   0.0600; f = 298.5170
Sequence of univariate steps!!
Actual dxnorm 0.12922
FVAL          298.517
Improvement   8.1178e-05
Ftol          1e-05
Htol          1e-05
Elapsed time for iteration 0.46708 s.
 
Iteration 66
Correct for low angle: 0.000507291
Predicted improvement:      254.209603192
lambda =          1; f =  17098652441.2594624
lambda =    0.33333; f =   1899848777.8435104
lambda =    0.11111; f =    211093992.9357863
lambda =   0.037037; f =     23454961.6346443
lambda =   0.012346; f =      2606309.4445164
lambda =  0.0041152; f =       289835.0366803
lambda =  0.0013717; f =        32462.6204724
lambda = 0.00045725; f =         3870.1122678
lambda = 0.00015242; f =          694.6343658
lambda = 5.0805e-05; f =          342.2892404
lambda = 1.6935e-05; f =          303.3008209
lambda =  5.645e-06; f =          299.0224059
lambda = 1.8817e-06; f =          298.5649036
lambda = 6.2723e-07; f =          298.5200291
lambda = 2.0908e-07; f =          298.5170293
lambda = 6.9692e-08; f =          298.5211722
lambda = 2.3231e-08; f =          298.5174829
lambda = 7.7435e-09; f =          298.5170771
lambda = 2.5812e-09; f =          298.5170338

lambda =

  -6.2723e-07

lambda = -6.2723e-07; f =          298.5214547
lambda = -2.0908e-07; f =          298.5171718
lambda = -6.9692e-08; f =          298.5212810
lambda = -2.3231e-08; f =          298.5175081
lambda = -7.7435e-09; f =          298.5170851
lambda = -2.5812e-09; f =          298.5170364
Norm of dx 1.8585e+05
Correct for low angle: 0.00378664
Predicted improvement:        0.000010139
lambda =          1; f =          298.5170372
lambda =    0.33333; f =          298.5170257
Norm of dx   0.029387
Predicted improvement:        0.000016332
lambda =          1; f =          298.5170094
Norm of dx    0.11512
Done for param phi = 145.5147; f = 298.5170
Predicted improvement:        0.000022939
lambda =          1; f =          298.5169865
Norm of dx 0.00019916
Done for param rho_g =   0.0866; f = 298.5170
Sequence of univariate steps!!
Actual dxnorm 0.12492
FVAL          298.517
Improvement   4.286e-05
Ftol          1e-05
Htol          1e-05
Elapsed time for iteration 0.44224 s.
 
Iteration 67
Correct for low angle: 0.000420756
Predicted improvement:      306.329483939
lambda =          1; f =  17188320145.8410530
lambda =    0.33333; f =   1909811782.0658474
lambda =    0.11111; f =    212200966.1432372
lambda =   0.037037; f =     23577948.2588393
lambda =   0.012346; f =      2619970.4981596
lambda =  0.0041152; f =       291351.4150575
lambda =  0.0013717; f =        32630.9376939
lambda = 0.00045725; f =         3888.8131814
lambda = 0.00015242; f =          696.7114577
lambda = 5.0805e-05; f =          342.5194501
lambda = 1.6935e-05; f =          303.3261513
lambda =  5.645e-06; f =          299.0251121
lambda = 1.8817e-06; f =          298.5651428
lambda = 6.2723e-07; f =          298.5200097
lambda = 2.0908e-07; f =          298.5169865
lambda = 6.9692e-08; f =          298.5211533
lambda = 2.3231e-08; f =          298.5174409
lambda = 7.7435e-09; f =          298.5170338
lambda = 2.5812e-09; f =          298.5169907

lambda =

  -6.2723e-07

lambda = -6.2723e-07; f =          298.5214401
lambda = -2.0908e-07; f =          298.5171306
lambda = -6.9692e-08; f =          298.5212713
lambda = -2.3231e-08; f =          298.5174707
lambda = -7.7435e-09; f =          298.5170434
lambda = -2.5812e-09; f =          298.5169939
Norm of dx 1.8634e+05
Predicted improvement:        0.000000526
lambda =          1; f =          298.5169855
lambda =     1.9332; f =          298.5169847
lambda =     3.7372; f =          298.5169834
lambda =     7.2247; f =          298.5169820
Norm of dx  0.0075094
Predicted improvement:        0.000012256
lambda =          1; f =          298.5169697
Norm of dx 0.00010388
Done for param delta =   0.1912; f = 298.5170
Sequence of univariate steps!!
Actual dxnorm 0.054253
FVAL          298.517
Improvement   1.6732e-05
Ftol          1e-05
Htol          1e-05
Elapsed time for iteration 0.43427 s.
 
Iteration 68
Correct for low angle: 0.000390907
Predicted improvement:      329.669243315
lambda =          1; f =  17214275318.3597679
lambda =    0.33333; f =   1912695637.7552698
lambda =    0.11111; f =    212521377.1685254
lambda =   0.037037; f =     23613543.6968991
lambda =   0.012346; f =      2623923.6005723
lambda =  0.0041152; f =       291789.9826355
lambda =  0.0013717; f =        32679.4887928
lambda = 0.00045725; f =         3894.2151013
lambda = 0.00015242; f =          697.3119830
lambda = 5.0805e-05; f =          342.5860209
lambda = 1.6935e-05; f =          303.3334724
lambda =  5.645e-06; f =          299.0258904
lambda = 1.8817e-06; f =          298.5652077
lambda = 6.2723e-07; f =          298.5199998
lambda = 2.0908e-07; f =          298.5169698
lambda = 6.9692e-08; f =          298.5211497
lambda = 2.3231e-08; f =          298.5174246
lambda = 7.7435e-09; f =          298.5170169
lambda = 2.5812e-09; f =          298.5169738

lambda =

  -6.2723e-07

lambda = -6.2723e-07; f =          298.5214317
lambda = -2.0908e-07; f =          298.5171144
lambda = -6.9692e-08; f =          298.5212668
lambda = -2.3231e-08; f =          298.5174564
lambda = -7.7435e-09; f =          298.5170272
lambda = -2.5812e-09; f =          298.5169773
Norm of dx 1.8648e+05
Predicted improvement:        0.000000000
lambda =          1; f =          298.5169697
lambda =     1.9332; f =          298.5169697
lambda =     1.3017; f =          298.5169697
lambda =     1.0267; f =          298.5169697
lambda =     1.1838; f =          298.5169697
Norm of dx 5.1589e-08
Sequence of univariate steps!!
Try diagonal Hessian
Predicted improvement:        0.025363603
lambda =          1; f =          305.9298994
lambda =    0.33333; f =          299.2002192
lambda =    0.11111; f =          298.5548242
lambda =   0.037037; f =          298.8427169
lambda =   0.012346; f =          298.5319388
lambda =  0.0041152; f =          298.5182686
lambda =  0.0013717; f =          298.5170603
lambda = 0.00045725; f =          298.5169638
lambda = 0.00015242; f =          298.5169638
lambda = 0.00029465; f =          298.5169619
Norm of dx     2.8523
Try gradient direction
Predicted improvement:        0.000025004
lambda =          1; f =          298.5169613
lambda =    0.33333; f =          298.5169507
Norm of dx 7.0716e-05
Gradient direction successful
Actual dxnorm 0.00084134
FVAL          298.517
Improvement   1.9069e-05
Ftol          1e-05
Htol          1e-05
Elapsed time for iteration 0.48587 s.
 
Iteration 69
Predicted improvement:       25.233908489
lambda =          1; f =    323139897.6492750
lambda =    0.33333; f =     35904298.1327440
lambda =    0.11111; f =      3989498.8528901
lambda =   0.037037; f =       443499.1479915
lambda =   0.012346; f =        49528.8746752
lambda =  0.0041152; f =         5764.2964577
lambda =  0.0013717; f =          904.8084931
lambda = 0.00045725; f =          365.5848050
lambda = 0.00015242; f =          305.8700836
lambda = 5.0805e-05; f =          299.3014552
lambda = 1.6935e-05; f =          298.5937211
lambda =  5.645e-06; f =          298.5224551
lambda = 1.8817e-06; f =          298.5169938
lambda = 6.2723e-07; f =          298.5233455
lambda = 2.0908e-07; f =          298.5176544
lambda = 6.9692e-08; f =          298.5170265
lambda = 2.3231e-08; f =          298.5169583
lambda = 7.7435e-09; f =          298.5169513
lambda = 2.5812e-09; f =          298.5169507
Norm of dx      25495
Norm of dx          0
Sequence of univariate steps!!
Try diagonal Hessian
Predicted improvement:        0.000427482
lambda =          1; f =          298.6792557
lambda =    0.33333; f =          298.5402054
lambda =    0.11111; f =          298.5198285
lambda =   0.037037; f =          298.5172655
lambda =   0.012346; f =          298.5169790
lambda =  0.0041152; f =          298.5169514
lambda =  0.0013717; f =          298.5169499
Norm of dx    0.15569
Try gradient direction
Predicted improvement:        0.000007553
lambda =          1; f =          298.5169384
lambda =     1.9332; f =          298.5169341
Norm of dx 3.8867e-05
Gradient direction successful
Actual dxnorm 0.00023154
FVAL          298.5169
Improvement   1.6535e-05
Ftol          1e-05
Htol          1e-05
Elapsed time for iteration 0.56219 s.
 
Iteration 70
Correct for low angle: 0.00231848
Predicted improvement:       54.610868785
lambda =          1; f =   3542813990.1281366
lambda =    0.33333; f =    393642563.3804800
lambda =    0.11111; f =     43737098.8689618
lambda =   0.037037; f =      4859534.7988662
lambda =   0.012346; f =       540079.0474850
lambda =  0.0041152; f =        60230.4599108
lambda =  0.0013717; f =         6944.0222437
lambda = 0.00045725; f =         1033.1250979
lambda = 0.00015242; f =          379.3480942
lambda = 5.0805e-05; f =          307.4310762
lambda = 1.6935e-05; f =          299.4870374
lambda =  5.645e-06; f =          298.6180787
lambda = 1.8817e-06; f =          298.5260984
lambda = 6.2723e-07; f =          298.5174020
lambda = 2.0908e-07; f =          298.5245690
lambda = 6.9692e-08; f =          298.5177737
lambda = 2.3231e-08; f =          298.5170256
lambda = 7.7435e-09; f =          298.5169437
lambda = 2.5812e-09; f =          298.5169350

lambda =

  -6.2723e-07

lambda = -6.2723e-07; f =          298.5170366
lambda = -2.0908e-07; f =          298.5245309
lambda = -6.9692e-08; f =          298.5177857
lambda = -2.3231e-08; f =          298.5170305
lambda = -7.7435e-09; f =          298.5169454
lambda = -2.5812e-09; f =          298.5169356
Norm of dx      84180
Norm of dx          0
Sequence of univariate steps!!
Try diagonal Hessian
Predicted improvement:        0.000149752
lambda =          1; f =          298.5421684
lambda =    0.33333; f =          298.5197575
lambda =    0.11111; f =          298.5172308
lambda =   0.037037; f =          298.5169600
lambda =   0.012346; f =          298.5169346
lambda =  0.0041152; f =          298.5169334
Norm of dx   0.049152
Try gradient direction
Predicted improvement:        0.000003367
lambda =          1; f =          298.5169291
Norm of dx  2.595e-05
No further improvement is possible!
Actual dxnorm 0.00020453
FVAL          298.5169
Improvement   5.0818e-06
Ftol          1e-05
Htol          1e-05
Gradient norm  0.2595
Minimum Hessian eigenvalue 1.1411e-09
Maximum Hessian eigenvalue 278597.0385
No further improvement is possible! Estimation successful.

Final value of minus the log posterior (or likelihood):298.516929 

MODE CHECK

Fval obtained by the optimization routine: 298.516929

RESULTS FROM POSTERIOR ESTIMATION
parameters
              prior mean     mode    s.d.  prior pstdev

phi              50.0000 145.5690 32.1262   gamm 20.0000 
alpha_pi          1.5000   2.4501  0.2217   gamm 0.2500 
alpha_y           0.1250   0.0871  0.0942   gamm 0.1000 
gamma_m           0.5000   0.6335  0.0692   unif 0.2887 
gamma_I           0.5000   0.1009  0.2418   unif 0.2887 
delta             0.5000   0.1912  0.0455   unif 0.2887 
rho_xi            0.7000   0.9103  0.0198   beta 0.2000 
rho_theta         0.7000   0.8808  0.2213   beta 0.2000 
rho_z             0.7000   0.8793  0.2203   beta 0.2000 
rho_g             0.3000   0.0865  0.0936   beta 0.2000 
rho_zm            0.3000   0.2207  0.4207   beta 0.2000 
rho_gm            0.3000   0.0600  0.1189   beta 0.2000 
sigma_xi          1.0000   2.6304  0.3943   norm 1.0000 
sigma_theta       1.0000   0.0272  0.1690   norm 1.0000 
sigma_z           1.0000   0.0155  0.1262   norm 1.0000 
sigma_g           1.0000   0.8355  0.0914   norm 1.0000 
sigma_zm          0.2500   0.0556  0.1553   norm 0.2500 
sigma_gm          0.2500   0.1394  0.0306   norm 0.2500 

standard deviation of measurement errors
              prior mean     mode    s.d.  prior pstdev

obs_dy            0.1943   0.1945  0.0559   norm 0.0561 
obs_r             0.1442   0.2147  0.0114   norm 0.0416 
obs_di            0.0485   0.0393  0.0124   norm 0.0140 


Log data density [Laplace approximation] is -329.324503.

Total computing time : 0h00m44s
Note: 1 warning(s) encountered in the preprocessor
Note: warning(s) encountered in MATLAB/Octave code
